-5.721337401,0.263207802,-9.87298937625,-2.148788,2.906145,-1.106602,0,0,0,0,0,0,1462170622912,0
-5.20195309335,0.49394611695,-10.3573643004,-1.813855,2.036032,-1.10675,0,0,0,0,0,0,1462170622922,10
-4.54460043375,0.60707447775,-10.7233741661,-1.526952,1.390226,-1.110699,0,0,0,0,0,0,1462170622932,20
-3.7889371104,0.69341134395,-11.018747452,-1.30527,0.987871,-1.124872,0,0,0,0,0,0,1462170622942,30
-3.0262424907,0.8599559826,-11.1817028934,-1.151638,0.75974,-1.137941,0,0,0,0,0,0,1462170622952,40
-2.24633737575,1.28747252985,-11.3118848446,-1.059498,0.697135,-1.121109,0,0,0,0,0,0,1462170622962,50
-1.55097452835,1.7655516489,-11.4028700156,-1.033266,0.820345,-1.087314,0,0,0,0,0,0,1462170622972,60
-1.06451080905,2.0741049381,-11.7361063911,-1.088319,0.999533,-1.032016,0,0,0,0,0,0,1462170622982,70
-0.8858452746,2.03235845475,-11.8472832484,-1.176255,1.14241,-0.9697,0,0,0,0,0,0,1462170622992,80
-0.8572689879,1.86237171705,-12.0286455842,-1.222521,1.255791,-0.929853,0,0,0,0,0,0,1462170623002,90
-0.9359763582,1.587484314,-11.9505364134,-1.184156,1.289743,-0.902793,0,0,0,0,0,0,1462170623012,100
-0.9169712643,1.50339314775,-11.7628880791,-1.059954,1.242964,-0.85548,0,0,0,0,0,0,1462170623022,110
-0.9391144542,1.58210051805,-11.5005824797,-0.894813,1.120733,-0.800361,0,0,0,0,0,0,1462170623032,120
-0.99013793385,1.74940026105,-11.0699278365,-0.605267,0.695284,-0.682755,0,0,0,0,0,0,1462170623052,140
-1.01408552895,1.7688466497,-10.9973495599,-0.484522,0.480411,-0.63065,0,0,0,0,0,0,1462170623062,150
-0.89631867,1.7348767605,-10.9089140921,-0.369338,0.294403,-0.601147,0,0,0,0,0,0,1462170623072,160
-0.67320985095,1.7588243556,-10.7728972436,-0.261698,0.121159,-0.574894,0,0,0,0,0,0,1462170623082,170
-0.4824234207,1.8123877317,-10.6451080905,-0.175383,-0.042691,-0.532556,0,0,0,0,0,0,1462170623092,180
-0.3083963844,1.90681500165,-10.5167207379,-0.099827,-0.167395,-0.465976,0,0,0,0,0,0,1462170623102,190
-0.14485255005,2.12213742,-10.4402590676,-0.051198,-0.223188,-0.379553,0,0,0,0,0,0,1462170623112,200
-0.04025588775,2.2162606869,-10.4627062605,-0.016773,-0.211988,-0.296828,0,0,0,0,0,0,1462170623122,210
0.1574147406,2.12108811915,-10.4739249537,0.009716,-0.119825,-0.235036,0,0,0,0,0,0,1462170623132,220
0.19168863285,2.00692026405,-10.4983138435,0.034796,0.008809,-0.216202,0,0,0,0,0,0,1462170623142,230
0.06673357275,1.88706460995,-10.3877351857,0.059768,0.133419,-0.229302,0,0,0,0,0,0,1462170623152,240
-0.0375590865,1.8988815027,-10.3198052139,0.090147,0.236827,-0.249713,0,0,0,0,0,0,1462170623162,250
-0.12824025435,1.94602158855,-10.0682672064,0.113417,0.280507,-0.250322,0,0,0,0,0,0,1462170623172,260
-0.1469413452,1.97414677395,-9.8114925012,0.120246,0.22281,-0.211477,0,0,0,0,0,0,1462170623182,270
-0.20171092695,2.1188424192,-9.543342198,0.127519,0.091551,-0.148505,0,0,0,0,0,0,1462170623192,280
-0.2241581199,2.30574545565,-9.4810902186,0.13924,-0.059005,-0.06301,0,0,0,0,0,0,1462170623202,290
-0.18300002955,2.2072778871,-9.52254250545,0.150705,-0.167969,0.007178,0,0,0,0,0,0,1462170623212,300
-0.1505305425,2.08652983695,-9.63117946635,0.147799,-0.199095,0.044795,0,0,0,0,0,0,1462170623222,310
-0.12869135565,2.0781452367,-9.7713837117,0.118899,-0.172659,0.054392,0,0,0,0,0,0,1462170623232,320
-0.0977124642,2.0543545464,-9.8581716792,0.077974,-0.089853,0.059307,0,0,0,0,0,0,1462170623242,330
-0.11253016125,1.98507127065,-9.85233678195,0.032709,0.004671,0.059887,0,0,0,0,0,0,1462170623252,340
-0.1526291442,2.0450775501,-9.81193379595,-0.008149,0.078921,0.071275,0,0,0,0,0,0,1462170623262,350
-0.17372303325,2.0741049381,-9.80146040055,-0.040305,0.114936,0.078681,0,0,0,0,0,0,1462170623272,360
-0.19078643025,1.9683118767,-9.85563178275,-0.055283,0.130777,0.088256,0,0,0,0,0,0,1462170623282,370
-0.22669801635,1.8915462033,-9.77976831195,-0.059497,0.132775,0.10426,0,0,0,0,0,0,1462170623292,380
-0.3727469655,1.96981227885,-9.780660708,-0.04123,0.117838,0.118095,0,0,0,0,0,0,1462170623302,390
-0.43933344,1.9395786852,-9.8756861775,-0.002777,0.104179,0.110427,0,0,0,0,0,0,1462170623312,400
-0.4179355479,1.9029218013,-9.85472958015,0.045439,0.042808,0.086066,0,0,0,0,0,0,1462170623332,420
-0.43618553745,2.01141166395,-9.8177686932,0.064811,0.018316,0.097848,0,0,0,0,0,0,1462170623342,430
-0.3871037547,2.04881384565,-9.8424615861,0.079824,0.010845,0.107379,0,0,0,0,0,0,1462170623352,440
-0.40282365435,2.0078126601,-9.89962396605,0.07465,0.033267,0.108088,0,0,0,0,0,0,1462170623362,450
-0.3556835685,2.00692026405,-9.98207743845,0.064431,0.103803,0.099709,0,0,0,0,0,0,1462170623372,460
-0.33413857815,1.91085530025,-10.0244221213,0.049107,0.206755,0.077074,0,0,0,0,0,0,1462170623382,470
-0.3226158819,1.82510682705,-10.0046717296,0.023547,0.295296,0.062016,0,0,0,0,0,0,1462170623392,480
-0.41045315025,1.86146951445,-9.91533405915,0.000551,0.352461,0.062104,0,0,0,0,0,0,1462170623402,490
-0.53105410215,1.9231232943,-9.8300464938,-0.007248,0.394389,0.068567,0,0,0,0,0,0,1462170623412,500
-0.5627782914,1.8076021353,-9.77408051295,-0.011616,0.412799,0.061304,0,0,0,0,0,0,1462170623422,510
-0.63580766925,1.7374264635,-9.7100339349,-0.021081,0.399149,0.049023,0,0,0,0,0,0,1462170623432,520
-0.7505737239,1.72784546415,-9.4765988187,-0.056381,0.289291,0.045548,0,0,0,0,0,0,1462170623452,540
-0.67320985095,1.70256417825,-9.5000953125,-0.060385,0.231856,0.043985,0,0,0,0,0,0,1462170623462,550
-0.49080802095,1.71692096745,-9.4541614323,-0.050722,0.210689,0.033441,0,0,0,0,0,0,1462170623472,560
-0.3568799676,1.87119761205,-9.5412435963,-0.044553,0.261748,0.035043,0,0,0,0,0,0,1462170623482,570
-0.2272962159,1.804012938,-9.59032537905,-0.055575,0.337221,0.036569,0,0,0,0,0,0,1462170623492,580
-0.24046641255,1.7664538515,-9.5678781861,-0.088056,0.431822,0.031708,0,0,0,0,0,0,1462170623502,590
-0.3678044643,1.77827074425,-9.48827841975,-0.130063,0.507272,0.023911,0,0,0,0,0,0,1462170623512,600
-0.4650658272,1.8767383128,-9.396243948,-0.17301,0.549799,0.008969,0,0,0,0,0,0,1462170623522,610
-0.56951539125,1.9193771922,-9.36616725915,-0.216862,0.551957,-0.01305,0,0,0,0,0,0,1462170623532,620
-0.528965307,1.89334080195,-9.40013714835,-0.257372,0.525398,-0.033766,0,0,0,0,0,0,1462170623542,630
-0.50487061365,1.9219268952,-9.3978914484,-0.284954,0.478622,-0.048011,0,0,0,0,0,0,1462170623552,640
-0.48557132325,1.9813349751,-9.46029052605,-0.289021,0.420246,-0.066616,0,0,0,0,0,0,1462170623562,650
-0.4025196513,1.9264182951,-9.4194462453,-0.273808,0.334381,-0.100054,0,0,0,0,0,0,1462170623572,660
-0.2596186047,1.93629349095,-9.45670132875,-0.246761,0.240997,-0.118604,0,0,0,0,0,0,1462170623582,670
-0.1554730437,2.0170896564,-9.55680659115,-0.214472,0.186815,-0.114118,0,0,0,0,0,0,1462170623592,680
-0.0306748884,2.0812833327,-9.60529017435,-0.194143,0.184671,-0.103618,0,0,0,0,0,0,1462170623602,690
0.13467335115,2.09160962985,-9.6667870494,-0.196324,0.201622,-0.09523,0,0,0,0,0,0,1462170623612,700
0.18704032815,2.1984519921,-9.69776594085,-0.212535,0.246232,-0.093373,0,0,0,0,0,0,1462170623622,710
0.2584222056,2.2044339876,-9.62878666815,-0.228881,0.312178,-0.100239,0,0,0,0,0,0,1462170623632,720
0.3794742588,2.17810340085,-9.49261291485,-0.23339,0.343181,-0.123935,0,0,0,0,0,0,1462170623642,730
0.3766303593,2.32998724725,-9.3664712622,-0.225886,0.31467,-0.149313,0,0,0,0,0,0,1462170623652,740
0.37573796325,2.5258534704,-9.28910738925,-0.216976,0.249696,-0.132799,0,0,0,0,0,0,1462170623662,750
0.4360384392,2.5150858785,-9.259932903,-0.210047,0.172837,-0.091646,0,0,0,0,0,0,1462170623672,760
0.47345042745,2.53827836925,-9.25917779865,-0.205281,0.105515,-0.046299,0,0,0,0,0,0,1462170623682,770
0.6067704747,2.5396218666,-9.31693837815,-0.192306,0.112628,0.004679,0,0,0,0,0,0,1462170623692,780
0.6799469508,2.29721375715,-9.4565542305,-0.176546,0.202755,0.049531,0,0,0,0,0,0,1462170623702,790
0.5318092065,2.35691603355,-9.36093056145,-0.211233,0.318569,0.051952,0,0,0,0,0,0,1462170623712,800
0.1942285293,2.596186047,-9.55231519125,-0.303424,0.399195,0.043479,0,0,0,0,0,0,1462170623722,810
0.0294784893,2.3394113418,-9.59197287945,-0.419904,0.400196,0.00505,0,0,0,0,0,0,1462170623732,820
-0.0965160651,2.31412024935,-9.5571105942,-0.495689,0.363096,-0.04297,0,0,0,0,0,0,1462170623742,830
-0.1336240503,2.41183271355,-9.5954149785,-0.486889,0.261772,-0.069656,0,0,0,0,0,0,1462170623752,840
-0.12255245535,2.33267424195,-9.72245883375,-0.443616,0.138515,-0.068886,0,0,0,0,0,0,1462170623762,850
-0.06957747225,2.2557614703,-9.7956255033,-0.36812,-0.020881,-0.058468,0,0,0,0,0,0,1462170623772,860
0.0204956895,2.30154825225,-9.74460202365,-0.272291,-0.187701,-0.042829,0,0,0,0,0,0,1462170623782,870
0.0936721656,2.37801972915,-9.7565758212,-0.16261,-0.350224,-0.027351,0,0,0,0,0,0,1462170623792,880
0.20769292245,2.42754280665,-9.789486603,-0.067007,-0.460746,-0.001577,0,0,0,0,0,0,1462170623802,890
0.4526507349,2.43681980295,-9.8900429667,0.001461,-0.46929,0.030945,0,0,0,0,0,0,1462170623812,900
0.67291565445,2.4492447018,-9.92835715755,0.022539,-0.393876,0.053507,0,0,0,0,0,0,1462170623822,910
0.7118182383,2.5388765688,-9.92984775315,0.004953,-0.280169,0.060062,0,0,0,0,0,0,1462170623832,920
0.63370906755,2.5700025585,-9.9247581537,-0.035209,-0.143028,0.052741,0,0,0,0,0,0,1462170623842,930
0.56353339575,2.53663086885,-9.9184819617,-0.091403,-0.006945,0.038109,0,0,0,0,0,0,1462170623852,940
0.44157913995,2.43817310685,-9.87134187585,-0.14106,0.098335,0.020509,0,0,0,0,0,0,1462170623862,950
0.2546761035,2.399858916,-9.80954099775,-0.171221,0.144099,0.00436,0,0,0,0,0,0,1462170623872,960
0.11521715595,2.39822122215,-9.71018103315,-0.178611,0.122842,-0.000707,0,0,0,0,0,0,1462170623882,970
0.06359547675,2.32100444745,-9.6865374411,-0.162289,0.061158,0.005054,0,0,0,0,0,0,1462170623892,980
0.0101791989,2.34883543635,-9.6570589518,-0.138265,-0.043104,0.018604,0,0,0,0,0,0,1462170623902,990
-0.04309978725,2.40255571725,-9.693578544,-0.107894,-0.135646,0.03199,0,0,0,0,0,0,1462170623912,1000
0.00224569995,2.4028597203,-9.85084618635,-0.077811,-0.179159,0.031067,0,0,0,0,0,0,1462170623922,1010
0.10235096235,2.3453933373,-10.0461142099,-0.050227,-0.156639,0.016762,0,0,0,0,0,0,1462170623932,1020
0.2111350215,2.36170162995,-10.165077468,-0.030362,-0.087293,-0.004305,0,0,0,0,0,0,1462170623942,1030
0.26231540595,2.35781823615,-10.2017343519,-0.018004,-0.007356,-0.022209,0,0,0,0,0,0,1462170623952,1040
0.29493199125,2.46121849935,-10.1825821597,-0.002397,0.071449,-0.029473,0,0,0,0,0,0,1462170623962,1050
0.27069019965,2.54665316295,-10.0573427097,0.003811,0.115056,-0.026735,0,0,0,0,0,0,1462170623972,1060
0.2204120178,2.6030702451,-9.8740386771,-0.000433,0.117108,-0.018191,0,0,0,0,0,0,1462170623982,1070
0.11566825725,2.64452253195,-9.72394942935,-0.011929,0.077617,-0.003869,0,0,0,0,0,0,1462170623992,1080
0.0073352994,2.64975922965,-9.6139689711,-0.029785,0.021158,0.001075,0,0,0,0,0,0,1462170624002,1090
-0.03696088695,2.62132023465,-9.5381055003,-0.042317,-0.041591,-0.004627,0,0,0,0,0,0,1462170624012,1100
-0.04413928155,2.58631085115,-9.54917709525,-0.042091,-0.098944,-0.015818,0,0,0,0,0,0,1462170624022,1110
-0.01466079225,2.590498248,-9.5880796791,-0.032271,-0.147813,-0.019712,0,0,0,0,0,0,1462170624032,1120
0.11237325645,2.61982963905,-9.6317776659,-0.006501,-0.172278,-0.009051,0,0,0,0,0,0,1462170624042,1130
0.2446538094,2.63718723255,-9.687890745,0.024434,-0.151074,0.012863,0,0,0,0,0,0,1462170624052,1140
0.32725438005,2.65933042245,-9.66305075385,0.046628,-0.096837,0.022823,0,0,0,0,0,0,1462170624062,1150
0.3431115714,2.67025491915,-9.6955202409,0.039859,-0.022377,0.018992,0,0,0,0,0,0,1462170624072,1160
0.29867809335,2.59872594345,-9.63671036055,0.006331,0.061639,0.006778,0,0,0,0,0,0,1462170624082,1170
0.23927001345,2.60696344545,-9.595709175,-0.03567,0.129697,-0.00841,0,0,0,0,0,0,1462170624092,1180
0.12329775315,2.67519742035,-9.5452838949,-0.075378,0.166892,-0.020134,0,0,0,0,0,0,1462170624102,1190
0.040402986,2.70332260575,-9.4697146206,-0.101977,0.141361,-0.030322,0,0,0,0,0,0,1462170624112,1200
-0.01391549445,2.6867201166,-9.41225804415,-0.112295,0.062656,-0.034829,0,0,0,0,0,0,1462170624122,1210
-0.0641936763,2.6948007138,-9.43769623485,-0.097898,-0.034212,-0.018066,0,0,0,0,0,0,1462170624132,1220
-0.0190050939,2.7681144816,-9.4948586148,-0.064309,-0.121503,0.0059,0,0,0,0,0,0,1462170624142,1230
0.0598591812,2.73923419185,-9.54872599395,-0.027745,-0.167248,0.021994,0,0,0,0,0,0,1462170624152,1240
0.16744684125,2.6874654144,-9.60289737615,0.0028,-0.165704,0.029278,0,0,0,0,0,0,1462170624162,1250
0.25811820255,2.71873850235,-9.71318183745,0.01394,-0.11529,0.030934,0,0,0,0,0,0,1462170624172,1260
0.28235999415,2.7423820944,-9.740257722,0.007855,-0.030878,0.024953,0,0,0,0,0,0,1462170624182,1270
0.25931460165,2.7600338844,-9.7803665115,-0.005751,0.061006,0.00617,0,0,0,0,0,0,1462170624192,1280
0.268895601,2.82812076105,-9.82091659575,-0.02246,0.136893,-0.012444,0,0,0,0,0,0,1462170624202,1290
0.22055911605,2.85550064865,-9.7350210243,-0.038922,0.175421,-0.017929,0,0,0,0,0,0,1462170624212,1300
0.1171686594,2.9026407345,-9.5892760782,-0.047571,0.153224,-0.012266,0,0,0,0,0,0,1462170624222,1310
0.04833648495,2.93989581795,-9.4145037441,-0.036707,0.071468,-0.003026,0,0,0,0,0,0,1462170624232,1320
-0.03890258385,2.9466329178,-9.28881319275,-0.022484,-0.039041,0.008578,0,0,0,0,0,0,1462170624242,1330
-0.0218489934,2.93601242415,-9.20561442255,-0.005006,-0.153836,0.024454,0,0,0,0,0,0,1462170624252,1340
0.0487777797,2.91700733025,-9.1985831262,0.002932,-0.231639,0.049622,0,0,0,0,0,0,1462170624262,1350
0.12255245535,2.85565755345,-9.22446261165,0.015933,-0.2541,0.072098,0,0,0,0,0,0,1462170624272,1360
0.20080872435,2.65574122515,-9.22446261165,0.043668,-0.251889,0.071836,0,0,0,0,0,0,1462170624282,1370
0.41239484715,2.8282678593,-9.01946649045,0.037795,-0.19412,0.051151,0,0,0,0,0,0,1462170624292,1380
0.3556835685,3.21702892095,-9.15787613715,-0.035156,-0.110331,0.054203,0,0,0,0,0,0,1462170624302,1390
0.35957676885,3.22301091645,-9.3450733701,-0.157369,0.011587,0.059462,0,0,0,0,0,0,1462170624312,1400
0.3449159766,3.0798058668,-9.5473824966,-0.257167,0.125125,0.056077,0,0,0,0,0,0,1462170624322,1410
0.2801142942,2.94005272275,-9.55321739385,-0.291786,0.175309,0.03997,0,0,0,0,0,0,1462170624332,1420
0.1922868324,2.8239333642,-9.4314102363,-0.257556,0.152065,0.032428,0,0,0,0,0,0,1462170624342,1430
0.1319765499,2.7576410862,-9.28955849055,-0.200573,0.07343,0.045453,0,0,0,0,0,0,1462170624352,1440
0.1183650585,2.8109102658,-9.26561089545,-0.148786,-0.020236,0.075715,0,0,0,0,0,0,1462170624362,1450
0.11611935855,2.9090738313,-9.2885091897,-0.125007,-0.097838,0.099715,0,0,0,0,0,0,1462170624372,1460
0.09995816415,2.9409451188,-9.4085217486,-0.123721,-0.140412,0.104363,0,0,0,0,0,0,1462170624382,1470
0.13512445245,2.9463387213,-9.5084701062,-0.133295,-0.152095,0.09816,0,0,0,0,0,0,1462170624392,1480
0.1280931561,3.0087279924,-9.58344118095,-0.144222,-0.134918,0.091738,0,0,0,0,0,0,1462170624402,1490
0.18839363205,3.00004919565,-9.57791028675,-0.153018,-0.106104,0.094781,0,0,0,0,0,0,1462170624412,1500
0.1946796306,2.9554588128,-9.6022991766,-0.162772,-0.071063,0.098803,0,0,0,0,0,0,1462170624422,1510
0.1856968308,2.98479020385,-9.53585980035,-0.162924,-0.033881,0.104853,0,0,0,0,0,0,1462170624432,1520
0.1628083431,2.9021896332,-9.48243371595,-0.16533,0.003439,0.109891,0,0,0,0,0,0,1462170624442,1530
0.13347695205,2.8671802497,-9.42124084395,-0.173011,0.031148,0.116127,0,0,0,0,0,0,1462170624452,1540
0.04623788325,2.90278783275,-9.41839694445,-0.179611,0.04617,0.109677,0,0,0,0,0,0,1462170624462,1550
-0.0242417916,3.00020610045,-9.4270757412,-0.18832,0.0453,0.091665,0,0,0,0,0,0,1462170624472,1560
-0.0900829683,3.09387826605,-9.4960550139,-0.206533,0.030498,0.082389,0,0,0,0,0,0,1462170624482,1570
-0.14081225145,3.12933875085,-9.56578939095,-0.21936,0.009295,0.076319,0,0,0,0,0,0,1462170624492,1580
-0.13541864895,3.16479923565,-9.6139689711,-0.224609,-0.028945,0.075671,0,0,0,0,0,0,1462170624502,1590
-0.1343693481,3.10913725785,-9.6235401639,-0.213825,-0.067163,0.078079,0,0,0,0,0,0,1462170624512,1600
-0.1036944597,3.06889117665,-9.57057498735,-0.185983,-0.101067,0.079234,0,0,0,0,0,0,1462170624522,1610
-0.0876901701,3.0347741892,-9.4924658166,-0.155948,-0.147713,0.078357,0,0,0,0,0,0,1462170624532,1620
-0.1146189564,3.0584079747,-9.3721590612,-0.123774,-0.19226,0.081703,0,0,0,0,0,0,1462170624542,1630
-0.0766087686,3.1472945433,0.002127,0.003952,0,0,0,0,0,0,1462171940563,43874
0.14200865055,-0.11162795865,10.2678795316,0.007111,0.005674,-0.003571,0,0,0,0,0,0,1462171940572,43883
0.1514327451,-0.11162795865,10.2970540179,-0.006317,0.002177,0.001503,0,0,0,0,0,0,1462171940582,43893
0.1426068501,-0.09262286475,10.2487273395,-0.003883,-0.003699,-0.002175,0,0,0,0,0,0,1462171940592,43903
0.1426068501,-0.09262286475,10.2487273395,-0.003909,-0.002544,0.001541,0,0,0,0,0,0,1462171940601,43912
0.15128564685,-0.1303290495,10.2680266299,0.001016,-0.002524,-0.005939,0,0,0,0,0,0,1462171940611,43922
0.14185174575,-0.1303290495,10.2487273395,0.004618,-0.004917,-0.002205,0,0,0,0,0,0,1462171940620,43931
0.1518838464,-0.12045385365,10.2198470498,0.002161,-0.001403,0.00274,0,0,0,0,0,0,1462171940630,43941
0.1336240503,-0.0739217739,10.2292711443,0.002151,-0.001411,0.003983,0,0,0,0,0,0,1462171940640,43951
0.16160213745,-0.09232866825,10.2779018257,-0.001374,0.008076,-0.004796,0,0,0,0,0,0,1462171940649,43960
0.16160213745,-0.09232866825,10.2779018257,0.002243,0.002172,-0.004753,0,0,0,0,0,0,1462171940659,43970
0.1614550392,-0.10160566455,10.2681737281,-0.00627,0.001036,-0.004698,0,0,0,0,0,0,1462171940668,43979
0.15248204595,-0.09232866825,10.2104131486,-0.013614,0.003381,0.002769,0,0,0,0,0,0,1462171940678,43989
0.1424499453,-0.10189986105,10.2487273395,0.0022,0.002143,0.000218,0,0,0,0,0,0,1462171940688,43999
0.1614550392,-0.1110297591,10.2394503432,0.007008,0.002082,0.006407,0,0,0,0,0,0,1462171940697,44008
0.1333298538,-0.08334586845,10.2389992419,0.00579,-0.004953,0.002759,0,0,0,0,0,0,1462171940707,44018
0.1333298538,-0.08334586845,10.2389992419,0.002179,-0.00022,0.001485,0,0,0,0,0,0,1462171940716,44027
0.13228055295,-0.13063305255,10.2485704347,0.01074,0.004471,-0.002335,0,0,0,0,0,0,1462171940726,44037
0.15157984335,-0.1114808604,10.2777547275,-0.003888,-0.000183,0.000273,0,0,0,0,0,0,1462171940736,44047
0.14304814485,-0.07361777085,10.2487273395,-0.00387,0.005696,0.001454,0,0,0,0,0,0,1462171940746,44057
0.16221014355,-0.0824534724,10.2105700534,-0.003833,0.004548,-0.003504,0,0,0,0,0,0,1462171940755,44066
0.16221014355,-0.0824534724,10.2105700534,0.002232,0.002164,-0.00351,0,0,0,0,0,0,1462171940765,44076
0.1614550392,-0.1110297591,10.2297222456,0.000989,-0.001369,-0.002224,0,0,0,0,0,0,1462171940774,44085
0.1421557488,-0.1207578567,10.2294182425,0.004619,-0.000224,0.00023,0,0,0,0,0,0,1462171940784,44095
0.16160213745,-0.10160566455,10.2586025354,-0.005092,-0.000171,-0.000964,0,0,0,0,0,0,1462171940793,44104
0.1426068501,-0.0831987702,10.2678795316,0.00341,0.000959,0.000224,0,0,0,0,0,0,1462171940803,44114
0.1231506549,-0.1024980606,10.2773036262,0.004615,0.003293,0.002679,0,0,0,0,0,0,1462171940813,44124
0.1518838464,-0.11133376215,10.2392934384,-0.012368,0.001049,-0.002183,0,0,0,0,0,0,1462171940822,44133
0.1518838464,-0.11133376215,10.2392934384,-0.002662,-0.000182,-0.000976,0,0,0,0,0,0,1462171940832,44143
0.1804601331,-0.1105786578,10.249325539,-0.002673,-0.002537,-0.000951,0,0,0,0,0,0,1462171940841,44152
0.13347695205,-0.0831987702,10.2195430467,-0.002651,0.002172,-0.001001,0,0,0,0,0,0,1462171940851,44162
0.1611608427,-0.12988775475,10.2394503432,-0.002656,0.000995,-0.000988,0,0,0,0,0,0,1462171940861,44172
0.16250434005,-0.063742575,10.2297222456,0.00466,0.010363,0.001362,0,0,0,0,0,0,1462171940870,44181
0.16250434005,-0.063742575,10.2297222456,-0.006286,0.002196,-0.002225,0,0,0,0,0,0,1462171940880,44191
0.13302585075,-0.09307396605,10.2581514341,0.007056,0.000941,0.000206,0,0,0,0,0,0,1462171940890,44201
0.12329775315,-0.0932210643,10.2773036262,0.003388,-0.001403,0.001491,0,0,0,0,0,0,1462171940899,44210
0.12374885445,-0.0742159704,10.2675755286,-0.005107,0.000992,0.001509,0,0,0,0,0,0,1462171940909,44220
0.1421557488,-0.1114808604,10.2487273395,-0.001451,0.000982,0.000248,0,0,0,0,0,0,1462171940918,44229
0.1424499453,-0.092769963,10.2678795316,0.002174,0.003297,0.003933,0,0,0,0,0,0,1462171940928,44239
0.1424499453,-0.092769963,10.2678795316,-0.002683,-0.002544,0.000291,0,0,0,0,0,0,1462171940938,44249
0.1614550392,-0.12015965715,10.2105700534,-0.00991,0.002229,-0.004693,0,0,0,0,0,0,1462171940947,44258
                                                                                                                                                                                                                                                                                                                                                                                                                                                                                                                                                                                                                                                                                                                                                                                                                                                                                                                                                                                                                                                                                                                                                                                                                                                                                                                                                                                                                                                                                                                                                                                                                                                                                                                                                                                                                                                                                                                                                                                                                                                                                                                                                                                                                                                                                                                                                                                                                                                                                                                                                                                                                                                                                                                                                                                                                                                                                                                                                                                                                                                                                                                                                                                                                                                                                                                                                                                                                                                                                                                                                                                                                                                                                                                                                                                                                                                                                                                                                                                                                                                                                                                                                                                        % Accelerometer data recorded with 'snsrlog'
% 
% Sampling frequency: 100 Hz
% 
% Label description:
% 	 0: Default Label
% 	 1: still_drop
% 	 2: walk_drop
% 	 3: other
% 	 4: dtw_same
% 	 5: dtw_diff
% 	 6: delete
% 
% Column description:
% 	 1: Seconds.milliseconds since 1970
% 	 2: Number of skipped measurements
% 	 3: Acceleration value in x-direction
% 	 4: Acceleration value in y-direction
% 	 5: Acceleration value in z-direction
% 	 6: Label used for the current sample
% 
% 
1462172178.820	 0	 0.777328	 0.187439	 -0.711273	 5
1462172178.830	 0	 0.777329	 0.187439	 -0.711273	 5
1462172178.839	 0	 0.770660	 0.177048	 -0.702545	 5
1462172178.849	 0	 0.773102	 0.154816	 -0.706467	 5
1462172178.859	 0	 0.784164	 0.138245	 -0.703384	 5
1462172178.868	 0	 0.814941	 0.110611	 -0.699051	 5
1462172178.878	 0	 0.814941	 0.110611	 -0.699051	 5
1462172178.887	 0	 0.863647	 0.072876	 -0.715057	 5
1462172178.897	 0	 0.911163	 0.044769	 -0.733002	 5
1462172178.907	 0	 0.935699	 -0.006790	 -0.735672	 5
1462172178.916	 0	 0.959442	 -0.016129	 -0.755936	 5
1462172178.926	 0	 0.998184	 -0.033585	 -0.804443	 5
1462172178.935	 0	 1.034668	 -0.034683	 -0.856903	 5
1462172178.945	 0	 1.034668	 -0.034683	 -0.856903	 5
1462172178.955	 0	 1.037827	 -0.038757	 -0.881393	 5
1462172178.964	 0	 1.072891	 -0.071487	 -0.914276	 5
1462172178.974	 0	 1.133240	 -0.138596	 -0.972351	 5
1462172178.984	 0	 1.184708	 -0.158310	 -1.020660	 5
1462172178.993	 0	 1.184708	 -0.158310	 -1.020660	 5
1462172179.003	 0	 1.230438	 -0.187424	 -1.054382	 5
1462172179.013	 0	 1.247330	 -0.204147	 -1.051208	 5
1462172179.022	 0	 1.260193	 -0.136810	 -1.004806	 5
1462172179.032	 0	 1.305313	 -0.059814	 -0.998154	 5
1462172179.041	 0	 1.295044	 -0.039322	 -0.991425	 5
1462172179.051	 0	 1.295044	 -0.039322	 -0.991425	 5
1462172179.060	 0	 1.249893	 -0.089966	 -0.931305	 5
1462172179.070	 0	 1.213867	 -0.145828	 -0.908356	 5
1462172179.080	 0	 1.187164	 -0.167450	 -0.925461	 5
1462172179.089	 0	 1.180786	 -0.161972	 -1.003082	 5
1462172179.099	 0	 1.204102	 -0.125488	 -1.101791	 5
1462172179.108	 0	 1.204102	 -0.125488	 -1.101791	 5
1462172179.118	 0	 1.227646	 -0.079010	 -1.126892	 5
1462172179.128	 0	 1.225967	 -0.103790	 -1.088684	 5
1462172179.137	 0	 1.186905	 -0.155701	 -1.060867	 5
1462172179.147	 0	 1.105713	 -0.208405	 -1.001282	 5
1462172179.157	 0	 1.059235	 -0.231293	 -0.977463	 5
1462172179.166	 0	 1.059235	 -0.231293	 -0.977463	 5
1462172179.176	 0	 1.026276	 -0.242096	 -0.974060	 5
1462172179.186	 0	 1.006790	 -0.152130	 -0.970306	 5
1462172179.195	 0	 1.021027	 -0.142654	 -0.943573	 5
1462172179.205	 0	 1.055023	 -0.153717	 -0.891068	 5
1462172179.214	 0	 1.055023	 -0.153717	 -0.891068	 5
1462172179.224	 0	 1.086670	 -0.189804	 -0.847488	 5
1462172179.233	 0	 1.126144	 -0.232681	 -0.785126	 5
1462172179.243	 0	 1.171097	 -0.257416	 -0.725616	 5
1462172179.253	 0	 1.204712	 -0.287857	 -0.699646	 5
1462172179.262	 0	 1.238449	 -0.270309	 -0.697174	 5
1462172179.272	 0	 1.238449	 -0.270309	 -0.697174	 5
1462172179.282	 0	 1.285156	 -0.165634	 -0.724808	 5
1462172179.291	 0	 1.288879	 -0.060898	 -0.743271	 5
1462172179.301	 0	 1.229279	 -0.021851	 -0.704849	 5
1462172179.310	 0	 1.175095	 -0.032516	 -0.594788	 5
1462172179.320	 0	 1.121231	 -0.064270	 -0.464127	 5
1462172179.330	 0	 1.121231	 -0.064270	 -0.464127	 5
1462172179.339	 0	 1.085846	 -0.090744	 -0.347900	 5
1462172179.349	 0	 1.072601	 -0.109894	 -0.207794	 5
1462172179.358	 0	 0.957474	 -0.080048	 -0.148605	 5
1462172179.368	 0	 0.900635	 -0.035233	 -0.107193	 5
1462172179.378	 0	 0.837280	 0.005692	 -0.095322	 5
1462172179.387	 0	 0.837280	 0.005692	 -0.095322	 5
1462172179.397	 0	 0.774338	 0.027390	 -0.083481	 5
1462172179.407	 0	 0.740356	 0.057144	 -0.060394	 5
1462172179.416	 0	 0.716629	 0.074951	 -0.065628	 5
1462172179.426	 0	 0.687973	 0.037277	 -0.034698	 5
1462172179.435	 0	 0.655731	 -0.040314	 0.071671	 5
1462172179.445	 0	 0.655731	 -0.040314	 0.071671	 5
1462172179.454	 0	 0.620102	 -0.035324	 0.132950	 5
1462172179.464	 0	 0.578674	 -0.019867	 0.151016	 5
1462172179.474	 0	 0.512863	 -0.005768	 0.177551	 5
1462172179.483	 0	 0.457626	 -0.034134	 0.215942	 5
1462172179.493	 0	 0.457626	 -0.034134	 0.215942	 5
1462172179.502	 0	 0.410721	 -0.077316	 0.223038	 5
1462172179.512	 0	 0.388992	 -0.006790	 0.185532	 5
1462172179.522	 0	 0.372543	 -0.019760	 0.208817	 5
1462172179.531	 0	 0.413177	 -0.076996	 0.288818	 5
1462172179.541	 0	 0.447021	 -0.177475	 0.355942	 5
1462172179.551	 0	 0.447021	 -0.177475	 0.355942	 5
1462172179.560	 0	 0.455322	 -0.303543	 0.392197	 5
1462172179.570	 0	 0.461655	 -0.409668	 0.371567	 5
1462172179.580	 0	 0.468918	 -0.467545	 0.210663	 5
1462172179.589	 0	 0.473770	 -0.414612	 0.056747	 5
1462172179.599	 0	 0.512756	 -0.385162	 -0.034866	 5
1462172179.608	 0	 0.512756	 -0.385162	 -0.034866	 5
1462172179.618	 0	 0.557007	 -0.381683	 -0.097000	 5
1462172179.627	 0	 0.579926	 -0.496719	 -0.094849	 5
1462172179.637	 0	 0.482773	 -0.609940	 -0.073853	 5
1462172179.647	 0	 0.430328	 -0.690170	 0.001816	 5
1462172179.656	 0	 0.375915	 -0.726028	 0.083389	 5
1462172179.666	 0	 0.375916	 -0.726028	 0.083389	 5
1462172179.675	 0	 0.378021	 -0.666763	 0.019714	 5
1462172179.685	 0	 0.564453	 -0.735931	 -0.076706	 5
1462172179.695	 0	 0.609970	 -0.745972	 -0.138870	 5
1462172179.705	 0	 0.607636	 -0.748260	 -0.214462	 5
1462172179.714	 0	 0.607636	 -0.748260	 -0.214462	 5
1462172179.724	 0	 0.587189	 -0.735535	 -0.255951	 5
1462172179.733	 0	 0.573624	 -0.732468	 -0.279709	 5
1462172179.743	 0	 0.588745	 -0.749283	 -0.299133	 5
1462172179.753	 0	 0.615646	 -0.796661	 -0.233047	 5
1462172179.762	 0	 0.614044	 -0.771545	 -0.223221	 5
1462172179.772	 0	 0.614044	 -0.771545	 -0.223221	 5
1462172179.781	 0	 0.596619	 -0.764618	 -0.259781	 5
1462172179.791	 0	 0.570267	 -0.740372	 -0.329819	 5
1462172179.801	 0	 0.565659	 -0.740478	 -0.367157	 5
1462172179.810	 0	 0.568649	 -0.775406	 -0.405441	 5
1462172179.820	 0	 0.567673	 -0.772552	 -0.416245	 5
1462172179.829	 0	 0.567673	 -0.772553	 -0.416245	 5
1462172179.839	 0	 0.557373	 -0.755798	 -0.386948	 5
1462172179.848	 0	 0.545135	 -0.776688	 -0.385193	 5
1462172179.858	 0	 0.544617	 -0.759247	 -0.367508	 5
1462172179.868	 0	 0.538483	 -0.753220	 -0.345032	 5
1462172179.877	 0	 0.539612	 -0.749573	 -0.376404	 5
1462172179.887	 0	 0.539612	 -0.749573	 -0.376404	 5
1462172179.897	 0	 0.527817	 -0.739792	 -0.394211	 5
1462172179.906	 0	 0.530075	 -0.754242	 -0.391266	 5
1462172179.916	 0	 0.528061	 -0.757004	 -0.374634	 5
1462172179.926	 0	 0.519424	 -0.764496	 -0.371811	 5
1462172179.935	 0	 0.530579	 -0.791580	 -0.353043	 5
1462172179.945	 0	 0.530579	 -0.791580	 -0.353043	 5
1462172179.954	 0	 0.535019	 -0.819550	 -0.344162	 5
1462172179.964	 0	 0.535797	 -0.811859	 -0.339233	 5
1462172179.974	 0	 0.516113	 -0.806534	 -0.328720	 5
1462172179.983	 0	 0.517059	 -0.799912	 -0.346359	 5
1462172179.993	 0	 0.508087	 -0.816391	 -0.403442	 5
1462172180.002	 0	 0.508087	 -0.816391	 -0.403442	 5
1462172180.012	 0	 0.508225	 -0.769379	 -0.429886	 5
1462172180.022	 0	 0.490570	 -0.721771	 -0.419281	 5
1462172180.031	 0	 0.481033	 -0.735916	 -0.407654	 5
1462172180.041	 0	 0.524872	 -0.775482	 -0.419830	 5
1462172180.050	 0	 0.548645	 -0.796173	 -0.411652	 5
1462172180.060	 0	 0.548645	 -0.796173	 -0.411652	 5
                                                                                                                                                                                                                                                                                                                                                                                                                                                                                                                                                                                                                                                                                                                                                                                                                                                                                  -0.0128661936,0.02438888985,9.7782679098,0.002654,0.000369,-0.000975,0,0,0,0,0,0,1461766141461,0
-0.0089827998,0.0213978921,9.7758751116,0.001597,0.000513,0.000129,0,0,0,0,0,0,1461766141471,10
-0.01436659575,0.03246948705,9.78784890915,0.000536,-0.000554,0.000148,0,0,0,0,0,0,1461766141481,20
-0.01032629715,0.02409469335,9.77153080995,-0.000532,-0.000557,0.000158,0,0,0,0,0,0,1461766141491,30
-0.01585719135,0.02274138945,9.74819122095,0.00053,0.00051,0.000138,0,0,0,0,0,0,1461766141501,40
-0.0007452978,0.0314201862,9.7407088233,-0.000527,-0.000565,0.001223,0,0,0,0,0,0,1461766141511,50
-0.0164553909,0.0254381907,9.72753862665,0.000535,0.000502,0.001204,0,0,0,0,0,0,1461766141521,60
-0.00748239765,0.0303806919,9.7730312121,0.000531,0.00051,0.000138,0,0,0,0,0,0,1461766141531,70
-0.00253989645,0.04145228685,9.7751298138,0.001603,0.000505,0.001195,0,0,0,0,0,0,1461766141541,80
-0.0109244967,0.03501919005,9.74789702445,0.000537,-0.000554,0.000148,0,0,0,0,0,0,1461766141551,90
-0.003138096,0.03366588615,9.760459215,-0.001588,-0.001633,0.001243,0,0,0,0,0,0,1461766141561,100
-0.00583489725,0.0234964938,9.7523786178,-0.00053,-0.000558,0.000158,0,0,0,0,0,0,1461766141571,110
-0.02034859125,0.03980478645,9.75552652035,0.000538,-0.000555,0.000148,0,0,0,0,0,0,1461766141581,120
-0.0181028913,0.03097889145,9.75837041985,-0.000534,0.000506,0.000148,0,0,0,0,0,0,1461766141591,130
-0.0169064922,0.0181028913,9.78261221145,0.000532,0.00051,0.000138,0,0,0,0,0,0,1461766141601,140
-0.02888028975,0.0415993851,9.76929491655,0.000541,-0.000533,0.001222,0,0,0,0,0,0,1461766141611,150
-0.00777659415,0.0371079852,9.7722859143,0.002666,0.000545,0.000128,0,0,0,0,0,0,1461766141621,160
-0.01601409615,0.03217529055,9.75701711595,0.00159,0.001613,-0.000938,0,0,0,0,0,0,1461766141631,170
-0.01436659575,0.02274138945,9.7682456157,0.000527,0.001602,0.000137,0,0,0,0,0,0,1461766141641,180
-0.0242417916,0.0342640857,9.7601650185,0.000532,0.000539,0.000147,0,0,0,0,0,0,1461766141651,190
-0.0073352994,0.0299295906,9.74175812415,0.000528,0.000547,-0.000919,0,0,0,0,0,0,1461766141661,200
-0.0009022026,0.01271909535,9.7466908188,0.0016,-0.000514,-0.000918,0,0,0,0,0,0,1461766141671,210
-0.02079969255,0.0142194975,9.7758751116,0.001593,0.001606,0.000128,0,0,0,0,0,0,1461766141681,220
-0.01226799405,0.0285762867,9.7701873126,-0.000536,0.000536,0.000156,0,0,0,0,0,0,1461766141691,230
0.008825895,0.0234964938,9.74385672585,0.001603,-0.000522,0.000147,0,0,0,0,0,0,1461766141701,240
-0.0073352994,0.0303806919,9.73277532435,0.000536,-0.000526,0.000157,0,0,0,0,0,0,1461766141711,250
-0.00703129635,0.03366588615,9.75940991415,0.001599,0.000541,0.000137,0,0,0,0,0,0,1461766141721,260
-0.0318712875,0.0314201862,9.74983872135,0.000532,-0.000518,-0.000909,0,0,0,0,0,0,1461766141731,270
0.0059819955,0.03725508345,9.7532808204,0.000542,-0.00159,0.000166,0,0,0,0,0,0,1461766141741,280
-0.0089827998,0.03411698745,9.75552652035,0.000537,-0.000526,0.000157,0,0,0,0,0,0,1461766141751,290
-0.0142194975,0.0302237871,9.76645101705,0.000537,-0.000526,0.000157,0,0,0,0,0,0,1461766141761,300
0.00583489725,0.02768389065,9.7435527228,0.001597,0.000552,0.000144,0,0,0,0,0,0,1461766141771,310
0.0040402986,0.02962558755,9.7440038241,0.000535,-0.000515,0.000163,0,0,0,0,0,0,1461766141781,320
-0.0124150923,0.03201838575,9.74893651875,-0.000537,0.000546,0.000162,0,0,0,0,0,0,1461766141791,330
-0.0152589918,0.02170189515,9.7483383192,0.000534,0.000541,0.001219,0,0,0,0,0,0,1461766141801,340
-0.01766159655,0.0297726858,9.7601650185,0.000544,-0.001586,0.001239,0,0,0,0,0,0,1461766141811,350
-0.0149647953,0.02842918845,9.75013291785,0.001597,0.000552,0.000144,0,0,0,0,0,0,1461766141821,360
0.005687799,0.0342640857,9.7609103163,0.001602,-0.000512,0.000154,0,0,0,0,0,0,1461766141831,370
-0.00463849815,0.0342640857,9.75717402075,0.000539,-0.000523,0.001229,0,0,0,0,0,0,1461766141841,380
-0.02917448625,0.0194561952,9.74864232225,0.00053,0.000549,0.000153,0,0,0,0,0,0,1461766141851,390
0.00344209905,0.0326165853,9.7375707273,0.000534,0.00054,0.001219,0,0,0,0,0,0,1461766141861,400
-0.0130230984,0.02199609165,9.7742276112,0.001602,-0.000512,0.000154,0,0,0,0,0,0,1461766141871,410
-0.0178086948,0.02797808715,9.7601650185,0.001597,0.000552,0.000144,0,0,0,0,0,0,1461766141881,420
-0.008825895,0.04145228685,9.7778168085,0.000539,0.000533,0.002285,0,0,0,0,0,0,1461766141891,430
-0.017063397,0.03486228525,9.75433012125,0.00053,0.000548,0.000153,0,0,0,0,0,0,1461766141901,440
-0.00434430165,0.0359115861,9.74085592155,0.000536,-0.000516,0.000163,0,0,0,0,0,0,1461766141911,450
0.0007452978,0.025889292,9.74250342195,0.001598,0.000551,0.000144,0,0,0,0,0,0,1461766141921,460
-0.0080805972,0.0299295906,9.7698931161,0.000522,0.000563,-0.001979,0,0,0,0,0,0,1461766141931,470
0.00179459865,0.0323223888,9.75866461635,0.000521,0.001623,-0.000918,0,0,0,0,0,0,1461766141941,480
0.00777659415,0.03292058835,9.7487894205,0.000531,-0.000505,-0.000899,0,0,0,0,0,0,1461766141951,490
-0.00867879675,0.02364359205,9.7658528175,0.001593,0.000562,-0.000918,0,0,0,0,0,0,1461766141961,500
0.0059819955,0.0182597961,9.74489622015,-0.000532,-0.000516,0.000176,0,0,0,0,0,0,1461766141971,510
0.0007452978,0.01750469175,9.74085592155,-0.001601,0.000536,0.001242,0,0,0,0,0,0,1461766141981,520
-0.01391549445,0.02678168805,9.73322642565,0.000525,0.000558,-0.000909,0,0,0,0,0,0,1461766141991,530
-0.0104733954,0.046090785,9.77049131565,-0.000532,-0.000517,0.000176,0,0,0,0,0,0,1461766142001,540
-0.0,0.0223000947,9.7407088233,-0.000528,-0.000525,0.001242,0,0,0,0,0,0,1461766142011,550
0.0040402986,0.020201493,9.75387901995,0.000539,-0.000522,0.001233,0,0,0,0,0,0,1461766142021,560
-0.00673709985,0.03172418925,9.73936532595,-0.000528,-0.000525,0.001242,0,0,0,0,0,0,1461766142031,570
-0.01197379755,0.03007668885,9.74505312495,-0.000538,0.000546,0.000167,0,0,0,0,0,0,1461766142041,580
0.0040402986,0.037853283,9.7273915284,0.000529,0.001605,0.001213,0,0,0,0,0,0,1461766142051,590
-0.0124150923,0.03082198665,9.7511822187,0.000535,-0.000515,0.000167,0,0,0,0,0,0,1461766142061,600
-0.00554070075,0.0408540873,9.7375707273,0.000535,-0.000515,0.000167,0,0,0,0,0,0,1461766142071,610
0.00389320035,0.0366568839,9.76674521355,0.000545,-0.001587,0.001243,0,0,0,0,0,0,1461766142081,620
-0.00014709825,0.01960329345,9.7754240103,0.00053,0.000549,0.000159,0,0,0,0,0,0,1461766142091,630
-0.00554070075,0.0282820902,9.7556736186,0.001597,0.000552,0.00015,0,0,0,0,0,0,1461766142101,640
0.0016475004,0.0477382854,9.74220922545,0.001593,0.00056,-0.000916,0,0,0,0,0,0,1461766142111,650
-0.0230453925,0.02125079385,9.7673434131,0.000535,-0.000514,0.000169,0,0,0,0,0,0,1461766142121,660
0.0059819955,0.0444432846,9.7395124242,0.000531,0.000549,0.000159,0,0,0,0,0,0,1461766142131,670
-0.01466079225,0.03217529055,9.7504369209,-0.000511,-0.004773,0.000218,0,0,0,0,0,0,1461766142141,680
-0.0230453925,0.04055008425,9.7697362113,-0.000507,-0.00478,0.001284,0,0,0,0,0,0,1461766142151,690
-0.00554070075,0.03337168965,9.7378649238,0.000551,-0.003706,0.000199,0,0,0,0,0,0,1461766142161,700
0.0047855964,0.0326165853,9.7552225173,0.001599,-0.000504,-0.000906,0,0,0,0,0,0,1461766142171,710
-0.0080805972,0.02438888985,9.7633031145,0.001593,0.001616,0.00014,0,0,0,0,0,0,1461766142181,720
-0.0273798876,0.0223000947,9.74579842275,0.001598,0.000552,0.00015,0,0,0,0,0,0,1461766142191,730
-0.02199609165,0.0282820902,9.757321119,0.000531,0.00055,0.000159,0,0,0,0,0,0,1461766142201,740
-0.0206525943,0.03531338655,9.75058401915,-0.000532,0.000539,0.001235,0,0,0,0,0,0,1461766142211,750
-0.0073352994,0.0218489934,9.7354721256,0.00051,0.004805,0.00012,0,0,0,0,0,0,1461766142221,760
-0.014513694,0.0306748884,9.75821351505,0.00051,0.004805,0.00012,0,0,0,0,0,0,1461766142231,770
-0.00658019505,0.020201493,9.78529920615,-0.000542,0.00161,0.000159,0,0,0,0,0,0,1461766142241,780
0.00658019505,0.02603639025,9.73816892685,0.000523,0.001603,-0.000915,0,0,0,0,0,0,1461766142251,790
-0.0104733954,0.03741198825,9.75791931855,0.000532,0.000531,0.00016,0,0,0,0,0,0,1461766142261,800
-0.00777659415,0.0261834885,9.7613614176,0.000528,0.000539,-0.000906,0,0,0,0,0,0,1461766142271,810
0.0040402986,0.02079969255,9.75866461635,0.000532,0.000531,0.00016,0,0,0,0,0,0,1461766142281,820
-0.017063397,0.01960329345,9.7492405218,0.000536,0.000523,0.001226,0,0,0,0,0,0,1461766142291,830
-0.00942409455,0.0237906903,9.76031211675,0.001599,0.000534,0.000151,0,0,0,0,0,0,1461766142301,840
0.00389320035,0.01675939395,9.7416110259,0.001608,-0.000538,0.001227,0,0,0,0,0,0,1461766142311,850
-0.00434430165,0.0242417916,9.74699482185,-0.000535,-0.000529,-0.000886,0,0,0,0,0,0,1461766142321,860
0.0068841981,0.0447374811,9.7730312121,0.001604,-0.000531,0.000161,0,0,0,0,0,0,1461766142331,870
-0.0164553909,0.03650978565,9.7487894205,0.000537,-0.000534,0.00017,0,0,0,0,0,0,1461766142341,880
-0.0049425012,0.01766159655,9.75940991415,0.001603,0.000525,0.001217,0,0,0,0,0,0,1461766142351,890
-0.01197379755,0.0318712875,9.7440038241,-0.000536,0.000527,0.00017,0,0,0,0,0,0,1461766142361,900
-0.0213978921,0.0504252801,9.7561247199,-0.00053,-0.000537,0.000179,0,0,0,0,0,0,1461766142371,910
-0.01181689275,0.02678168805,9.7532808204,0.001609,-0.001594,0.000171,0,0,0,0,0,0,1461766142381,920
-0.0192992904,0.0344209905,9.74699482185,0.001604,-0.00053,0.000161,0,0,0,0,0,0,1461766142391,930
-0.00253989645,0.0234964938,9.7637542158,0.000546,-0.001605,0.001246,0,0,0,0,0,0,1461766142401,940
-0.01107159495,0.0318712875,9.7642053171,0.000536,0.000522,0.001226,0,0,0,0,0,0,1461766142411,950
-0.01032629715,0.0234964938,9.7495347183,-0.000541,0.000521,-0.000897,0,0,0,0,0,0,1461766142421,960
-0.0169064922,0.03486228525,9.7697362113,0.000536,-0.000547,0.00017,0,0,0,0,0,0,1461766142441,980
-0.01511189355,0.0190050939,9.7621067154,0.000531,0.000517,0.00016,0,0,0,0,0,0,1461766142451,990
-0.01152269625,0.0447374811,9.75821351505,0.000536,-0.000547,0.00017,0,0,0,0,0,0,1461766142461,1000
-0.00673709985,0.0223000947,9.75013291785,0.001593,0.001583,0.000141,0,0,0,0,0,0,1461766142471,1010
-0.0085316985,0.0392065869,9.7568700177,0.001604,-0.000544,0.000161,0,0,0,0,0,0,1461766142481,1020
0.0020986017,0.0278309889,9.73936532595,-0.00054,0.000521,-0.000896,0,0,0,0,0,0,1461766142491,1030
-0.017063397,0.0418935816,9.7588117146,0.000546,-0.001619,0.001245,0,0,0,0,0,0,1461766142501,1040
-0.0028438995,0.0294784893,9.76270491495,0.0016,-0.000537,-0.000905,0,0,0,0,0,0,1461766142511,1050
0.00104930085,0.0261834885,9.73846312335,-0.000526,-0.000559,0.001245,0,0,0,0,0,0,1461766142521,1060
-0.01271909535,0.02888028975,9.75746821725,-0.000536,0.000513,0.000169,0,0,0,0,0,0,1461766142531,1070
-0.00673709985,0.0242417916,9.763008918,0.001608,-0.000553,0.001226,0,0,0,0,0,0,1461766142541,1080
-0.02289829425,0.0371079852,9.75163332,0.000541,-0.000556,0.001236,0,0,0,0,0,0,1461766142551,1090
-0.005687799,0.0266345898,9.75103512045,0.001613,-0.001616,0.001236,0,0,0,0,0,0,1461766142561,1100
0.0097280976,0.03650978565,9.7456513245,0.001603,0.000511,0.001216,0,0,0,0,0,0,1461766142571,1110
-0.0169064922,0.05312208135,9.7483383192,0.000532,0.000515,0.00016,0,0,0,0,0,0,1461766142581,1120
-0.0225942912,0.02917448625,9.75178041825,0.00053,-0.000552,-0.000897,0,0,0,0,0,0,1461766142591,1130
-0.00104930085,0.037853283,9.76929491655,0.001591,0.001571,0.00014,0,0,0,0,0,0,1461766142601,1140
-0.023339589,0.02364359205,9.7609103163,0.001601,-0.000556,0.000159,0,0,0,0,0,0,1461766142611,1150
-0.00344209905,0.02364359205,9.7680887109,0.000538,-0.000567,0.001234,0,0,0,0,0,0,1461766142621,1160
-0.01750469175,0.02603639025,9.7495347183,0.001596,0.000507,0.000149,0,0,0,0,0,0,1461766142631,1170
-0.0149647953,0.02244719295,9.7471419201,0.001586,0.001579,-0.000926,0,0,0,0,0,0,1461766142641,1180
0.00942409455,0.02393778855,9.7644995136,0.000533,-0.00056,0.000169,0,0,0,0,0,0,1461766142651,1190
0.0052366977,0.03725508345,9.73008832965,0.000528,0.001559,0.001215,0,0,0,0,0,0,1461766142661,1200
-0.0116697945,0.03696088695,9.76150851585,0.000529,0.000503,0.000159,0,0,0,0,0,0,1461766142671,1210
-0.01750469175,0.03531338655,9.75701711595,0.000529,0.000503,0.000159,0,0,0,0,0,0,1461766142681,1220
0.00059819955,0.02438888985,9.77153080995,-0.000539,0.001556,0.001224,0,0,0,0,0,0,1461766142691,1230
-0.0166122957,0.0306748884,9.76645101705,0.000538,-0.000568,0.001234,0,0,0,0,0,0,1461766142701,1240
-0.0254381907,0.03172418925,9.75462431775,0.000529,0.000503,0.000159,0,0,0,0,0,0,1461766142711,1250
-0.0061389003,0.04504148415,9.7507311174,0.00053,-0.000553,-0.000897,0,0,0,0,0,0,1461766142721,1260
-0.01032629715,0.0273798876,9.737119626,0.0016,0.000483,0.002279,0,0,0,0,0,0,1461766142731,1270
-0.00418739685,0.0363626874,9.74909342355,0.001593,-0.000557,-0.000908,0,0,0,0,0,0,1461766142741,1280
0.01032629715,0.0344209905,9.75387901995,0.000524,0.001551,0.001213,0,0,0,0,0,0,1461766142751,1290
-0.02917448625,0.0314201862,9.7499858196,-0.000537,-0.000572,0.000176,0,0,0,0,0,0,1461766142771,1310
-0.0092769963,0.0263403933,9.7407088233,-0.000533,-0.00058,0.001242,0,0,0,0,0,0,1461766142781,1320
-0.0137683962,0.04025588775,9.7475930214,0.000529,0.000487,0.001223,0,0,0,0,0,0,1461766142791,1330
-0.00987519585,0.03696088695,9.7411599246,0.001596,0.00049,0.001213,0,0,0,0,0,0,1461766142801,1340
-0.02813499195,0.0363626874,9.76076321805,0.000529,0.000487,0.001223,0,0,0,0,0,0,1461766142811,1350
-0.0071783946,0.0303806919,9.75313372215,0.001602,-0.000573,0.001223,0,0,0,0,0,0,1461766142821,1360
-0.0101791989,0.02364359205,9.74609261925,0.000521,0.000503,-0.000909,0,0,0,0,0,0,1461766142831,1370
-0.0019416969,0.03052779015,9.75297681735,0.001597,-0.000566,0.000157,0,0,0,0,0,0,1461766142841,1380
0.00942409455,0.0278309889,9.7471419201,0.00052,0.001558,0.000147,0,0,0,0,0,0,1461766142851,1390
0.003138096,0.02797808715,9.73607032515,0.000524,0.00155,0.001213,0,0,0,0,0,0,1461766142861,1400
-0.00418739685,0.03366588615,9.76749051135,-0.000537,-0.000573,0.000176,0,0,0,0,0,0,1461766142871,1410
-0.0083747937,0.03337168965,9.75268262085,0.001592,0.000497,0.000148,0,0,0,0,0,0,1461766142881,1420
-0.00942409455,0.0192992904,9.7665981153,0.001597,-0.000567,0.000157,0,0,0,0,0,0,1461766142891,1430
-0.00628599855,0.0161611944,9.76435241535,0.001591,-0.000574,0.000155,0,0,0,0,0,0,1461766142901,1440
-0.02513418765,0.0181028913,9.73652142645,0.001581,0.001554,0.000135,0,0,0,0,0,0,1461766142911,1450
-0.00150040215,0.03246948705,9.74460202365,-0.000544,0.000476,0.001229,0,0,0,0,0,0,1461766142921,1460
-0.00822769545,0.02813499195,9.7552225173,0.000523,0.000479,0.00122,0,0,0,0,0,0,1461766142931,1470
-0.0121208958,0.0278309889,9.75507541905,0.001585,0.001546,0.001201,0,0,0,0,0,0,1461766142941,1480
-0.0092769963,0.0395007834,9.75148622175,0.002637,0.00474,0.001162,0,0,0,0,0,0,1461766142951,1490
-0.03605868435,0.02842918845,9.74085592155,-0.000548,0.000484,0.000164,0,0,0,0,0,0,1461766142961,1500
-0.0161611944,0.0275367924,9.7625578167,0.001596,-0.001637,0.000165,0,0,0,0,0,0,1461766142971,1510
-0.00344209905,0.02109388905,9.77004021435,0.000523,-0.000577,0.000164,0,0,0,0,0,0,1461766142981,1520
-0.01675939395,0.02797808715,9.760459215,0.001585,0.00049,0.000145,0,0,0,0,0,0,1461766142990,1529
-0.00703129635,0.03576448785,9.77453161425,0.000522,0.000479,0.00122,0,0,0,0,0,0,1461766143010,1549
0.0083747937,0.02648749155,9.77288411385,0.000523,-0.000578,0.000164,0,0,0,0,0,0,1461766143020,1559
0.00583489725,0.02199609165,9.75582071685,0.001585,0.000489,0.000145,0,0,0,0,0,0,1461766143030,1569
-0.0303806919,0.02962558755,9.7392182277,0.001585,0.000489,0.000145,0,0,0,0,0,0,1461766143040,1579
0.003138096,0.0242417916,9.7601650185,0.000512,0.000481,0.000152,0,0,0,0,0,0,1461766143050,1589
-0.01197379755,0.02005439475,9.7613614176,0.000526,-0.001654,0.001237,0,0,0,0,0,0,1461766143060,1599
0.0020986017,0.02409469335,9.7399635255,-0.00056,0.000485,-0.000905,0,0,0,0,0,0,1461766143070,1609
-0.0028438995,0.02170189515,9.74369982105,0.001579,0.000483,0.000142,0,0,0,0,0,0,1461766143080,1619
-0.0246928929,0.04174648335,9.75701711595,0.00052,0.000465,0.002283,0,0,0,0,0,0,1461766143090,1629
-0.01675939395,0.04219758465,9.7535750169,0.000521,-0.000591,0.001227,0,0,0,0,0,0,1461766143100,1639
-0.0032950008,0.0366568839,9.76599991575,0.000522,-0.000591,0.001227,0,0,0,0,0,0,1461766143110,1649
-0.0007452978,0.0294784893,9.7552225173,0.000517,-0.000584,0.000162,0,0,0,0,0,0,1461766143120,1659
-0.0047855964,0.02603639025,9.75672291945,-0.00056,0.00154,0.000151,0,0,0,0,0,0,1461766143130,1669
-0.0221431899,0.0112186932,9.75178041825,0.002641,0.00155,0.000123,0,0,0,0,0,0,1461766143140,1679
-0.0023927982,0.04025588775,9.7456513245,0.000517,-0.000584,0.000162,0,0,0,0,0,0,1461766143150,1689
-0.0023927982,0.0178086948,9.75297681735,-0.000552,0.001525,0.002283,0,0,0,0,0,0,1461766143160,1699
-0.01197379755,0.03172418925,9.7242534324,0.001584,-0.000581,0.000152,0,0,0,0,0,0,1461766143170,1709
-0.0125719971,0.0396576882,9.76225381365,0.000512,0.00048,0.000152,0,0,0,0,0,0,1461766143180,1719
-0.00777659415,0.02723278935,9.7763262129,-0.00055,-0.000587,0.000171,0,0,0,0,0,0,1461766143190,1729
-0.01152269625,0.03531338655,9.7597139172,0.000503,0.001551,-0.000924,0,0,0,0,0,0,1461766143200,1739
-0.0092769963,0.0213978921,9.74893651875,0.000506,0.000476,0.000149,0,0,0,0,0,0,1461766143210,1749
0.0161611944,0.02603639025,9.7468477236,-0.000556,-0.000592,0.000168,0,0,0,0,0,0,1461766143220,1759
0.0011963991,0.0225942912,9.73277532435,0.001577,0.00047,0.001205,0,0,0,0,0,0,1461766143230,1769
-0.00987519585,0.0254381907,9.76599991575,-0.001614,-0.001667,0.001253,0,0,0,0,0,0,1461766143240,1779
-0.0221431899,0.0459338802,9.75911571765,0.00051,0.000467,0.001214,0,0,0,0,0,0,1461766143250,1789
-0.0104733954,0.03905948865,9.74909342355,0.001569,0.000486,-0.000927,0,0,0,0,0,0,1461766143260,1799
-0.0125719971,0.0242417916,9.7535750169,-0.000561,0.000472,0.000158,0,0,0,0,0,0,1461766143270,1809
-0.00658019505,0.0323223888,9.7656959127,0.000511,-0.000589,0.000158,0,0,0,0,0,0,1461766143280,1819
-0.00014709825,0.03292058835,9.75268262085,0.001573,0.000478,0.000139,0,0,0,0,0,0,1461766143290,1829
-0.0059819955,0.02917448625,9.72873502575,0.001572,0.001534,0.001195,0,0,0,0,0,0,1461766143300,1839
-0.01585719135,0.03486228525,9.75417321645,0.000511,-0.000589,0.000158,0,0,0,0,0,0,1461766143310,1849
-0.02289829425,0.03621558915,9.7390613229,0.001577,0.00047,0.001205,0,0,0,0,0,0,1461766143320,1859
-0.0080805972,0.0468360828,9.7742276112,0.000511,-0.000589,0.000158,0,0,0,0,0,0,1461766143330,1869
-0.00777659415,0.03217529055,9.7621067154,0.000516,-0.000597,0.001224,0,0,0,0,0,0,1461766143340,1879
0.0007452978,0.02319249075,9.7601650185,0.000511,0.000467,0.001214,0,0,0,0,0,0,1461766143350,1889
-0.01915219215,0.0392065869,9.7553794221,0.000511,0.000467,0.001214,0,0,0,0,0,0,1461766143360,1899
-0.01630829265,0.03337168965,9.74909342355,0.001574,-0.000578,-0.000917,0,0,0,0,0,0,1461766143370,1909
-0.0254381907,0.01630829265,9.73681562295,0.001567,0.000472,0.000136,0,0,0,0,0,0,1461766143380,1919
-0.01585719135,0.0330676866,9.74175812415,0.001572,-0.000592,0.000145,0,0,0,0,0,0,1461766143390,1929
0.00777659415,0.03292058835,9.75911571765,0.00049,0.001539,-0.000931,0,0,0,0,0,0,1461766143400,1939
-0.0263403933,0.023339589,9.76315601625,0.000509,-0.000603,0.001221,0,0,0,0,0,0,1461766143410,1949
-0.0137683962,0.0230453925,9.73607032515,0.001566,0.000471,0.000136,0,0,0,0,0,0,1461766143420,1959
-0.02005439475,0.0396576882,9.7588117146,0.001562,0.001535,0.000126,0,0,0,0,0,0,1461766143430,1969
0.0023927982,0.0380101878,9.7359232269,0.001567,0.000471,0.000136,0,0,0,0,0,0,1461766143440,1979
0.00538379595,0.0299295906,9.74819122095,0.000504,0.00046,0.001211,0,0,0,0,0,0,1461766143450,1989
-0.0128661936,0.0237906903,9.74624952405,0.000504,0.00046,0.001211,0,0,0,0,0,0,1461766143460,1999
-0.0169064922,0.0154158966,9.75013291785,0.000499,0.000468,0.000145,0,0,0,0,0,0,1461766143470,2009
-0.0166122957,0.02842918845,9.7616556141,-0.000564,0.000457,0.00122,0,0,0,0,0,0,1461766143480,2019
-0.0218489934,0.03172418925,9.76241071845,-0.000563,-0.000599,0.000164,0,0,0,0,0,0,1461766143490,2029
0.0007452978,0.0342640857,9.75223151955,0.001575,0.000455,0.002267,0,0,0,0,0,0,1461766143500,2039
0.00134349735,0.01989748995,9.7677945144,0.000504,-0.000596,0.000155,0,0,0,0,0,0,1461766143510,2049
-0.00958099935,0.03741198825,9.7739334147,0.000494,0.001531,0.000135,0,0,0,0,0,0,1461766143520,2059
-0.0007452978,0.01960329345,9.75462431775,0.000492,0.000463,0.000141,0,0,0,0,0,0,1461766143530,2069
-0.02274138945,0.0297726858,9.7637542158,0.000488,0.00047,-0.000925,0,0,0,0,0,0,1461766143540,2079
-0.00434430165,0.02393778855,9.72530273325,0.001559,0.000466,0.000132,0,0,0,0,0,0,1461766143550,2089
-0.00373629555,0.023339589,9.74789702445,0.001559,0.000466,0.000132,0,0,0,0,0,0,1461766143560,2099
-0.02244719295,0.0278309889,9.7525355226,0.001564,-0.000598,0.000142,0,0,0,0,0,0,1461766143570,2109
0.0028438995,0.0371079852,9.7508880222,0.000487,0.001526,0.000131,0,0,0,0,0,0,1461766143580,2119
-0.020201493,0.03531338655,9.75791931855,0.000497,-0.000601,0.000151,0,0,0,0,0,0,1461766143590,2129
-0.0101791989,0.02917448625,9.74609261925,-0.000575,0.000459,0.00015,0,0,0,0,0,0,1461766143600,2139
-0.00867879675,0.02574219375,9.75313372215,0.001559,0.000465,0.000132,0,0,0,0,0,0,1461766143610,2149
0.00014709825,0.02005439475,9.7597139172,0.000496,0.000454,0.001207,0,0,0,0,0,0,1461766143620,2159
0.0016475004,0.02648749155,9.7496916231,0.000497,-0.000602,0.000151,0,0,0,0,0,0,1461766143630,2169
-0.0083747937,0.0278309889,9.76913801175,0.000493,-0.000594,-0.000915,0,0,0,0,0,0,1461766143640,2179
-0.0089827998,0.0303806919,9.76345021275,0.000491,0.001517,0.001197,0,0,0,0,0,0,1461766143650,2189
-0.01436659575,0.03292058835,9.7342757265,0.000497,-0.000602,0.000151,0,0,0,0,0,0,1461766143660,2199
-0.0130230984,0.03246948705,9.7285879275,-0.000571,0.000451,0.001216,0,0,0,0,0,0,1461766143670,2209
0.01077739845,0.0408540873,9.7523786178,-0.000561,-0.001677,0.001236,0,0,0,0,0,0,1461766143680,2219
-0.01362129795,0.0213978921,9.75717402075,-0.000579,0.000446,0.001212,0,0,0,0,0,0,1461766143690,2229
-0.00344209905,0.0275367924,9.7513391235,-0.000578,-0.00061,0.000156,0,0,0,0,0,0,1461766143700,2239
-0.0020986017,0.0314201862,9.7713837117,0.000488,0.000449,0.001202,0,0,0,0,0,0,1461766143710,2249
-0.01675939395,0.02199609165,9.75313372215,0.002623,-0.0006,0.000128,0,0,0,0,0,0,1461766143720,2259
-0.029027388,0.0323223888,9.73487392605,0.000489,-0.000606,0.000146,0,0,0,0,0,0,1461766143730,2269
-0.01152269625,0.0354604848,9.7549283208,0.000489,-0.000606,0.000146,0,0,0,0,0,0,1461766143750,2289
-0.03337168965,0.0273798876,9.75297681735,0.000489,-0.000606,0.000146,0,0,0,0,0,0,1461766143760,2299
-0.017063397,0.025889292,9.7495347183,0.00048,0.000465,-0.000929,0,0,0,0,0,0,1461766143770,2309
-0.0104733954,0.05118038445,9.75940991415,0.000484,0.000458,0.000137,0,0,0,0,0,0,1461766143780,2319
-0.00014709825,0.01466079225,9.74789702445,0.00156,-0.000611,0.001203,0,0,0,0,0,0,1461766143800,2339
-0.0071783946,0.0209467908,9.7350210243,0.000484,0.000457,0.000137,0,0,0,0,0,0,1461766143810,2349
-0.01226799405,0.02648749155,9.7511822187,-0.000579,0.000446,0.001212,0,0,0,0,0,0,1461766143820,2359
-0.02319249075,0.03097889145,9.75821351505,-0.000573,-0.001673,0.000166,0,0,0,0,0,0,1461766143830,2369
-0.0040402986,0.0475813806,9.7670492166,-0.00165,0.000451,0.000155,0,0,0,0,0,0,1461766143840,2379
-0.00030400305,0.03905948865,9.75746821725,-0.000578,-0.00061,0.000156,0,0,0,0,0,0,1461766143850,2389
-0.02154499035,0.0303806919,9.75148622175,0.000485,-0.000618,0.001207,0,0,0,0,0,0,1461766143860,2399
-0.02034859125,0.02678168805,9.74205232065,0.000475,0.000454,0.000132,0,0,0,0,0,0,1461766143870,2409
-0.0019416969,0.02558528895,9.7375707273,-0.000587,0.000442,0.001207,0,0,0,0,0,0,1461766143880,2419
-0.00150040215,0.04309978725,9.73697252775,0.000476,0.000453,0.000132,0,0,0,0,0,0,1461766143890,2429
-0.01346439315,0.0354604848,9.7552225173,-0.000591,0.00045,0.000141,0,0,0,0,0,0,1461766143900,2439
-0.02933139105,0.01391549445,9.7628520132,0.00048,0.000446,0.001197,0,0,0,0,0,0,1461766143910,2449
0.0130230984,0.03605868435,9.7535750169,0.000476,0.000453,0.000132,0,0,0,0,0,0,1461766143920,2459
-0.00942409455,0.017063397,9.7654017162,0.000481,-0.000611,0.000142,0,0,0,0,0,0,1461766143930,2469
-0.0109244967,0.03337168965,9.73277532435,0.000481,-0.000611,0.000142,0,0,0,0,0,0,1461766143940,2479
-0.01062049365,0.02574219375,9.73891422465,0.000471,0.00046,-0.000934,0,0,0,0,0,0,1461766143950,2489
0.0059819955,0.02797808715,9.75582071685,0.000481,-0.000611,0.000142,0,0,0,0,0,0,1461766143960,2499
0.00014709825,0.02842918845,9.75193732305,-0.000587,-0.000615,0.000151,0,0,0,0,0,0,1461766143970,2509
-0.01271909535,0.0356173896,9.763008918,-0.000587,0.000441,0.001207,0,0,0,0,0,0,1461766143980,2519
-0.00463849815,0.0287331915,9.7618125189,0.00048,0.000444,0.001198,0,0,0,0,0,0,1461766143990,2529
-0.00673709985,0.0363626874,9.7513391235,0.001542,0.001511,0.001178,0,0,0,0,0,0,1461766144000,2539
-0.03052779015,0.0246928929,9.75627181815,-0.000599,-0.00061,-0.00092,0,0,0,0,0,0,1461766144010,2549
-0.0080805972,0.03052779015,9.74295452325,-0.000605,0.00151,0.000126,0,0,0,0,0,0,1461766144020,2559
-0.01346439315,0.03770618475,9.7432585263,0.000466,0.001505,0.001183,0,0,0,0,0,0,1461766144030,2569
-0.01226799405,0.0246928929,9.75103512045,0.00153,0.00046,-0.000948,0,0,0,0,0,0,1461766144040,2579
-0.0076294959,0.0223000947,9.7564189164,0.001543,0.000436,0.002249,0,0,0,0,0,0,1461766144060,2599
0.0028438995,0.0194561952,9.75163332,-0.001672,0.00045,-0.00092,0,0,0,0,0,0,1461766144070,2609
0.00269680125,0.0270856911,9.7496916231,0.000472,-0.000615,0.000137,0,0,0,0,0,0,1461766144080,2619
-0.01107159495,0.0423446829,9.754771416,-0.000595,-0.000619,0.000146,0,0,0,0,0,0,1461766144090,2629
-0.01556299485,0.0318712875,9.75433012125,0.000467,0.000448,0.000127,0,0,0,0,0,0,1461766144100,2639
-0.00673709985,0.02842918845,9.7383160251,0.000472,0.00044,0.001193,0,0,0,0,0,0,1461766144110,2649
-0.0040402986,0.03456808875,9.76225381365,-0.000595,-0.000619,0.000146,0,0,0,0,0,0,1461766144120,2659
-0.0194561952,0.03052779015,9.7508880222,-0.000595,0.000437,0.001202,0,0,0,0,0,0,1461766144130,2669
-0.01271909535,0.0234964938,9.7556736186,0.001545,-0.001677,0.000137,0,0,0,0,0,0,1461766144150,2689
0.00912989805,0.0245359881,9.73652142645,0.000467,0.000447,0.000127,0,0,0,0,0,0,1461766144160,2699
-0.00703129635,0.0225942912,9.74654372055,0.000468,-0.001683,0.000141,0,0,0,0,0,0,1461766144170,2709
-0.01152269625,0.0234964938,9.7535750169,0.000468,-0.001683,0.000141,0,0,0,0,0,0,1461766144180,2719
-0.0,0.0254381907,9.76195961715,0.001534,-0.000624,0.001188,0,0,0,0,0,0,1461766144190,2729
-0.0083747937,0.03321478485,9.7656959127,-0.000609,0.000441,0.000131,0,0,0,0,0,0,1461766144200,2739
0.00134349735,0.02409469335,9.74789702445,0.00152,0.00151,0.000102,0,0,0,0,0,0,1461766144210,2749
0.00224569995,0.023339589,9.76270491495,0.000463,-0.00062,0.000131,0,0,0,0,0,0,1461766144220,2759
-0.00554070075,0.02962558755,9.74101282635,-0.001672,-0.000627,0.00015,0,0,0,0,0,0,1461766144230,2769
0.0128661936,0.01675939395,9.7613614176,0.000453,0.000451,-0.000945,0,0,0,0,0,0,1461766144240,2779
-0.00538379595,0.03007668885,9.74460202365,0.001525,0.000446,0.000112,0,0,0,0,0,0,1461766144250,2789
-0.01556299485,0.0339698892,9.73487392605,0.001524,0.001502,0.001168,0,0,0,0,0,0,1461766144260,2799
-0.0173575935,0.0311259897,9.7504369209,0.001525,0.000446,0.000112,0,0,0,0,0,0,1461766144270,2809
-0.02529109245,0.03456808875,9.7697362113,0.001529,0.000438,0.001178,0,0,0,0,0,0,1461766144280,2819
0.0016475004,0.02842918845,9.7628520132,0.000467,-0.000629,0.001197,0,0,0,0,0,0,1461766144290,2829
-0.0073352994,0.01885799565,9.76749051135,0.001538,-0.000633,0.002253,0,0,0,0,0,0,1461766144300,2839
0.00299099775,0.02558528895,9.74415092235,0.001526,-0.00061,-0.000944,0,0,0,0,0,0,1461766144310,2849
-0.0035891973,0.0275367924,9.75387901995,0.000464,-0.001677,-0.000925,0,0,0,0,0,0,1461766144320,2859
-0.0052366977,0.0261834885,9.75837041985,0.000452,0.000432,0.001181,0,0,0,0,0,0,1461766144340,2879
-0.02109388905,0.0104733954,9.75582071685,0.000438,0.001511,-0.00096,0,0,0,0,0,0,1461766144350,2889
-0.01556299485,0.03337168965,9.75268262085,0.000452,0.000432,0.001181,0,0,0,0,0,0,1461766144360,2899
-0.023339589,0.0359115861,9.7701873126,-0.000585,-0.005953,0.00125,0,0,0,0,0,0,1461766144370,2909
-0.01556299485,0.0411482838,9.74654372055,0.000463,-0.002751,0.000145,0,0,0,0,0,0,1461766144380,2919
0.0083747937,0.0294784893,9.74489622015,-0.001657,-0.004893,0.001249,0,0,0,0,0,0,1461766144390,2929
0.00673709985,0.02409469335,9.7468477236,-0.000579,-0.008073,0.000204,0,0,0,0,0,0,1461766144400,2939
0.00224569995,0.0206525943,9.7447491219,-0.001656,-0.005949,0.000193,0,0,0,0,0,0,1461766144410,2949
0.0040402986,0.02768389065,9.7407088233,-0.000595,-0.003827,0.00123,0,0,0,0,0,0,1461766144420,2959
-0.01511189355,0.02034859125,9.7454944197,-0.000594,-0.004883,0.000174,0,0,0,0,0,0,1461766144430,2969
-0.01840689435,0.02409469335,9.7523786178,-0.000589,-0.005946,0.000184,0,0,0,0,0,0,1461766144440,2979
-0.0,0.03770618475,9.7278426297,-0.000594,-0.004883,0.000174,0,0,0,0,0,0,1461766144450,2989
-0.01960329345,0.0294784893,9.73367752695,-0.002733,-0.003825,0.000183,0,0,0,0,0,0,1461766144460,2999
-0.0044913999,0.02888028975,9.75193732305,-0.000589,-0.005946,0.000184,0,0,0,0,0,0,1461766144470,3009
-0.0019416969,0.01795579305,9.7496916231,-0.001667,-0.002766,0.001229,0,0,0,0,0,0,1461766144480,3019
-0.0040402986,0.0263403933,9.7387671264,0.000457,-0.001707,0.002261,0,0,0,0,0,0,1461766144490,3029
-0.00389320035,0.0282820902,9.74789702445,-0.000617,-0.00275,-0.000917,0,0,0,0,0,0,1461766144500,3039
0.0178086948,0.0323223888,9.7414541211,-0.000623,-0.000631,0.000129,0,0,0,0,0,0,1461766144510,3049
-0.01436659575,0.0192992904,9.742807425,-0.000618,-0.001695,0.000139,0,0,0,0,0,0,1461766144520,3059
0.0116697945,0.0375590865,9.72559692975,0.0015,0.002558,0.001146,0,0,0,0,0,0,1461766144530,3069
-0.00628599855,0.0275367924,9.7483383192,0.002532,0.010007,0.001068,0,0,0,0,0,0,1461766144540,3079
-0.0101791989,0.02170189515,9.73397172345,0.001471,0.006829,-0.001025,0,0,0,0,0,0,1461766144550,3089
-0.0149647953,0.0342640857,9.7456513245,0.003598,0.011067,0.002115,0,0,0,0,0,0,1461766144560,3099
-0.01362129795,0.040402986,9.7492405218,0.002558,0.004689,0.001117,0,0,0,0,0,0,1461766144580,3119
-0.01077739845,0.0411482838,9.77976831195,0.001536,-0.004887,0.001215,0,0,0,0,0,0,1461766144590,3129
0.0112186932,0.03531338655,9.76794161265,0.001512,-0.000625,0.00011,0,0,0,0,0,0,1461766144600,3139
-0.01032629715,0.0278309889,9.7758751116,-0.001639,-0.011271,0.000237,0,0,0,0,0,0,1461766144610,3149
-0.0142194975,0.0311259897,9.77198191125,-0.005842,-0.024056,0.001458,0,0,0,0,0,0,1461766144620,3159
0.00104930085,0.0273798876,9.7839557088,-0.005853,-0.021928,0.001438,0,0,0,0,0,0,1461766144640,3179
0.0104733954,0.04429618635,9.7701873126,-0.004779,-0.025119,0.001452,0,0,0,0,0,0,1461766144650,3189
-0.00150040215,0.02319249075,9.75956681895,-0.006914,-0.025125,0.001471,0,0,0,0,0,0,1461766144660,3199
0.00942409455,0.0104733954,9.75582071685,-0.003738,-0.019797,0.001394,0,0,0,0,0,0,1461766144670,3209
0.0221431899,0.0221431899,9.75717402075,0.000495,-0.012339,0.001287,0,0,0,0,0,0,1461766144690,3229
0.0169064922,0.02199609165,9.7390613229,0.004724,-0.004873,0.000115,0,0,0,0,0,0,1461766144700,3239
0.02678168805,0.0406971825,9.7416110259,0.005791,-0.003814,0.001162,0,0,0,0,0,0,1461766144710,3249
0.02483999115,0.0194561952,9.7269404271,0.006818,0.003642,1.8e-05,0,0,0,0,0,0,1461766144720,3259
0.00014709825,0.0368137887,9.77004021435,0.00794,-0.006999,0.001173,0,0,0,0,0,0,1461766144730,3269
0.0166122957,0.0173575935,9.7754240103,0.009012,-0.00806,0.001174,0,0,0,0,0,0,1461766144740,3279
0.02813499195,0.0275367924,9.74175812415,0.007992,-0.018692,0.000216,0,0,0,0,0,0,1461766144760,3299
-0.0149647953,0.0375590865,9.80281370445,0.009109,-0.029325,0.000305,0,0,0,0,0,0,1461766144770,3309
0.0448943859,0.0249870894,9.70494433545,0.007976,-0.014445,0.001242,0,0,0,0,0,0,1461766144780,3319
-0.0100222941,0.0406971825,9.79308560685,0.010187,-0.031449,0.000315,0,0,0,0,0,0,1461766144790,3329
0.04578678195,0.03650978565,9.7214095329,0.007991,-0.017636,0.001272,0,0,0,0,0,0,1461766144800,3339
0.0140625927,0.05118038445,9.8013133023,0.01229,-0.024005,0.001293,0,0,0,0,0,0,1461766144810,3349
-0.0529749831,0.1747723341,9.7606161198,0.01343,-0.017822,0.028929,0,0,0,0,0,0,1461766144820,3359
-0.2724847983,0.43873524045,9.77033441085,0.025454,-0.013021,0.105515,0,0,0,0,0,0,1461766144830,3369
0.1602586401,0.02768389065,9.75268262085,0.026491,-0.006638,0.105446,0,0,0,0,0,0,1461766144840,3379
0.35149617165,-0.1158153555,9.73862002815,0.024136,-0.009414,0.046875,0,0,0,0,0,0,1461766144850,3389
0.27159240225,-0.0727253748,9.72559692975,0.020725,-0.004832,-3.1e-05,0,0,0,0,0,0,1461766144860,3399
0.0100222941,0.0570152817,9.75223151955,0.024974,-0.001621,-0.001164,0,0,0,0,0,0,1461766144870,3409
0.05027818185,0.04294288245,9.7654017162,0.028125,0.009025,-0.00129,0,0,0,0,0,0,1461766144880,3419
0.0282820902,0.0339698892,9.8072952978,0.029237,0.000512,-0.000155,0,0,0,0,0,0,1461766144890,3429
0.0311259897,0.0592511751,9.80401010355,0.036692,0.002669,-0.001306,0,0,0,0,0,0,1461766144900,3439
0.0444432846,0.04578678195,9.76525461795,0.049428,0.016543,-0.002611,0,0,0,0,0,0,1461766144910,3449
0.0351662883,0.05057237835,9.77408051295,0.062172,0.029345,-0.002841,0,0,0,0,0,0,1461766144920,3459
0.0803548707,0.0052366977,9.71302493265,0.068316,0.049867,-0.043585,0,0,0,0,0,0,1461766144930,3469
0.43110574455,-0.02154499035,9.85967208135,0.060688,0.026925,-0.110448,0,0,0,0,0,0,1461766144940,3479
0.10235096235,0.2258056203,9.76794161265,0.054376,0.021471,-0.094356,0,0,0,0,0,0,1461766144950,3489
-0.1102844613,0.33772777545,9.8379701862,0.060027,0.008269,-0.031402,0,0,0,0,0,0,1461766144960,3499
-0.13392805335,0.05072928315,9.77078551215,0.064318,0.022988,-0.006004,0,0,0,0,0,0,1461766144970,3509
-0.07406887215,0.06763577535,9.81477769545,0.056918,0.019675,0.007946,0,0,0,0,0,0,1461766144980,3519
0.13392805335,0.1381154502,9.72126243465,0.070657,0.038939,-0.003011,0,0,0,0,0,0,1461766144990,3529
0.2442027081,0.3076510866,9.7495347183,0.093966,0.061459,-0.01941,0,0,0,0,0,0,1461766145000,3539
0.28924419225,0.15636543975,9.7414541211,0.102396,0.063786,-0.044017,0,0,0,0,0,0,1461766145010,3549
-0.04817958015,0.16564243605,9.71586883215,0.084316,0.044641,-0.051142,0,0,0,0,0,0,1461766145020,3559
-0.0059819955,0.38530915605,9.73128472875,0.076757,0.047948,-0.070291,0,0,0,0,0,0,1461766145030,3569
-0.03815728605,0.4852673202,9.81522879675,0.092775,0.043765,-0.073589,0,0,0,0,0,0,1461766145040,3579
0.025889292,0.82509369735,9.84680588775,0.086696,0.009415,-0.032717,0,0,0,0,0,0,1461766145050,3589
0.1171686594,0.8568178866,9.73053943095,0.081458,0.021877,0.006646,0,0,0,0,0,0,1461766145060,3599
0.3951843519,0.63057097155,9.7981752063,0.069182,0.143033,0.014152,0,0,0,0,0,0,1461766145080,3619
0.1626514383,0.4768925265,9.67472054835,0.045225,0.198668,-0.040511,0,0,0,0,0,0,1461766145090,3629
-0.1107355626,0.2641100046,9.90395846115,-0.006536,0.246943,-0.118311,0,0,0,0,0,0,1461766145100,3639
0.1412535462,0.82583899515,9.78245530665,-0.057156,0.33305,-0.132526,0,0,0,0,0,0,1461766145110,3649
0.1219542558,1.09638209655,10.0136447229,-0.074403,0.395544,-0.104182,0,0,0,0,0,0,1461766145120,3659
0.03980478645,1.09922599605,10.0310023164,-0.066228,0.512202,-0.054189,0,0,0,0,0,0,1461766145130,3669
-0.15248204595,1.0501442133,9.9668086401,-0.038825,0.660535,0.035848,0,0,0,0,0,0,1461766145140,3679
-0.23762251305,1.1542897743,10.0488110112,-0.012033,0.769021,0.193404,0,0,0,0,0,0,1461766145150,3689
-0.27712329645,1.5346662357,10.0235199187,0.015,0.851764,0.381039,0,0,0,0,0,0,1461766145160,3699
-0.1743212328,1.70211307695,10.1730109669,0.074122,0.891231,0.535758,0,0,0,0,0,0,1461766145170,3709
-0.0989088633,1.3594428003,10.4399550645,0.156443,0.904911,0.589268,0,0,0,0,0,0,1461766145180,3719
-0.1159722603,0.59091328335,10.6814707779,0.213167,0.802492,0.508729,0,0,0,0,0,0,1461766145190,3729
-0.23358221445,0.2406135108,10.7972861334,0.225759,0.691141,0.322081,0,0,0,0,0,0,1461766145200,3739
-0.21143902455,0.41210065065,10.6876096782,0.182761,0.571369,0.100826,0,0,0,0,0,0,1461766145210,3749
-0.08214946935,0.82195560135,10.7482141572,0.097658,0.341802,-0.104121,0,0,0,0,0,0,1461766145220,3759
-0.0380101878,1.2153453546,10.9995952599,-0.004133,0.069307,-0.262695,0,0,0,0,0,0,1461766145230,3769
-0.08738616705,1.8085043379,10.9475224794,-0.07,-0.090655,-0.377866,0,0,0,0,0,0,1461766145240,3779
-0.69460774305,1.78395854325,10.5701468223,-0.071076,-0.140203,-0.43921,0,0,0,0,0,0,1461766145250,3789
-1.2467655408,1.90067610135,10.2147574503,-0.027435,-0.077656,-0.393279,0,0,0,0,0,0,1461766145260,3799
-1.23359534415,2.35287573495,9.9546877443,0.027817,0.07479,-0.272616,0,0,0,0,0,0,1461766145270,3809
-1.1055119946,2.4464008023,9.7088375358,0.0411,0.45552,0.031731,0,0,0,0,0,0,1461766145290,3829
-0.3956354532,2.5676097603,10.0200778197,-0.0043,0.504048,0.214979,0,0,0,0,0,0,1461766145300,3839
0.0185539926,2.37517582965,10.1960563595,-0.046506,0.499888,0.331553,0,0,0,0,0,0,1461766145310,3849
0.0929268678,1.98222737115,10.144875975,-0.068654,0.481422,0.375614,0,0,0,0,0,0,1461766145320,3859
-0.0354604848,1.81194643695,10.1005797887,-0.088745,0.423029,0.352886,0,0,0,0,0,0,1461766145330,3869
-0.15516904065,1.6962781797,10.0266678213,-0.11011,0.334428,0.241991,0,0,0,0,0,0,1461766145340,3879
-0.193777428,1.67742018405,9.96860323875,-0.127267,0.235404,0.103447,0,0,0,0,0,0,1461766145350,3889
-0.24570311025,2.1499684089,10.0965492966,-0.117384,0.104171,0.01719,0,0,0,0,0,0,1461766145360,3899
-0.5762524911,2.5070052813,9.86685047595,-0.045848,0.036828,-0.054212,0,0,0,0,0,0,1461766145370,3909
-0.77062811865,2.3926805214,9.61127216985,0.068251,0.018341,-0.09873,0,0,0,0,0,0,1461766145380,3919
-1.037729121,2.4480483027,9.69401983875,0.19297,0.038994,-0.1096,0,0,0,0,0,0,1461766145390,3929
-1.46179376265,2.42156081115,9.6841446429,0.385675,0.173246,-0.064568,0,0,0,0,0,0,1461766145410,3949
-1.06137271305,2.46600409575,9.79173230295,0.434899,0.151002,-0.057329,0,0,0,0,0,0,1461766145420,3959
-0.57969459015,2.38519812375,10.0164886224,0.444626,0.107575,-0.078325,0,0,0,0,0,0,1461766145430,3969
-0.30466008885,2.2033944933,9.92955355665,0.407681,0.027642,-0.070865,0,0,0,0,0,0,1461766145440,3979
-0.2211573156,2.2493283735,9.8177686932,0.342694,-0.012818,-0.091238,0,0,0,0,0,0,1461766145450,3989
-0.30750398835,2.74252919265,9.0871022658,0.184571,-0.018223,-0.143099,0,0,0,0,0,0,1461766145470,4009
-0.57879238755,3.3298532787,8.96813900775,0.145082,0.016466,-0.102579,0,0,0,0,0,0,1461766145480,4019
-1.16536136925,3.7732270173,8.80338896775,0.183201,0.123625,-0.05062,0,0,0,0,0,0,1461766145490,4029
-1.23285004635,3.7118772405,8.7243775944,0.311354,0.197646,0.060546,0,0,0,0,0,0,1461766145500,4039
-0.8716257771,3.6003963801,8.93103102255,0.48057,0.207591,0.224174,0,0,0,0,0,0,1461766145510,4049
-0.135722652,3.09297606345,9.18825682905,0.751129,0.152695,0.569767,0,0,0,0,0,0,1461766145530,4069
-0.13392805335,2.82049126515,8.99836279485,0.796396,0.123546,0.647445,0,0,0,0,0,0,1461766145540,4079
-0.12869135565,2.60770874325,8.64597422715,0.800766,0.118102,0.666641,0,0,0,0,0,0,1461766145550,4089
0.02917448625,2.31247274895,8.38800312285,0.806163,0.127497,0.693151,0,0,0,0,0,0,1461766145560,4099
0.2472035124,2.1694246041,8.50816278,0.830988,0.093317,0.723094,0,0,0,0,0,0,1461766145570,4109
0.1159722603,2.73234999375,8.54167176135,0.844806,-0.023418,0.839163,0,0,0,0,0,0,1461766145580,4119
0.0920246652,2.7298100973,8.05281524385,0.854314,-0.052569,1.049306,0,0,0,0,0,0,1461766145590,4129
-0.1933263267,3.0015495978,8.15576440575,0.819708,-0.020036,1.242208,0,0,0,0,0,0,1461766145600,4139
-0.36242066835,2.9696783103,8.15337160755,0.833556,0.051756,1.321351,0,0,0,0,0,0,1461766145610,4149
-0.3830634561,2.76722208555,8.31288494985,0.91733,-0.045983,1.339649,0,0,0,0,0,0,1461766145620,4159
-0.699403146,3.04284497985,8.35717132965,1.007688,-0.118724,1.433327,0,0,0,0,0,0,1461766145630,4169
-0.7110729405,2.6090522406,8.2452491745,1.091202,-0.125305,1.494475,0,0,0,0,0,0,1461766145640,4179
-0.8168660019,2.45178459825,8.70014560935,1.150294,-0.176471,1.53387,0,0,0,0,0,0,1461766145650,4189
-0.8261429982,2.4694461948,8.8629441459,1.200861,-0.225574,1.578648,0,0,0,0,0,0,1461766145660,4199
-0.8349688932,2.5945385466,9.00973839285,1.253651,-0.301192,1.614063,0,0,0,0,0,0,1461766145670,4209
-0.8503847898,2.42275721025,9.1408225467,1.310506,-0.356396,1.622607,0,0,0,0,0,0,1461766145680,4219
-1.0998241956,2.5089469782,9.2573832,1.346937,-0.407173,1.599316,0,0,0,0,0,0,1461766145690,4229
-1.43351167245,2.6470624284,9.4378433331,1.360784,-0.407085,1.5928,0,0,0,0,0,0,1461766145700,4239
-1.4837898543,2.74851118815,9.4730096214,1.352246,-0.393399,1.608733,0,0,0,0,0,0,1461766145710,4249
-1.4902229511,3.0717252696,9.6334251663,1.322342,-0.36181,1.640673,0,0,0,0,0,0,1461766145720,4259
-1.4894776533,2.9651869104,9.6983641404,1.283929,-0.337677,1.670624,0,0,0,0,0,0,1461766145730,4269
-1.3808406924,3.0552698787,9.7523786178,1.233763,-0.3125,1.698536,0,0,0,0,0,0,1461766145740,4279
-1.2181892541,3.33284427645,9.80310790095,1.185806,-0.30116,1.72869,0,0,0,0,0,0,1461766145750,4289
-0.91802056515,3.4711068249,9.69566733915,1.164565,-0.306682,1.74811,0,0,0,0,0,0,1461766145760,4299
-0.7784047128,3.5785473867,9.54947129175,1.179673,-0.325922,1.767341,0,0,0,0,0,0,1461766145770,4309
-0.82509369735,3.7801112154,9.5530702956,1.217064,-0.319559,1.785074,0,0,0,0,0,0,1461766145780,4319
-1.07947560435,3.87034128195,9.5788026828,1.25115,-0.304581,1.786769,0,0,0,0,0,0,1461766145790,4329
-1.21623775065,3.93273055305,9.5114709105,1.266848,-0.250194,1.773337,0,0,0,0,0,0,1461766145800,4339
-0.83242899675,4.17095126565,9.60933047295,1.268815,-0.203487,1.786741,0,0,0,0,0,0,1461766145810,4349
-0.18360803565,4.553573427,9.8272025943,1.26795,-0.199637,1.842132,0,0,0,0,0,0,1461766145820,4359
-0.104145561,4.8402777228,9.86445767775,1.266204,-0.218274,1.91799,0,0,0,0,0,0,1461766145830,4369
-0.28116359505,4.94666898375,9.76121431935,1.270566,-0.167815,2.001678,0,0,0,0,0,0,1461766145840,4379
-0.37034436075,4.9827276681,9.70449323415,1.276944,-0.055974,2.128473,0,0,0,0,0,0,1461766145850,4389
-0.3856131591,4.96208488035,9.8174744967,1.26738,0.036719,2.24919,0,0,0,0,0,0,1461766145860,4399
-0.38576025735,4.7953833369,9.66544355205,1.225496,0.102457,2.260667,0,0,0,0,0,0,1461766145870,4409
-0.2337293127,4.94621788245,9.42528114255,1.152491,0.137835,2.192764,0,0,0,0,0,0,1461766145880,4419
-0.02574219375,5.4096460158,9.3797885571,1.070177,0.093563,2.104369,0,0,0,0,0,0,1461766145890,4429
0.14679424695,5.5948917453,9.34447517055,1.021221,-0.013327,2.010937,0,0,0,0,0,0,1461766145900,4439
0.42018124785,5.75141408985,9.1779305319,1.043858,-0.110685,1.951963,0,0,0,0,0,0,1461766145910,4449
0.40356895215,5.85151935225,9.13004514825,1.141239,-0.183648,1.932611,0,0,0,0,0,0,1461766145920,4459
0.4369406418,5.8811449398,9.02754708765,1.279034,-0.209843,1.933786,0,0,0,0,0,0,1461766145930,4469
0.41359124625,6.0658022763,8.91441872685,1.41686,-0.226604,1.954057,0,0,0,0,0,0,1461766145940,4479
0.22475631945,6.14869704345,8.9534782155,1.524707,-0.231677,1.963823,0,0,0,0,0,0,1461766145950,4489
0.19886702745,6.03647088525,8.90439643275,1.58544,-0.214453,1.959937,0,0,0,0,0,0,1461766145960,4499
0.08738616705,6.0454438785,8.99043910245,1.59378,-0.178216,1.953132,0,0,0,0,0,0,1461766145970,4509
-0.0166122957,5.95941101535,8.849626851,1.561455,-0.121861,1.942232,0,0,0,0,0,0,1461766145980,4519
-0.09427036515,5.99128230285,8.90992732695,1.513093,-0.087643,1.897572,0,0,0,0,0,0,1461766145990,4529
0.2766820017,5.87366254215,9.0906914631,1.487282,-0.131644,1.794828,0,0,0,0,0,0,1461766146000,4539
0.5639746905,5.42356151025,9.2130968202,1.499018,-0.258145,1.643499,0,0,0,0,0,0,1461766146010,4549
0.86879168415,5.2161627843,9.12480845055,1.528787,-0.364358,1.488626,0,0,0,0,0,0,1461766146020,4559
1.0089959295,5.533247772,9.05567227305,1.555409,-0.447482,1.375132,0,0,0,0,0,0,1461766146030,4569
1.03144312245,5.76996808245,8.7059805066,1.575699,-0.484356,1.334799,0,0,0,0,0,0,1461766146040,4579
0.89930966775,6.0176128896,8.44890179835,1.605507,-0.450391,1.356604,0,0,0,0,0,0,1461766146050,4589
0.60332837565,6.01581829095,8.4725453904,1.657755,-0.37951,1.430093,0,0,0,0,0,0,1461766146060,4599
0.27188659875,5.86887694575,8.6130536388,1.716222,-0.250277,1.526432,0,0,0,0,0,0,1461766146070,4609
-0.02842918845,5.5411714644,8.664675318,1.751031,-0.100751,1.601472,0,0,0,0,0,0,1461766146080,4619
-0.04937597925,5.20464008805,8.8557657513,1.733428,0.024587,1.617511,0,0,0,0,0,0,1461766146090,4629
0.1008505602,4.9122577998,9.1354289442,1.650733,0.072746,1.54318,0,0,0,0,0,0,1461766146100,4639
0.2762309004,4.6897471803,9.0956339643,1.517966,0.051009,1.407055,0,0,0,0,0,0,1461766146110,4649
0.2931373926,4.5947217108,8.92055762715,1.37339,0.003001,1.222252,0,0,0,0,0,0,1461766146120,4659
0.581332284,4.3707204957,8.8548635487,1.247022,-0.087253,1.003579,0,0,0,0,0,0,1461766146130,4669
0.88240317555,4.24322553915,8.7417351879,1.142999,-0.192084,0.750743,0,0,0,0,0,0,1461766146140,4679
0.8794121778,4.451977569,8.5531944576,1.051731,-0.276752,0.509332,0,0,0,0,0,0,1461766146150,4689
0.6295216707,4.5844052202,8.29821435105,0.979728,-0.322447,0.328139,0,0,0,0,0,0,1461766146160,4699
0.7324708326,4.44194546835,7.8656180109,0.934433,-0.308012,0.226086,0,0,0,0,0,0,1461766146170,4709
0.92804285925,4.5261935394,7.6570326924,0.891188,-0.225929,0.183068,0,0,0,0,0,0,1461766146180,4719
1.112847294,4.7829682446,7.6758808815,0.821298,-0.119731,0.177359,0,0,0,0,0,0,1461766146190,4729
1.4766114597,4.859733918,7.6552282872,0.713191,-0.025612,0.208332,0,0,0,0,0,0,1461766146200,4739
1.72590376725,4.99425036435,7.788558141,0.574313,0.050171,0.262124,0,0,0,0,0,0,1461766146210,4749
2.1394950135,4.89414510195,7.9738038705,0.418626,0.079023,0.327157,0,0,0,0,0,0,1461766146220,4759
2.4395166042,4.90312790175,7.87264930725,0.263012,0.084545,0.382814,0,0,0,0,0,0,1461766146230,4769
2.55114456285,5.13042411765,7.6601707884,0.125221,0.118116,0.391162,0,0,0,0,0,0,1461766146240,4779
2.5227153744,5.26763736525,7.2721648311,0.028886,0.140505,0.344899,0,0,0,0,0,0,1461766146250,4789
2.45433430125,5.33257633935,6.9531381465,-0.019299,0.132222,0.294239,0,0,0,0,0,0,1461766146260,4799
2.6382365334,5.5941464475,6.7025023416,-0.02062,0.152714,0.254627,0,0,0,0,0,0,1461766146270,4809
2.92418572485,5.8985025333,6.45828982695,0.004869,0.156175,0.227728,0,0,0,0,0,0,1461766146280,4819
3.0940253643,6.1412146458,6.25254840795,0.04424,0.159662,0.202841,0,0,0,0,0,0,1461766146290,4829
3.02997878625,6.20765402205,6.21932381655,0.086821,0.163143,0.180056,0,0,0,0,0,0,1461766146300,4839
3.0636446724,6.25478430135,6.29369669175,0.122026,0.159048,0.172328,0,0,0,0,0,0,1461766146310,4849
3.23079731715,6.32107657935,6.3704525586,0.138018,0.138019,0.145729,0,0,0,0,0,0,1461766146320,4859
3.42367254255,6.3358942764,6.4226822439,0.138992,0.120264,0.101124,0,0,0,0,0,0,1461766146330,4869
3.434449941,6.29773699035,6.5090191101,0.114479,0.102209,0.087651,0,0,0,0,0,0,1461766146340,4879
3.5022328146,6.2473019037,6.4210347435,0.055694,0.111691,0.076351,0,0,0,0,0,0,1461766146350,4889
3.61191907635,6.48821941755,6.31658517945,-0.035079,0.088343,0.032597,0,0,0,0,0,0,1461766146360,4899
3.8389112892,6.77702231505,6.1440585453,-0.129064,0.050241,-0.031242,0,0,0,0,0,0,1461766146370,4909
3.97028963955,6.9309949566,6.01672049355,-0.196414,0.018623,-0.09857,0,0,0,0,0,0,1461766146380,4919
3.83023249245,7.11415189095,5.96823691035,-0.226442,-0.005452,-0.164162,0,0,0,0,0,0,1461766146390,4929
3.57390888855,7.25211043635,5.89266763605,-0.19877,-0.014725,-0.194158,0,0,0,0,0,0,1461766146400,4939
3.40631494905,7.19884125675,5.82802285845,-0.12636,0.015298,-0.198265,0,0,0,0,0,0,1461766146410,4949
3.63031616415,7.0879585959,5.8257771585,-0.027159,0.032544,-0.189698,0,0,0,0,0,0,1461766146420,4959
4.07578850445,7.1953991577,5.86199274765,0.056277,0.010286,-0.16677,0,0,0,0,0,0,1461766146430,4969
4.1800811637,7.4021996841,5.99965709655,0.107876,-0.037696,-0.129471,0,0,0,0,0,0,1461766146440,4979
4.0754845014,7.21710105285,6.0532302792,0.131474,-0.051553,-0.115693,0,0,0,0,0,0,1461766146450,4989
3.8526796854,6.8389702914,6.1072447566,0.124998,-0.045113,-0.126354,0,0,0,0,0,0,1461766146460,4999
3.9280920549,6.7408067259,6.20690872425,0.091795,-0.029173,-0.137937,0,0,0,0,0,0,1461766146470,5009
4.30667391765,6.86126057955,6.1326829473,0.037408,-0.038893,-0.139504,0,0,0,0,0,0,1461766146480,5019
4.4103781839,7.12866558495,6.1160706516,-0.026479,-0.067812,-0.137613,0,0,0,0,0,0,1461766146490,5029
4.321942716,7.29506312535,5.9465350152,-0.061662,-0.071139,-0.133013,0,0,0,0,0,0,1461766146500,5039
4.1800811637,7.15035767355,5.82533586375,-0.057321,-0.081802,-0.127622,0,0,0,0,0,0,1461766146510,5049
3.9470971488,7.0750924023,5.9074853331,-0.021017,-0.07646,-0.116265,0,0,0,0,0,0,1461766146520,5059
3.65216515755,7.051301712,6.02988088365,0.032383,-0.066889,-0.094438,0,0,0,0,0,0,1461766146530,5069
3.41035524765,6.9019675686,6.1440585453,0.078116,-0.02113,-0.079275,0,0,0,0,0,0,1461766146540,5079
3.56059159365,6.6632957547,6.0803159703,0.093975,0.006604,-0.083935,0,0,0,0,0,0,1461766146550,5089
3.9123819618,6.89762326695,6.0333229827,0.069509,-0.023136,-0.099431,0,0,0,0,0,0,1461766146560,5099
4.04825171205,7.2070689522,6.100066362,0.019533,-0.080555,-0.121909,0,0,0,0,0,0,1461766146570,5109
3.9734375421,7.14347347545,6.0556230774,-0.025262,-0.112367,-0.153195,0,0,0,0,0,0,1461766146580,5119
3.775914012,6.98964793215,6.03886368345,-0.046705,-0.109086,-0.174355,0,0,0,0,0,0,1461766146590,5129
3.7723248147,6.9778310394,5.96090161095,-0.041454,-0.085723,-0.167158,0,0,0,0,0,0,1461766146600,5139
3.69945234165,7.10920938975,5.99816650095,-0.026431,-0.071065,-0.129057,0,0,0,0,0,0,1461766146610,5149
3.71037683835,7.08212369865,6.053975577,-0.016748,-0.051143,-0.085631,0,0,0,0,0,0,1461766146620,5159
3.63166946805,7.04576101125,6.0960260634,-0.014642,-0.024723,-0.061382,0,0,0,0,0,0,1461766146630,5169
3.7835435079,6.9160301613,5.9469861165,-0.018923,-0.017338,-0.055019,0,0,0,0,0,0,1461766146640,5179
3.9309359544,7.0770340992,5.8347599583,-0.032666,-0.037651,-0.046184,0,0,0,0,0,0,1461766146650,5189
3.8576221866,7.3140584127,5.97421890585,-0.03569,-0.063289,-0.032064,0,0,0,0,0,0,1461766146660,5199
3.8095897047,7.21664995155,5.91212383125,-0.026013,-0.074991,-0.027777,0,0,0,0,0,0,1461766146670,5209
3.61460607105,7.08706619985,5.91196692645,-0.003622,-0.074888,-0.032238,0,0,0,0,0,0,1461766146680,5219
3.46931222625,7.0695615081,5.94593681565,0.022909,-0.042906,-0.031701,0,0,0,0,0,0,1461766146690,5229
3.42651644205,7.02930562035,6.0128272932,0.040006,-0.028134,-0.00854,0,0,0,0,0,0,1461766146700,5239
3.50477271105,6.98396013315,6.0608597751,0.042159,-0.008137,0.022159,0,0,0,0,0,0,1461766146710,5249
3.4718521227,7.0881155007,6.071038974,0.025076,0.012914,0.046621,0,0,0,0,0,0,1461766146720,5259
3.46452662985,7.0679140077,5.9962149975,0.004778,0.025548,0.056272,0,0,0,0,0,0,1461766146730,5269
3.4197793422,7.08422230035,6.0204567891,-0.01341,0.020306,0.038362,0,0,0,0,0,0,1461766146740,5279
3.3273035757,7.1186334843,6.091240467,-0.017749,0.006707,0.006548,0,0,0,0,0,0,1461766146750,5289
3.28691039625,7.07255250585,5.9465350152,-0.002864,-0.011076,-0.028586,0,0,0,0,0,0,1461766146760,5299
3.1760277354,7.10711078805,5.9897819007,0.032276,-0.023488,-0.062881,0,0,0,0,0,0,1461766146770,5309
3.22091231475,7.23685144455,6.05263207965,0.096322,-0.041255,-0.080325,0,0,0,0,0,0,1461766146780,5319
3.5607386919,7.29461202405,5.9287263204,0.185107,-0.086713,-0.081744,0,0,0,0,0,0,1461766146790,5329
3.81975909705,7.42494107355,5.75978888355,0.28027,-0.11524,-0.069518,0,0,0,0,0,0,1461766146800,5339
3.81242379765,7.3368096087,5.65234832175,0.361404,-0.118219,-0.065934,0,0,0,0,0,0,1461766146810,5349
3.56298439185,7.20617655615,5.65893832335,0.40604,-0.084009,-0.071969,0,0,0,0,0,0,1461766146820,5359
3.4102081494,7.1638220667,5.7588964875,0.394193,-0.061701,-0.072077,0,0,0,0,0,0,1461766146830,5369
3.47739282345,7.0905082989,5.83296535965,0.330197,-0.069331,-0.072515,0,0,0,0,0,0,1461766146840,5379
3.64243705995,7.0848204999,5.8929716391,0.245866,-0.061097,-0.06866,0,0,0,0,0,0,1461766146850,5389
3.7302743283,7.04831071425,5.9118198282,0.142289,-0.047579,-0.067884,0,0,0,0,0,0,1461766146860,5399
3.7528686195,7.0073095287,5.9077795296,0.028004,-0.032987,-0.073418,0,0,0,0,0,0,1461766146870,5409
3.84