-5.1055841265,7.8772878054,-0.62173527,-0.350286,-1.707803,1.624198,0,0,0,0,0,0,1461724901379,0,88.5052071878,9.40772061595
-6.63157156545,9.98686303485,-0.7764630159,-0.350064,-1.989732,1.329253,0,0,0,0,0,0,1461724901388,9,144.31806952,12.0132455864
-7.4352673707,10.7624238481,-0.35434007115,-0.340522,-2.038173,1.093862,0,0,0,0,0,0,1461724901398,19,171.238524847,13.0858138779
-7.82312622975,10.867922713,0.08260057065,-0.345295,-1.879851,0.996143,0,0,0,0,0,0,1461724901407,28,179.319870958,13.3910369635
-7.7893034388,10.2711745325,-0.16774103775,-0.361435,-1.692288,1.073982,0,0,0,0,0,0,1461724901417,38,166.198411393,12.8917962827
-7.20692185395,9.2157838149,-0.9012611712,-0.388110,-1.601605,1.299961,0,0,0,0,0,0,1461724901427,48,137.682665631,11.7338257031
-6.37958245665,8.23207897785,-1.3425363081,-0.465124,-1.482649,1.569978,0,0,0,0,0,0,1461724901436,57,110.268600357,10.5008856939
-6.37958245665,8.23207897785,-1.3425363081,-0.525814,-1.344030,1.768051,0,0,0,0,0,0,1461724901446,67,110.268600357,10.5008856939
-5.7962986692,7.86831481215,-1.5943685121,-0.523459,-1.169469,1.822054,0,0,0,0,0,0,1461724901456,77,98.049467198,9.9019930922
-5.53100207205,7.8829756044,-1.31126322015,-0.496012,-0.899113,1.731559,0,0,0,0,0,0,1461724901465,86,94.4526995331,9.7186778696
-5.45498169645,8.30674604955,-1.1749423686,-0.479183,-0.668588,1.484143,0,0,0,0,0,0,1461724901475,96,100.13934481,10.0069648151
-5.60731664415,8.75325788415,-1.25350264065,-0.452617,-0.546815,1.153534,0,0,0,0,0,0,1461724901484,105,109.632792404,10.4705679122
-6.19029642855,9.20022082005,-1.309762818,-0.407069,-0.492353,0.772423,0,0,0,0,0,0,1461724901494,115,124.67931165,11.1659890583
-7.86217591185,9.55890519285,-1.22835864645,-0.391182,-0.377849,0.415698,0,0,0,0,0,0,1461724901503,124,154.695343519,12.4376582812
-8.04787274265,8.8924226352,-1.31844161475,-0.343734,-0.187236,0.162740,0,0,0,0,0,0,1461724901513,134,145.581724296,12.0657251873
-8.04787274265,8.8924226352,-1.31844161475,-0.312264,-0.036805,0.094577,0,0,0,0,0,0,1461724901523,144,145.581724296,12.0657251873
-7.82551902795,7.99834966515,-1.662602487,-0.300301,0.033450,0.219505,0,0,0,0,0,0,1461724901532,153,127.976592453,11.3126739745
-7.19285926125,7.0584801066,-1.7697488523,-0.288073,0.094974,0.459893,0,0,0,0,0,0,1461724901542,163,104.691376768,10.2318804121
-6.4795406208,6.372100059,-1.85638972155,-0.294401,0.140208,0.747420,0,0,0,0,0,0,1461724901551,172,86.0342886168,9.27546702958
-5.92812812085,6.0951238608,-1.90636390035,-0.297359,0.134355,0.953631,0,0,0,0,0,0,1461724901561,182,75.9274612163,8.7136365093
-5.58621294855,6.21932381655,-1.96861587975,-0.312369,0.109936,1.016819,0,0,0,0,0,0,1461724901571,192,73.7612123237,8.58843480057
-5.27048126475,6.6281294664,-1.8767383128,-0.316644,0.121246,0.942408,0,0,0,0,0,0,1461724901580,201,75.2322196802,8.67365088531
-5.27048126475,6.6281294664,-1.8767383128,-0.332055,0.124760,0.753660,0,0,0,0,0,0,1461724901590,211,75.2322196802,8.67365088531
-4.99305396525,7.05623440665,-1.8237633297,-0.330307,0.164631,0.527931,0,0,0,0,0,0,1461724901600,221,78.0471445842,8.83442949965
-4.54159962945,7.38618558795,-1.8073079388,-0.339390,0.209071,0.287394,0,0,0,0,0,0,1461724901609,230,78.4482267195,8.85710035618
-4.2575921349,7.6606218897,-2.23586398035,-0.347298,0.204262,0.078640,0,0,0,0,0,0,1461724901619,240,81.8113062627,9.04496026872
-3.6916757475,7.6188655998,-2.35258153845,-0.337443,0.188127,-0.069437,0,0,0,0,0,0,1461724901629,250,77.2102227476,8.78693477542
-3.54637209615,7.5216042369,-2.321602647,-0.298820,0.181790,-0.176554,0,0,0,0,0,0,1461724901638,259,74.5411241915,8.6337201826
-3.4791874221,7.46414766045,-2.2053361902,-0.250657,0.155676,-0.251621,0,0,0,0,0,0,1461724901648,269,72.6817531269,8.52535941336
-3.4791874221,7.46414766045,-2.2053361902,-0.190798,0.125242,-0.270877,0,0,0,0,0,0,1461724901657,278,72.6817531269,8.52535941336
-3.44297183295,7.46489295825,-1.9065109986,-0.112813,0.113737,-0.288785,0,0,0,0,0,0,1461724901667,288,71.2134661084,8.43880714962
-3.3759440637,7.37047549485,-1.61681570505,-0.032769,0.113060,-0.269313,0,0,0,0,0,0,1461724901677,298,68.3350003655,8.26649867631
-3.42606534075,7.4105744778,-1.4442890709,0.015593,0.109943,-0.238526,0,0,0,0,0,0,1461724901686,307,68.7405087304,8.29098961104
-3.466615425,7.48748724945,-1.3389471108,0.077288,0.133902,-0.218704,0,0,0,0,0,0,1461724901696,317,69.872667181,8.35898721025
-3.466615425,7.48748724945,-1.3389471108,0.133908,0.160330,-0.175224,0,0,0,0,0,0,1461724901705,326,69.872667181,8.35898721025
-3.6334640667,8.0308191522,-1.0425147174,0.208672,0.202158,-0.130430,0,0,0,0,0,0,1461724901715,336,78.7829543153,8.87597624576
-3.64932125805,8.2495836696,-0.8019012066,0.252669,0.279305,-0.060262,0,0,0,0,0,0,1461724901724,345,82.0162219113,9.05628079906
-3.66428605335,8.4490488966,-0.65749975785,0.268743,0.368033,0.000227,0,0,0,0,0,0,1461724901734,355,85.2457254695,9.2328611746
-3.70468903935,8.5536455589,-0.64822276155,0.274953,0.466199,0.072048,0,0,0,0,0,0,1461724901744,365,87.3097659742,9.34396949771
-3.74509202535,8.621134236,-0.57190818945,0.299395,0.592611,0.127920,0,0,0,0,0,0,1461724901753,374,88.6767487706,9.41683326658
-3.74509202535,8.621134236,-0.57190818945,0.302039,0.711825,0.178856,0,0,0,0,0,0,1461724901763,384,88.6767487706,9.41683326658
-3.7133678361,8.5255203735,-0.6868311489,0.287770,0.774567,0.249166,0,0,0,0,0,0,1461724901773,394,86.9453353522,9.32444825994
-3.596650278,8.48406808665,-0.85861248525,0.261292,0.826729,0.331851,0,0,0,0,0,0,1461724901782,403,85.652519921,9.25486466249
-3.1477456452,8.5117519773,-0.87118448235,0.222701,0.872938,0.413292,0,0,0,0,0,0,1461724901792,413,83.1171867722,9.11686277029
-2.9090738313,8.51639047545,-0.80010660795,0.169536,0.921419,0.492346,0,0,0,0,0,0,1461724901802,423,81.6317878704,9.03503114939
-2.8151074692,8.589557145,-0.818062401,0.115369,0.969747,0.546552,0,0,0,0,0,0,1461724901811,432,82.3745481023,9.07604253528
-2.8151074692,8.589557145,-0.818062401,0.071368,1.003738,0.557069,0,0,0,0,0,0,1461724901821,442,82.3745481023,9.07604253528
-2.654240823,8.6429832294,-0.73859992635,0.027473,1.059950,0.542968,0,0,0,0,0,0,1461724901830,451,82.2916833014,9.07147635732
-2.49173648295,8.6206831347,-0.70717974015,-0.015005,1.083175,0.523544,0,0,0,0,0,0,1461724901840,461,81.0250315942,9.0013905367
-2.29227125595,8.6732070165,-0.6754555509,-0.045180,1.088755,0.496419,0,0,0,0,0,0,1461724901850,471,80.9352676632,8.99640304028
-2.0655732396,8.7911209737,-0.6141057741,-0.054477,1.040309,0.473593,0,0,0,0,0,0,1461724901859,480,81.9275266842,9.05138258412
-1.88706460995,8.93820941715,-0.6112618746,-0.060073,0.967201,0.457945,0,0,0,0,0,0,1461724901869,490,83.8262415063,9.15566717975
-1.7003184783,9.09532996125,-0.4640263329,-0.038775,0.870647,0.436946,0,0,0,0,0,0,1461724901878,499,85.8314304693,9.26452537744
-1.5512785314,9.27145559925,-0.44232443775,-0.017273,0.749310,0.405747,0,0,0,0,0,0,1461724901888,509,88.5620049191,9.41073880835
-1.5512785314,9.27145559925,-0.44232443775,0.012809,0.635005,0.362153,0,0,0,0,0,0,1461724901898,519,88.5620049191,9.41073880835
-1.39850228895,9.25888360215,-0.38246525655,0.052834,0.539371,0.282672,0,0,0,0,0,0,1461724901907,528,87.8290138828,9.37171349769
-1.4058277818,9.1831672296,-0.4692630306,0.074874,0.428227,0.183239,0,0,0,0,0,0,1461724901917,538,86.5271199108,9.30199548004
-1.38098779065,9.0018048939,-0.7287247305,0.066676,0.278118,0.088519,0,0,0,0,0,0,1461724901926,547,83.4706583586,9.136227797
-1.3170981174,8.78199107565,-0.95916884895,0.046334,0.097437,0.009692,0,0,0,0,0,0,1461724901936,557,79.7781195845,8.93185980546
-1.27250773455,8.5533513624,-1.18032616455,0.006347,-0.092586,-0.040555,0,0,0,0,0,0,1461724901946,567,76.1722653179,8.72767238832
-1.2799901322,8.5053188805,-1.3247276133,-0.039895,-0.278996,-0.072096,0,0,0,0,0,0,1461724901955,576,75.733727247,8.70251269732
-1.269359832,8.48571558705,-1.4207925771,-0.074298,-0.428758,-0.087160,0,0,0,0,0,0,1461724901965,586,75.6372949545,8.69697044692
-1.269359832,8.48571558705,-1.4207925771,-0.103915,-0.583140,-0.091113,0,0,0,0,0,0,1461724901974,595,75.6372949545,8.69697044692
-1.34746900275,8.5536455589,-1.39281448995,-0.117589,-0.751625,-0.103992,0,0,0,0,0,0,1461724901984,605,76.9204572641,8.77043084826
-1.46313726,8.60347263945,-1.4043371862,-0.137566,-0.912943,-0.094399,0,0,0,0,0,0,1461724901994,615,78.1326750319,8.83926891954
-1.54813062885,8.5395829662,-1.3573441986,-0.162506,-1.037841,-0.093097,0,0,0,0,0,0,1461724902003,624,77.1635689541,8.78427964913
-1.7215594656,8.5347973698,-1.1676070692,-0.200951,-1.116948,-0.101187,0,0,0,0,0,0,1461724902013,634,77.1698394052,8.7846365551
-2.1924699966,8.52851137125,-0.8185135023,-0.208928,-1.191273,-0.121806,0,0,0,0,0,0,1461724902022,643,78.212395249,8.84377720485
-2.40420321765,8.5621772574,-0.71571143865,-0.223214,-1.242002,-0.128478,0,0,0,0,0,0,1461724902032,653,79.6033153623,8.92206900681
-2.40420321765,8.5621772574,-0.71571143865,-0.224440,-1.277201,-0.107718,0,0,0,0,0,0,1461724902042,663,79.6033153623,8.92206900681
-2.6356868304,8.615446437,-0.5748991872,-0.230856,-1.288732,-0.061833,0,0,0,0,0,0,1461724902051,672,81.5032714522,9.0279162298
-2.8574521521,8.6679703188,-0.47209712355,-0.222913,-1.280092,-0.000900,0,0,0,0,0,0,1461724902061,682,83.5216179432,9.13901624592
-3.08010986985,8.76792848295,-0.38860415685,-0.228696,-1.237242,0.082827,0,0,0,0,0,0,1461724902070,691,86.5146598832,9.30132570568
-3.3011200872,8.79201336975,-0.3245575788,-0.231054,-1.170757,0.179209,0,0,0,0,0,0,1461724902080,701,88.3022305459,9.39692665428
-3.5124120135,8.8346620557,-0.32754857655,-0.239692,-1.081866,0.287039,0,0,0,0,0,0,1461724902090,711,90.495579861,9.51291647504
-3.64663426335,8.84693004975,-0.31034788785,-0.248183,-1.003638,0.383575,0,0,0,0,0,0,1461724902100,721,91.6624285673,9.57404974748
-3.64663426335,8.84693004975,-0.31034788785,-0.253167,-0.907695,0.486492,0,0,0,0,0,0,1461724902109,730,91.6624285673,9.57404974748
-3.6580000548,8.9230975236,-0.27188659875,-0.254422,-0.804753,0.575795,0,0,0,0,0,0,1461724902119,740,93.0765561392,9.64761919539
-3.7703831178,9.2000737218,-0.0998110659,-0.260314,-0.679692,0.626835,0,0,0,0,0,0,1461724902128,749,98.8671075904,9.94319403363
-3.7937227068,9.3709626621,-0.03292058835,-0.269473,-0.566642,0.640490,0,0,0,0,0,0,1461724902138,759,102.208356956,10.1098148824
-3.8538760845,9.48572871675,0.0242417916,-0.271255,-0.438362,0.635630,0,0,0,0,0,0,1461724902147,768,104.831997827,10.2387498176
-3.8752739766,9.57177138645,0.0912793674,-0.274139,-0.311338,0.618338,0,0,0,0,0,0,1461724902157,778,106.644887791,10.3269011708
-3.8752739766,9.57177138645,0.0912793674,-0.280743,-0.169028,0.601223,0,0,0,0,0,0,1461724902167,788,106.644887791,10.3269011708
-3.80045980665,9.636112161,0.1114808604,-0.283686,-0.043138,0.591374,0,0,0,0,0,0,1461724902176,797,107.310580304,10.3590820203
-3.7359621273,9.7480441227,0.1417046475,-0.253741,0.047657,0.592175,0,0,0,0,0,0,1461724902186,807,109.001857442,10.4403954639
-3.7040908398,10.0030242293,0.2482430067,-0.220115,0.129058,0.594101,0,0,0,0,0,0,1461724902195,816,113.842407271,10.6696957441
-3.6714742545,10.2571021332,0.2874495936,-0.179062,0.182240,0.595695,0,0,0,0,0,0,1461724902205,826,118.770494641,10.8981876769
-3.56223909405,10.491135449,0.3375806772,-0.142788,0.231822,0.589820,0,0,0,0,0,0,1461724902215,836,122.867431085,11.0845582269
-3.509568114,10.7072129716,0.35792926845,-0.112206,0.243564,0.559969,0,0,0,0,0,0,1461724902224,845,127.089591328,11.2734019412
-3.47425472745,10.8291672275,0.3872606595,-0.073027,0.261152,0.516468,0,0,0,0,0,0,1461724902234,855,129.49127957,11.3794235166
-3.45674022915,10.9041284956,0.37813076145,-0.032352,0.249219,0.456498,0,0,0,0,0,0,1461724902244,865,130.992054134,11.4451760202
-3.23183681145,10.6822160757,0.3908498568,0.014496,0.202048,0.404826,0,0,0,0,0,0,1461724902253,874,124.707273074,11.1672410682
-3.23183681145,10.6822160757,0.3908498568,0.048110,0.151201,0.339514,0,0,0,0,0,0,1461724902263,884,124.707273074,11.1672410682
-3.11437395555,10.5565255243,0.3443079705,0.075437,0.106336,0.295418,0,0,0,0,0,0,1461724902272,893,121.25810426,11.0117257621
-3.08130626895,10.3669354932,0.3254597814,0.100384,0.053211,0.250006,0,0,0,0,0,0,1461724902282,903,117.073723913,10.8200611788
-3.01067949585,10.2140121525,0.24899811105,0.100006,0.005697,0.178687,0,0,0,0,0,0,1461724902292,913,113.452235337,10.6513959337
-2.96099951355,10.1465234754,0.18240183,0.112843,-0.029915,0.118608,0,0,0,0,0,0,1461724902301,922,111.752727184,10.5713162465
-2.9119177308,10.0980398922,0.17342883675,0.114787,-0.070302,0.056050,0,0,0,0,0,0,1461724902311,932,110.479752097,10.5109348822
-2.9119177308,10.0980398922,0.17342883675,0.111951,-0.116636,-0.012759,0,0,0,0,0,0,1461724902321,942,110.479752097,10.5109348822
-2.8703183457,9.97383993645,0.0872390688,0.122609,-0.191153,-0.080689,0,0,0,0,0,0,1461724902330,951,107.723821139,10.379008678
-2.79130697235,9.85876987875,0.05955517815,0.133271,-0.275060,-0.143747,0,0,0,0,0,0,1461724902340,961,104.990284955,10.2464767094
-2.72158240185,9.71586883215,0.07975667115,0.145024,-0.340101,-0.202886,0,0,0,0,0,0,1461724902349,970,101.81147906,10.0901674446
-2.7055683057,9.38562345435,0.1854026343,0.154143,-0.385068,-0.249376,0,0,0,0,0,0,1461724902359,980,95.4444016205,9.76956506813
-2.72352409875,9.329363277,0.1945227258,0.157300,-0.436009,-0.305839,0,0,0,0,0,0,1461724902368,989,94.4924417616,9.720722286
-2.6959971129,9.3483683709,0.29134279395,0.180929,-0.487896,-0.340048,0,0,0,0,0,0,1461724902378,999,94.7452722544,9.73371831596
-2.6988410124,9.4617909282,0.34910337345,0.185017,-0.535116,-0.365414,0,0,0,0,0,0,1461724902388,1009,96.9311035445,9.8453594929
-2.6988410124,9.4617909282,0.34910337345,0.204726,-0.578619,-0.372181,0,0,0,0,0,0,1461724902397,1018,96.9311035445,9.8453594929
-2.76886958595,9.5678781861,0.45399423225,0.219522,-0.611550,-0.378813,0,0,0,0,0,0,1461724902407,1028,99.417042531,9.97080952235
-2.8496657514,9.75866461635,0.4914062205,0.251373,-0.654987,-0.384398,0,0,0,0,0,0,1461724902417,1038,103.593610063,10.1780946185
-2.9761114071,9.84664898295,0.537791202,0.287870,-0.678307,-0.376128,0,0,0,0,0,0,1461724902426,1047,106.102954678,10.3006288487
-3.14055744405,9.9353884539,0.54497940315,0.290235,-0.671210,-0.372337,0,0,0,0,0,0,1461724902436,1057,108.872047339,10.4341768884
-3.26176640205,9.8149247937,0.46611512805,0.299810,-0.640555,-0.372064,0,0,0,0,0,0,1461724902445,1066,107.18913208,10.3532184407
-3.4012253496,9.6664928529,0.36765736605,0.303049,-0.582763,-0.356565,0,0,0,0,0,0,1461724902455,1076,105.144589893,10.2540036031
-3.4335477384,9.4306649385,0.2515380075,0.296499,-0.520280,-0.335998,0,0,0,0,0,0,1461724902465,1086,100.789962623,10.0394204326
-3.4335477384,9.4306649385,0.2515380075,0.293394,-0.424786,-0.310132,0,0,0,0,0,0,1461724902474,1095,100.789962623,10.0394204326
-3.4093059468,9.2219227152,0.1650442365,0.257239,-0.322246,-0.260418,0,0,0,0,0,0,1461724902484,1105,96.694465204,9.8333343889
-3.310102887,9.07752126645,0.0796095729,0.230841,-0.213817,-0.218146,0,0,0,0,0,0,1461724902493,1114,93.3645111495,9.66253130135
-3.0020006991,9.05059248015,-0.1466471487,0.201186,-0.154954,-0.193773,0,0,0,0,0,0,1461724902503,1124,90.9467378254,9.53659990905
-2.82213876555,9.1503937395,-0.17268353895,0.204383,-0.081880,-0.181841,0,0,0,0,0,0,1461724902513,1134,91.7239924045,9.57726434868
-2.6527502274,9.2877638919,-0.21816631785,0.189881,-0.047978,-0.209991,0,0,0,0,0,0,1461724902522,1143,93.3472384229,9.66163746075
-2.54022006615,9.40776664425,-0.27398520045,0.202319,-0.036381,-0.249693,0,0,0,0,0,0,1461724902532,1153,95.0338591072,9.74853112562
-2.54022006615,9.40776664425,-0.27398520045,0.201542,-0.051941,-0.292097,0,0,0,0,0,0,1461724902542,1163,95.0338591072,9.74853112562
-2.45388319995,9.41465084235,-0.349701573,0.206874,-0.072187,-0.335824,0,0,0,0,0,0,1461724902551,1172,94.7794844325,9.73547556273
-2.4616597941,9.33953266935,-0.35957676885,0.237612,-0.116874,-0.352599,0,0,0,0,0,0,1461724902561,1182,93.4159348764,9.66519192135
-2.54561366865,9.2561868009,-0.38980055595,0.248833,-0.153390,-0.365463,0,0,0,0,0,0,1461724902570,1191,92.3090875166,9.607761837
-2.5900471467,9.0968303634,-0.38097466095,0.278059,-0.192013,-0.351105,0,0,0,0,0,0,1461724902580,1201,89.6058085749,9.46603446935
-2.63403933,8.94629001435,-0.46850792625,0.288829,-0.221180,-0.315431,0,0,0,0,0,0,1461724902590,1211,87.1937678898,9.33776032514
-2.6491610301,8.73919529145,-0.4207794474,0.290984,-0.247967,-0.268507,0,0,0,0,0,0,1461724902599,1220,83.5686438489,9.14158869392
-2.6491610301,8.73919529145,-0.4207794474,0.299039,-0.275779,-0.200500,0,0,0,0,0,0,1461724902609,1230,83.5686438489,9.14158869392
-2.6033644416,8.8232864577,-0.3815728605,0.298660,-0.298987,-0.143585,0,0,0,0,0,0,1461724902619,1240,84.7734881783,9.20725193412
-2.6183292369,9.05986947645,-0.33323637555,0.288544,-0.305804,-0.093905,0,0,0,0,0,0,1461724902628,1249,89.0479294051,9.43652104354
-2.66427292365,9.40103935095,-0.28565499495,0.290710,-0.314998,-0.057980,0,0,0,0,0,0,1461724902638,1259,95.5594898659,9.77545343531
-2.7705072798,9.8569752801,-0.18060723135,0.300483,-0.325547,-0.058139,0,0,0,0,0,0,1461724902647,1268,104.868291232,10.2405220195
-2.9292753243,10.0971474962,-0.07691277165,0.303046,-0.337359,-0.066973,0,0,0,0,0,0,1461724902657,1278,110.538957059,10.5137508559
-3.0055898964,10.1077679898,-0.1550219424,0.316475,-0.327951,-0.079367,0,0,0,0,0,0,1461724902667,1288,111.224576164,10.5463062806
-3.14265604575,9.8553277797,-0.2534797044,0.312892,-0.303370,-0.100215,0,0,0,0,0,0,1461724902676,1297,107.068024628,10.3473680048
-3.14265604575,9.8553277797,-0.2534797044,0.300537,-0.270435,-0.094837,0,0,0,0,0,0,1461724902686,1307,107.068024628,10.3473680048
-3.2673071028,9.43320483495,-0.29448088995,0.270964,-0.235095,-0.066983,0,0,0,0,0,0,1461724902695,1316,99.7473681567,9.98736041988
-3.26819949885,9.04610108025,-0.33339328035,0.233875,-0.184383,-0.021536,0,0,0,0,0,0,1461724902705,1326,92.6242237978,9.62414795178
-3.1439995431,8.6553983217,-0.48602242455,0.196613,-0.126511,0.040141,0,0,0,0,0,0,1461724902714,1335,85.0368710315,9.22154385293
-2.9979604005,8.6037766425,-0.69550994565,0.155870,-0.100451,0.100259,0,0,0,0,0,0,1461724902724,1345,83.4964731615,9.13764045919
-2.6882107122,8.91696842985,-0.84454989255,0.129973,-0.113223,0.151198,0,0,0,0,0,0,1461724902734,1355,87.4520673331,9.35158100714
-2.5800248526,9.2259630138,-0.85217938845,0.106805,-0.146135,0.178305,0,0,0,0,0,0,1461724902743,1364,92.5011314821,9.61775085361
-2.5800248526,9.2259630138,-0.85217938845,0.100030,-0.193458,0.144296,0,0,0,0,0,0,1461724902753,1374,92.5011314821,9.61775085361
-2.5872032472,9.5566594929,-0.832576095,0.107978,-0.225554,0.085521,0,0,0,0,0,0,1461724902763,1384,98.7165442595,9.93561997359
-2.7428331957,9.6455460621,-0.7481809257,0.139339,-0.260107,-0.009429,0,0,0,0,0,0,1461724902772,1393,101.119467473,10.0558175935
-2.93346272115,9.6123214707,-0.7125635361,0.169391,-0.288735,-0.096856,0,0,0,0,0,0,1461724902782,1403,101.509674385,10.0752009601
-3.1869522321,9.3914583516,-0.7070326419,0.193237,-0.310263,-0.172995,0,0,0,0,0,0,1461724902791,1412,98.8560496562,9.94263796265
-3.3436216749,9.12106234845,-0.70000134555,0.165391,-0.303428,-0.188936,0,0,0,0,0,0,1461724902801,1422,94.8635861529,9.73979394818
-3.44581573245,8.9817603057,-0.72094813635,0.159940,-0.263153,-0.142514,0,0,0,0,0,0,1461724902811,1432,93.0654304664,9.64704257617
-3.44581573245,8.9817603057,-0.72094813635,0.153067,-0.246209,-0.059053,0,0,0,0,0,0,1461724902820,1441,93.0654304664,9.64704257617
-3.53066200305,8.96409870915,-0.8378127927,0.138881,-0.231633,0.028147,0,0,0,0,0,0,1461724902830,1451,93.5225701228,9.67070680575
-3.50208571635,9.4908183162,-1.05807771225,0.117322,-0.228769,0.131414,0,0,0,0,0,0,1461724902840,1461,103.459765121,10.171517346
-3.42292724475,9.8565241788,-1.1813754654,0.105933,-0.221471,0.180006,0,0,0,0,0,0,1461724902849,1470,110.2631478,10.5006260671
-3.3710015625,10.1472687732,-1.3054283229,0.092520,-0.214464,0.181389,0,0,0,0,0,0,1461724902859,1480,116.034858196,10.7719477438
-3.3557425707,10.3727703904,-1.4395034745,0.072149,-0.197161,0.138184,0,0,0,0,0,0,1461724902869,1490,120.927544027,10.9967060535
-3.3289510761,10.4848494504,-1.50653124375,0.066699,-0.198792,0.066129,0,0,0,0,0,0,1461724902878,1499,123.283619653,11.1033157054
-3.3289510761,10.4848494504,-1.50653124375,0.066351,-0.239286,-0.012572,0,0,0,0,0,0,1461724902887,1508,123.283619653,11.1033157054
-3.28794989055,10.3705246905,-1.5636936237,0.086493,-0.281912,-0.070275,0,0,0,0,0,0,1461724902897,1518,120.803534588,10.9910661261
-3.2846646963,10.2195430467,-1.54454143155,0.102790,-0.303299,-0.116554,0,0,0,0,0,0,1461724902907,1528,117.613690484,10.8449845774
-3.2595207021,9.9172855626,-1.4966560479,0.127323,-0.332673,-0.126925,0,0,0,0,0,0,1461724902916,1537,111.217007463,10.5459474427
-3.3232632771,9.76764741615,-1.4785531566,0.134720,-0.363218,-0.122312,0,0,0,0,0,0,1461724902926,1547,108.637134292,10.422913906
-3.3232632771,9.76764741615,-1.4785531566,0.150517,-0.391302,-0.106533,0,0,0,0,0,0,1461724902936,1557,108.637134292,10.422913906
-3.376983558,9.59885707755,-1.489026552,0.154227,-0.413624,-0.101816,0,0,0,0,0,0,1461724902945,1566,105.759275219,10.2839328673
-3.46032942645,9.45939813,-1.45206566505,0.160229,-0.411196,-0.094365,0,0,0,0,0,0,1461724902955,1576,103.562587417,10.1765705135
-3.5894718834,9.24511520595,-1.45416426675,0.175913,-0.402828,-0.085658,0,0,0,0,0,0,1461724902965,1586,100.471057288,10.0235251927
-3.65306736015,9.08605296495,-1.4649416652,0.171172,-0.392373,-0.105406,0,0,0,0,0,0,1461724902974,1595,98.0473137021,9.90188435108
-3.7461413262,8.9654422065,-1.4664322608,0.164963,-0.362978,-0.106309,0,0,0,0,0,0,1461724902984,1605,96.5631523695,9.82665519744
-3.7634989197,8.88089993895,-1.4571552645,0.188906,-0.327412,-0.083691,0,0,0,0,0,0,1461724902993,1614,95.1576093091,9.75487618113
-3.7634989197,8.88089993895,-1.4571552645,0.201850,-0.303591,-0.047474,0,0,0,0,0,0,1461724903003,1624,95.1576093091,9.75487618113
-3.77098131735,8.76822267945,-1.38997059045,0.217222,-0.268021,-0.017358,0,0,0,0,0,0,1461724903012,1633,93.0340472945,9.64541586944
-3.79073170905,8.75041398465,-1.26517243515,0.239842,-0.230041,0.016474,0,0,0,0,0,0,1461724903022,1643,92.5400530834,9.61977406613
-3.73342223085,8.7216905997,-1.13917788075,0.250291,-0.183892,0.047968,0,0,0,0,0,0,1461724903032,1653,91.3040547147,9.55531552146
-3.7356679308,8.78842417245,-1.02381362655,0.281584,-0.129558,0.053350,0,0,0,0,0,0,1461724903041,1662,92.239808666,9.60415580184
-3.7085822397,8.82598325895,-0.91756946385,0.303213,-0.071789,0.050119,0,0,0,0,0,0,1461724903051,1672,92.4934964369,9.61735392075
-3.67281775185,8.9105255265,-0.85906358655,0.313998,-0.024698,0.041860,0,0,0,0,0,0,1461724903060,1681,93.6250456424,9.67600359872
-3.67281775185,8.9105255265,-0.85906358655,0.340838,0.007040,0.012238,0,0,0,0,0,0,1461724903070,1691,93.6250456424,9.67600359872
-3.6164006697,8.94719221695,-0.81985699965,0.350508,0.020029,0.011083,0,0,0,0,0,0,1461724903080,1701,93.8027678707,9.68518290332
-3.58916788035,9.0405603795,-0.90574276455,0.363956,0.023559,-0.000130,0,0,0,0,0,0,1461724903089,1710,95.4342280043,9.76904437518
-3.50477271105,9.13288904775,-0.93327955695,0.373794,0.010619,-0.006528,0,0,0,0,0,0,1461724903099,1720,96.5641048461,9.82670366125
-3.44716903635,9.1315455504,-0.9709857417,0.363081,-0.024788,-0.013057,0,0,0,0,0,0,1461724903109,1730,96.2109118148,9.8087161145
-3.38252425875,9.24317350905,-0.9795174402,0.368103,-0.064770,-0.009774,0,0,0,0,0,0,1461724903118,1739,97.8371812951,9.89126793162
-3.40301994825,9.30975998355,-0.98939263605,0.344126,-0.093272,-0.032317,0,0,0,0,0,0,1461724903128,1749,99.2310735078,9.96147948388
-3.40301994825,9.30975998355,-0.98939263605,0.325029,-0.132325,-0.051268,0,0,0,0,0,0,1461724903137,1758,99.2310735078,9.96147948388
-3.4206815448,9.2440659051,-0.97038754215,0.304638,-0.152554,-0.071258,0,0,0,0,0,0,1461724903147,1768,98.0954686707,9.90431565888
-3.3916541568,9.21518561535,-0.9605123463,0.270838,-0.166954,-0.089877,0,0,0,0,0,0,1461724903157,1778,97.3455478121,9.8663847387
-3.4105023459,9.21534252015,-1.00869192645,0.249103,-0.174195,-0.102269,0,0,0,0,0,0,1461724903166,1787,97.5715234176,9.87782989414
-3.38087675835,9.16760423475,-0.9892455378,0.217615,-0.183808,-0.109666,0,0,0,0,0,0,1461724903176,1797,96.4539017942,9.82109473502
-3.34331767185,9.20441802345,-0.99821853105,0.193291,-0.193298,-0.102189,0,0,0,0,0,0,1461724903186,1807,96.895524441,9.84355242994
-3.34451407095,9.2796832947,-1.0558320123,0.165330,-0.198118,-0.098371,0,0,0,0,0,0,1461724903195,1816,98.4130776589,9.92033656984
-3.35469326985,9.31738947945,-1.08500649855,0.150845,-0.205296,-0.105829,0,0,0,0,0,0,1461724903205,1826,99.2449527484,9.96217610507
-3.35469326985,9.31738947945,-1.08500649855,0.141202,-0.206570,-0.114491,0,0,0,0,0,0,1461724903214,1835,99.2449527484,9.96217610507
-3.3847699587,9.3655690596,-1.03713092145,0.122987,-0.198453,-0.120527,0,0,0,0,0,0,1461724903224,1845,100.246192032,10.0123020346
-3.48951371925,9.33041257785,-1.000464231,0.093769,-0.172744,-0.128809,0,0,0,0,0,0,1461724903233,1854,100.234233547,10.0117048272
-3.5911193838,9.20920361985,-1.12705698495,0.086324,-0.138645,-0.129657,0,0,0,0,0,0,1461724903243,1864,98.9758271879,9.94865956739
-3.61760687535,9.12435734925,-1.19499676335,0.046441,-0.113901,-0.109673,0,0,0,0,0,0,1461724903253,1874,97.7689938058,9.88782047803
-3.5761545885,9.0098854911,-1.2907577241,0.014963,-0.098172,-0.068670,0,0,0,0,0,0,1461724903262,1883,95.6329737059,9.77921130286
-3.5761545885,9.0098854911,-1.2907577241,-0.000217,-0.072019,-0.013649,0,0,0,0,0,0,1461724903272,1893,95.6329737059,9.77921130286
-3.46931222625,8.9412004149,-1.31814741825,-0.037862,-0.051912,0.022995,0,0,0,0,0,0,1461724903282,1903,93.7187047989,9.68084215339
-3.3645684657,8.9670897069,-1.33565211,-0.069116,-0.024133,0.057981,0,0,0,0,0,0,1461724903291,1912,93.5129853309,9.67021123507
-3.2889991914,9.0312833832,-1.3824881928,-0.090444,-0.018403,0.069987,0,0,0,0,0,0,1461724903301,1922,94.2928688319,9.71045152565
-3.2418689121,9.05851617255,-1.39146118605,-0.085393,-0.008824,0.070433,0,0,0,0,0,0,1461724903310,1931,94.5025935239,9.72124444317
-3.1867953273,9.1520412399,-1.3328082105,-0.094237,0.000734,0.050862,0,0,0,0,0,0,1461724903320,1941,95.6919010409,9.78222372679
-3.1867953273,9.1520412399,-1.3328082105,-0.086982,0.017221,0.046028,0,0,0,0,0,0,1461724903330,1951,95.6919010409,9.78222372679
-3.1392139467,9.16954593165,-1.3708183983,-0.091755,0.015254,0.038588,0,0,0,0,0,0,1461724903339,1960,95.8143798769,9.78848200064
-3.15852304365,9.20726192295,-1.45745926755,-0.092987,0.016433,0.039849,0,0,0,0,0,0,1461724903349,1970,96.8741274516,9.84246551691
-3.2348278092,9.22730651115,-1.5355684383,-0.093042,0.003564,0.053382,0,0,0,0,0,0,1461724903358,1979,97.9652668346,9.89774049137
-3.272837997,9.2000737218,-1.49770534875,-0.092054,-0.006835,0.085574,0,0,0,0,0,0,1461724903368,1989,97.5959463528,9.87906606683
-3.30262048935,9.25723610175,-1.5173086422,-0.087476,-0.007792,0.119089,0,0,0,0,0,0,1461724903378,1999,98.9059478559,9.94514694994
-3.2922941922,9.2288069133,-1.50743344635,-0.088992,-0.002898,0.151453,0,0,0,0,0,0,1461724903387,2008,98.2824336861,9.91374972884
-3.2922941922,9.2288069133,-1.50743344635,-0.097802,0.009003,0.180200,0,0,0,0,0,0,1461724903397,2018,98.2824336861,9.91374972884
-3.2264530155,9.2651696007,-1.48723195335,-0.099333,0.027987,0.206499,0,0,0,0,0,0,1461724903407,2028,98.465225674,9.92296456076
-3.2264530155,9.2651696007,-1.48723195335,-0.107936,0.045613,0.207970,0,0,0,0,0,0,1461724903416,2037,98.465225674,9.92296456076
-3.21702892095,9.2930005896,-1.5544166274,-0.116505,0.058522,0.208148,0,0,0,0,0,0,1461724903426,2047,99.1253460881,9.95617125647
-3.21777421875,9.3308538726,-1.5446885298,-0.123923,0.089082,0.206020,0,0,0,0,0,0,1461724903435,2056,99.8049675688,9.99024361909
-3.19967132745,9.39609684975,-1.6214542032,-0.138430,0.101867,0.190074,0,0,0,0,0,0,1461724903445,2066,101.153646347,10.0575169076
-3.1318786473,9.3567431646,-1.62056180715,-0.111511,0.136991,0.171301,0,0,0,0,0,0,1461724903455,2076,99.9835270805,9.9991763201
-3.13263375165,9.39460625415,-1.62056180715,-0.111894,0.141631,0.175277,0,0,0,0,0,0,1461724903464,2085,100.698241463,10.0348513424
-3.13263375165,9.39460625415,-1.62056180715,-0.124020,0.142728,0.171622,0,0,0,0,0,0,1461724903474,2095,100.698241463,10.0348513424
-3.1133246547,9.38472125175,-1.6202578041,-0.119486,0.150913,0.171858,0,0,0,0,0,0,1461724903483,2104,100.39101873,10.0195318618
-3.08609186535,9.42228033825,-1.5331756401,-0.112626,0.147467,0.193064,0,0,0,0,0,0,1461724903493,2114,100.653957317,10.0326445824
-3.11527615815,9.451160628,-1.552769127,-0.103077,0.141540,0.189358,0,0,0,0,0,0,1461724903503,2124,101.44047472,10.0717662165
-3.1258966518,9.49859491035,-1.53377383965,-0.097297,0.136875,0.201821,0,0,0,0,0,0,1461724903512,2133,102.34699734,10.1166692809
-3.11647255725,9.5264357058,-1.59108331785,-0.091389,0.130974,0.203078,0,0,0,0,0,0,1461724903522,2143,102.996924581,10.148740049
-3.12649485135,9.53615399685,-1.58164941675,-0.073283,0.121597,0.202981,0,0,0,0,0,0,1461724903532,2153,103.214817985,10.1594693752
-3.0971634603,9.5258276997,-1.61008841175,-0.068557,0.115699,0.204226,0,0,0,0,0,0,1461724903541,2162,102.926199558,10.1452550268
-3.0971634603,9.52583750625,-1.61008841175,-0.070882,0.100362,0.200349,0,0,0,0,0,0,1461724903551,2172,102.926386389,10.1452642346
-3.05826087645,9.46882222455,-1.54214863335,-0.064776,0.099056,0.180503,0,0,0,0,0,0,1461724903560,2181,101.389776316,10.0692490443
-3.07652067255,9.4128562437,-1.5137194449,-0.050382,0.112033,0.179390,0,0,0,0,0,0,1461724903570,2191,100.358188671,10.0178934248
-3.1044987597,9.3850252548,-1.523741739,-0.034684,0.113230,0.175652,0,0,0,0,0,0,1461724903580,2201,100.038400469,10.0019198392
-3.0666454767,9.3845741535,-1.45581176715,-0.049317,0.128330,0.158540,0,0,0,0,0,0,1461724903589,2210,99.5939344237,9.97967606807
-3.05586807825,9.32756867835,-1.46538295995,-0.042132,0.135370,0.153654,0,0,0,0,0,0,1461724903599,2220,98.4892143803,9.92417323409
-3.0265366872,9.2986883886,-1.4649416652,-0.027766,0.142527,0.162399,0,0,0,0,0,0,1461724903608,2229,97.7715841497,9.88795146376
-3.00783559635,9.3078084801,-1.4261861796,-0.021841,0.156642,0.160074,0,0,0,0,0,0,1461724903618,2239,97.7163806958,9.88515961913
-3.00783559635,9.3078084801,-1.4261861796,-0.032756,0.169481,0.150323,0,0,0,0,0,0,1461724903628,2249,97.7163806958,9.88515961913
-3.02758598805,9.32711757705,-1.4167522785,-0.018169,0.176494,0.134206,0,0,0,0,0,0,1461724903637,2258,98.1685862298,9.90800616824
-3.01830899175,9.33668876985,-1.3779967929,-0.019270,0.173970,0.110610,0,0,0,0,0,0,1461724903647,2268,98.182821516,9.90872451509
-2.96174481135,9.34522046835,-1.31963801385,-0.018120,0.162193,0.113001,0,0,0,0,0,0,1461724903656,2277,97.8465224172,9.89174011068
-2.94393611655,9.41106164505,-1.3000347204,-0.004830,0.159870,0.111703,0,0,0,0,0,0,1461724903666,2287,98.9249314195,9.94610131758
-2.93556132285,9.44862073155,-1.29015952455,0.009647,0.157576,0.114126,0,0,0,0,0,0,1461724903676,2297,99.5584656077,9.97789885736
-2.9150558268,9.3821813553,-1.26113213655,0.008382,0.150476,0.112846,0,0,0,0,0,0,1461724903685,2306,98.1133317229,9.90521739908
-2.92463682615,9.37320836205,-1.22282775225,0.019261,0.141095,0.113963,0,0,0,0,0,0,1461724903695,2316,97.9058432749,9.89473816101
-2.92463682615,9.37320836205,-1.22282775225,0.020529,0.143412,0.106525,0,0,0,0,0,0,1461724903704,2325,97.9058432749,9.89473816101
-2.9337667242,9.3639215592,-1.251708042,0.031537,0.128080,0.096393,0,0,0,0,0,0,1461724903714,2335,97.8567871813,9.8922589524
-2.87750654685,9.3911641551,-1.20292045575,0.024179,0.118620,0.098844,0,0,0,0,0,0,1461724903724,2345,97.9210257381,9.8955053301
-2.8400945586,9.4468261329,-1.25020763985,0.013378,0.101970,0.082602,0,0,0,0,0,0,1461724903733,2354,98.8716802298,9.94342396913
-2.8194419643,9.38966375295,-1.2500605416,0.004896,0.088930,0.077568,0,0,0,0,0,0,1461724903743,2364,97.6776897412,9.88320240313
-2.8291700619,9.38038675665,-1.2407835453,-0.001077,0.071157,0.066256,0,0,0,0,0,0,1461724903753,2374,97.5354027498,9.87600135428
-2.7992404713,9.34192546755,-1.2787937331,-0.015583,0.035766,0.068470,0,0,0,0,0,0,1461724903762,2383,96.7426320692,9.83578324635
-2.740734594,9.3025717824,-1.31649991785,-0.015389,0.010931,0.052087,0,0,0,0,0,0,1461724903772,2393,95.7826399152,9.78686057503
-2.740734594,9.3025717824,-1.31649991785,-0.028548,-0.008050,0.038287,0,0,0,0,0,0,1461724903781,2402,95.7826399152,9.78686057503
-2.7411856953,9.29359878915,-1.2395871462,-0.028604,-0.019811,0.043162,0,0,0,0,0,0,1461724903791,2412,95.4216537628,9.76840077816
-2.76033788745,9.26606199675,-1.15324047345,-0.032100,-0.035253,0.025646,0,0,0,0,0,0,1461724903801,2422,94.8093337701,9.73700846103
-2.7694677855,9.2473609059,-1.15339737825,-0.033220,-0.038909,0.008240,0,0,0,0,0,0,1461724903810,2431,94.513961051,9.72182910007
-2.7787447818,9.219529917,-1.10536489635,-0.025930,-0.047154,0.004409,0,0,0,0,0,0,1461724903820,2441,93.9429860069,9.69241899667
-2.86493454975,9.22161871215,-1.0872521985,-0.021097,-0.051870,0.001861,0,0,0,0,0,0,1461724903829,2450,94.4282189898,9.71741832946
-2.87466264735,9.23105261325,-1.1164364913,-0.038136,-0.051995,-0.003015,0,0,0,0,0,0,1461724903839,2460,94.7224481238,9.73254581925
-2.87466264735,9.23105261325,-1.1164364913,-0.035819,-0.048385,0.008194,0,0,0,0,0,0,1461724903849,2470,94.7224481238,9.73254581925
-2.93197212555,9.2323961106,-1.11732888735,-0.033570,-0.053001,0.024292,0,0,0,0,0,0,1461724903858,2479,95.0820223305,9.75100109376
-2.94124912185,9.2323961106,-1.1366379843,-0.045811,-0.051879,0.026854,0,0,0,0,0,0,1461724903868,2489,95.1800302472,9.75602533039
-2.88497913795,9.27863399385,-1.1260076841,-0.042300,-0.051824,0.035545,0,0,0,0,0,0,1461724903877,2498,95.6840467229,9.78182225983
-2.83665245955,9.2490084063,-1.1349904839,-0.042489,-0.037666,0.043163,0,0,0,0,0,0,1461724903887,2508,94.8789570746,9.7405829946
-2.80956676845,9.33309957255,-1.1632725741,-0.049798,-0.051819,0.046797,0,0,0,0,0,0,1461724903897,2518,96.3536161392,9.81598778214
-2.77081128285,9.3043761876,-1.12436999025,-0.055891,-0.050713,0.041890,0,0,0,0,0,0,1461724903906,2527,95.5130192805,9.77307624449
-2.7908656776,9.3612345645,-1.17269666865,-0.052180,-0.051959,0.029452,0,0,0,0,0,0,1461724903916,2537,96.7968612787,9.83853959075
-2.7908656776,9.3612345645,-1.17269666865,-0.073836,-0.053388,0.004696,0,0,0,0,0,0,1461724903926,2547,96.7968612787,9.83853959075
-2.81958906255,9.3709626621,-1.20217515795,-0.067782,-0.053385,0.002197,0,0,0,0,0,0,1461724903935,2556,97.2102488065,9.85952579014
-2.8008879717,9.3895166547,-1.1825718645,-0.070186,-0.056976,-0.004022,0,0,0,0,0,0,1461724903945,2566,97.4064726536,9.8694717515
-2.8121066649,9.44652212985,-1.1632725741,-0.084868,-0.054673,0.001065,0,0,0,0,0,0,1461724903954,2575,98.4979273262,9.92461220029
-2.8601391468,9.45699552525,-1.1544466791,-0.084929,-0.048805,-0.000102,0,0,0,0,0,0,1461724903964,2585,98.9479074385,9.94725627691
-2.88917634135,9.50443961415,-1.23165364725,-0.087473,-0.037038,0.002533,0,0,0,0,0,0,1461724903974,2595,100.198683017,10.0099292214
-2.90862273,9.52373890455,-1.2319576503,-0.092542,-0.025217,0.016361,0,0,0,0,0,0,1461724903983,2604,100.67940856,10.0339129237
-2.90862273,9.52373890455,-1.2319576503,-0.094958,-0.021718,0.012682,0,0,0,0,0,0,1461724903993,2614,100.67940856,10.0339129237
-2.9176055298,9.4956039126,-1.2419799444,-0.093949,-0.007519,0.025261,0,0,0,0,0,0,1461724904003,2624,100.221429875,10.0110653716
-2.8415851542,9.5315154987,-1.29824012175,-0.096427,-0.000483,0.024123,0,0,0,0,0,0,1461724904012,2633,100.609821304,10.0304447212
-2.8893234396,9.523140705,-1.260533937,-0.100190,0.000729,0.034107,0,0,0,0,0,0,1461724904022,2643,100.627344632,10.0313181902
-2.8513132518,9.53181950175,-1.2695167368,-0.098972,0.001883,0.030401,0,0,0,0,0,0,1461724904031,2652,100.597243019,10.0298176962
-2.8218347625,9.50263520895,-1.2883649259,-0.094184,0.017190,0.028069,0,0,0,0,0,0,1461724904041,2662,99.9227115235,9.9961348292
-2.7835303782,9.5017428129,-1.29749482395,-0.097812,0.023008,0.020713,0,0,0,0,0,0,1461724904050,2671,99.714650667,9.98572234077
-2.75465008845,9.5008406103,-1.34523310935,-0.087990,0.021799,0.008248,0,0,0,0,0,0,1461724904060,2681,99.6637215306,9.98317191731
-2.75465008845,9.5008406103,-1.34523310935,-0.079600,0.021920,0.021875,0,0,0,0,0,0,1461724904070,2691,99.6637215306,9.98317191731
-2.7633288852,9.4727154249,-1.3551083052,-0.069838,0.013714,0.020517,0,0,0,0,0,0,1461724904079,2700,99.2046425677,9.96015273817
-2.77365518235,9.51087271095,-1.3551083052,-0.056484,0.012603,0.021700,0,0,0,0,0,0,1461724904089,2710,99.9861813133,9.99930904179
-2.80313367165,9.53062310265,-1.30751711805,-0.072363,0.017262,0.026815,0,0,0,0,0,0,1461724904099,2720,100.39993612,10.0199768523
-2.8222858638,9.53107420395,-1.3078211211,-0.057749,0.014951,0.023004,0,0,0,0,0,0,1461724904108,2729,100.517069063,10.0258201192
-2.8424873568,9.5785084863,-1.3271204115,-0.051701,0.020855,0.021806,0,0,0,0,0,0,1461724904118,2739,101.588807782,10.0791273324
-2.8420362555,9.55037349435,-1.30796821935,-0.044578,0.026860,0.036755,0,0,0,0,0,0,1461724904128,2749,100.997584822,10.0497554608
-2.8420362555,9.55037349435,-1.30796821935,-0.049462,0.031546,0.036829,0,0,0,0,0,0,1461724904137,2758,100.997584822,10.0497554608
-2.8324650627,9.56863329045,-1.34642950845,-0.045873,0.032767,0.041806,0,0,0,0,0,0,1461724904147,2768,101.3944738,10.0694823005
-2.79340557405,9.52089500505,-1.2976419222,-0.039829,0.035155,0.043057,0,0,0,0,0,0,1461724904156,2777,100.134430957,10.0067192904
-2.81331287055,9.54962819655,-1.29794592525,-0.044678,0.025725,0.045479,0,0,0,0,0,0,1461724904166,2787,100.794791625,10.0396609318
-2.7664669812,9.6051430761,-1.31649991785,-0.031384,0.030524,0.050449,0,0,0,0,0,0,1461724904176,2797,101.645285104,10.0819286401
-2.78532497685,9.57745918545,-1.2783426318,-0.033916,0.042303,0.054327,0,0,0,0,0,0,1461724904185,2806,101.11991956,10.0558400723
-2.76512348385,9.52044390375,-1.2395871462,-0.036153,0.025718,0.039267,0,0,0,0,0,0,1461724904195,2816,99.8213362984,9.99106282126
-2.76512348385,9.52044390375,-1.2395871462,-0.036174,0.043333,0.031996,0,0,0,0,0,0,1461724904204,2825,99.8213362984,9.99106282126
-2.7747044832,9.51161800875,-1.22043495405,-0.019019,0.022183,0.025487,0,0,0,0,0,0,1461724904214,2835,99.6593235905,9.98295164721
-2.75539538625,9.47360782095,-1.15294627695,-0.018988,0.024488,0.018067,0,0,0,0,0,0,1461724904224,2845,98.6707339973,9.93331435107
-2.74611838995,9.4831888203,-1.1143378896,-0.017871,0.022193,0.027989,0,0,0,0,0,0,1461724904233,2854,98.7137853453,9.93548113305
-2.76631988295,9.5400471972,-1.14321817935,-0.010573,0.018683,0.026684,0,0,0,0,0,0,1461724904243,2864,99.9719740252,9.99859860306
-2.80552646985,9.5973566754,-1.16296857105,-0.012995,0.012781,0.026643,0,0,0,0,0,0,1461724904252,2873,101.332729825,10.0664159374
-2.84353665765,9.56084688975,-1.1155342887,0.003992,0.004645,0.031445,0,0,0,0,0,0,1461724904262,2883,100.739910722,10.0369273546
-2.84337975285,9.56084688975,-1.1249681898,0.003963,0.010512,0.029025,0,0,0,0,0,0,1461724904272,2893,100.760155096,10.0379357986
-2.8433895594,9.56084688975,-1.1249681898,-0.003411,0.016400,0.035336,0,0,0,0,0,0,1461724904281,2902,100.760210864,10.0379385764
-2.86897484835,9.4290174381,-1.15459377735,-0.007118,0.018755,0.039104,0,0,0,0,0,0,1461724904291,2912,98.4704733192,9.92322897645
-2.82168766425,9.4285663368,-1.06735470855,-0.015587,0.018665,0.031691,0,0,0,0,0,0,1461724904300,2921,97.9990305159,9.89944597015
-2.76318178695,9.3797885571,-1.08561450465,-0.016744,0.015079,0.024208,0,0,0,0,0,0,1461724904310,2931,96.7941658163,9.83840260491
-2.67788441505,9.41555304495,-1.1035702977,-0.020447,0.013908,0.029197,0,0,0,0,0,0,1461724904320,2941,97.0415714846,9.8509680481
-2.6870143131,9.37828815495,-1.04595681645,-0.020459,0.006853,0.031619,0,0,0,0,0,0,1461724904329,2950,96.266360298,9.81154219774
-2.6786395194,9.44412933165,-1.08426120075,-0.019094,-0.010864,0.021499,0,0,0,0,0,0,1461724904339,2960,97.5423108593,9.87635109032
-2.6786395194,9.44412933165,-1.08426120075,-0.003164,-0.022612,0.012599,0,0,0,0,0,0,1461724904348,2969,97.5423108593,9.87635109032
-2.7266720013,9.4269188364,-0.98894153475,-0.005513,-0.021534,-0.001038,0,0,0,0,0,0,1461724904358,2979,97.2795443099,9.86303930388
-2.74627529475,9.44622793335,-0.9795174402,-0.006641,-0.021627,-0.014696,0,0,0,0,0,0,1461724904368,2989,97.732704579,9.88598526091
-2.7735080841,9.3805338549,-0.99912073365,0.000664,-0.032187,-0.013600,0,0,0,0,0,0,1461724904378,2999,96.6850047359,9.83285333644
-2.8121066649,9.381730254,-0.94210545195,0.006549,-0.016801,-0.003530,0,0,0,0,0,0,1461724904387,3008,96.8123691362,9.83932767704
-2.8320139614,9.41061054375,-0.93282845565,0.010140,-0.016777,-0.001066,0,0,0,0,0,0,1461724904397,3018,97.4500628114,9.87167983736
-2.7835303782,9.38113205445,-0.92235506025,0.004221,-0.011281,0.008769,0,0,0,0,0,0,1461724904406,3027,96.6044188466,9.8287546946
-2.7835303782,9.38113205445,-0.92235506025,0.006597,-0.008886,0.013752,0,0,0,0,0,0,1461724904416,3037,96.6044188466,9.8287546946
-2.7747044832,9.43724513355,-0.9799685415,-0.004333,-0.011304,0.012541,0,0,0,0,0,0,1461724904425,3046,97.7209190221,9.88538916898
-2.7649763856,9.41824003965,-0.9605123463,-0.020048,-0.005584,-0.002228,0,0,0,0,0,0,1461724904435,3056,97.2709238248,9.86260228463
-2.6983899111,9.444884436,-1.01722362495,-0.016300,-0.016210,-0.009808,0,0,0,0,0,0,1461724904445,3066,97.5218940249,9.87531741388
-2.67953191545,9.4540045275,-0.98819623695,-0.018702,-0.031507,-0.006221,0,0,0,0,0,0,1461724904454,3075,97.5346246946,9.875961963
-2.66052682155,9.453710331,-0.9590217507,-0.033231,-0.032801,-0.013609,0,0,0,0,0,0,1461724904464,3085,97.370764709,9.86766257576
-2.6603797233,9.4629873273,-1.01677252365,-0.017352,-0.051565,-0.013877,0,0,0,0,0,0,1461724904473,3094,97.6595757936,9.88228595992
-2.6603797233,9.4629873273,-1.01677252365,-0.022191,-0.053951,-0.015120,0,0,0,0,0,0,1461724904483,3104,97.6595757936,9.88228595992
-2.717395005,9.45430853055,-1.05613601535,-0.033046,-0.057588,-0.023796,0,0,0,0,0,0,1461724904493,3114,97.8836086869,9.89361454105
-2.73684139365,9.45505382835,-1.0082506317,-0.037995,-0.052868,-0.017506,0,0,0,0,0,0,1461724904502,3123,97.9049130473,9.89469115472
-2.7371453967,9.4646348277,-0.9985225341,-0.047781,-0.055228,-0.010022,0,0,0,0,0,0,1461724904512,3133,98.0683245955,9.90294524854
-2.7654274869,9.4463750316,-0.9989736354,-0.033257,-0.051607,-0.006327,0,0,0,0,0,0,1461724904522,3143,97.8795387472,9.89340885374
-2.7749986797,9.45595603095,-1.01842002405,-0.039409,-0.042205,-0.003711,0,0,0,0,0,0,1461724904531,3152,98.152901477,9.90721461749
-2.80358477295,9.4472772342,-0.99957183495,-0.047987,-0.033993,-0.001097,0,0,0,0,0,0,1461724904541,3162,98.1102785722,9.90506327956
-2.7835303782,9.4180929414,-1.05717550965,-0.044451,-0.025692,0.006428,0,0,0,0,0,0,1461724904551,3172,97.5661360774,9.87755719181
-2.7835303782,9.4180929414,-1.05717550965,-0.033508,-0.024470,0.005144,0,0,0,0,0,0,1461724904560,3181,97.5661360774,9.87755719181
-2.7459712917,9.45505382835,-1.0565773101,-0.037287,-0.026748,0.021295,0,0,0,0,0,0,1461724904570,3191,98.0547568441,9.90226018867
-2.72636799825,9.45430853055,-1.1043155955,-0.044551,-0.022111,0.015172,0,0,0,0,0,0,1461724904579,3200,98.0365451872,9.90134057525
-2.74537309215,9.4269188364,-1.0468492125,-0.046951,-0.016281,0.007793,0,0,0,0,0,0,1461724904589,3210,97.4997654369,9.87419695149
-2.75555229105,9.4737549192,-1.14321817935,-0.031187,-0.022048,0.015111,0,0,0,0,0,0,1461724904598,3219,98.6520485034,9.93237375975
-2.75555229105,9.4737549192,-1.14321817935,-0.029907,-0.024434,0.008867,0,0,0,0,0,0,1461724904608,3229,98.6520485034,9.93237375975
-2.80358477295,9.502939212,-1.1535444765,-0.035966,-0.025647,0.007643,0,0,0,0,0,0,1461724904618,3239,99.4966061053,9.97479854961
-2.8041829725,9.53136840045,-1.1535444765,-0.022706,-0.018468,0.016350,0,0,0,0,0,0,1461724904627,3248,100.041090588,10.0020543184
-2.77604798055,9.5404982985,-1.10491379505,-0.038476,-0.031472,0.020023,0,0,0,0,0,0,1461724904637,3258,99.9483846685,9.99741890032
-2.80387896945,9.5126673096,-1.1438163789,-0.026360,-0.027867,0.022486,0,0,0,0,0,0,1461724904647,3268,99.6608925271,9.9830302277
-2.8332103605,9.53211369825,-1.1442674802,-0.017799,-0.025516,0.015011,0,0,0,0,0,0,1461724904656,3277,100.197620569,10.0098761516
-2.8146563679,9.55066769085,-1.1152400922,-0.019002,-0.014970,0.007673,0,0,0,0,0,0,1461724904666,3287,100.381304274,10.0190470741
-2.81525456745,9.56967278475,-1.0767788031,-0.017787,-0.004406,0.001565,0,0,0,0,0,0,1461724904675,3296,100.663748078,10.0331325157
-2.81525456745,9.56967278475,-1.0767788031,-0.006784,-0.006745,-0.004727,0,0,0,0,0,0,1461724904685,3306,100.663748078,10.0331325157
-2.83380856005,9.56039578845,-1.13468648085,-0.014109,-0.002064,-0.003399,0,0,0,0,0,0,1461724904694,3315,100.719151997,10.0358931838
-2.8149505644,9.5695256865,-1.1152400922,0.001542,0.008673,0.007818,0,0,0,0,0,0,1461724904704,3325,100.743529008,10.0371076017
-2.79579837225,9.5505205926,-1.0764846066,0.001615,0.008621,-0.000879,0,0,0,0,0,0,1461724904714,3335,100.187751236,10.0093831596
-2.77604798055,9.5404982985,-1.10491379505,0.018640,0.006348,-0.000986,0,0,0,0,0,0,1461724904723,3344,99.9483846685,9.99741890032
-2.70991260735,9.57655698285,-1.13274478395,0.027222,0.008684,-0.010938,0,0,0,0,0,0,1461724904733,3354,100.337180731,10.0168448491
-2.7669180825,9.5776062837,-1.1720984691,0.022429,0.001576,-0.014713,0,0,0,0,0,0,1461724904743,3364,100.760192622,10.0379376678
-2.7669180825,9.5776062837,-1.1720984691,0.020168,-0.009111,-0.028481,0,0,0,0,0,0,1461724904752,3373,100.760192622,10.0379376678
-2.77695018315,9.59675847585,-1.1625272763,0.025266,-0.009249,-0.055841,0,0,0,0,0,0,1461724904762,3383,101.160695232,10.0578673302
-2.81450926965,9.5690745852,-1.1825718645,0.037541,-0.013965,-0.067134,0,0,0,0,0,0,1461724904772,3393,100.887127061,10.0442584127
-2.80462426725,9.56892748695,-1.1920057656,0.032778,-0.026960,-0.070971,0,0,0,0,0,0,1461724904781,3402,100.851168276,10.0424682363
-2.77575378405,9.55874828805,-1.21070685645,0.036435,-0.032813,-0.068562,0,0,0,0,0,0,1461724904791,3412,100.540288996,10.026978059
-2.81331287055,9.53107420395,-1.2306043464,0.041313,-0.055090,-0.057636,0,0,0,0,0,0,1461724904800,3421,100.270491846,10.0135154589
-2.81195956665,9.4556520279,-1.1922999621,0.040050,-0.064447,-0.046545,0,0,0,0,0,0,1461724904810,3431,98.7380510768,9.93670222342
-2.89755113505,9.42004444485,-1.1644689732,0.041171,-0.064376,-0.035372,0,0,0,0,0,0,1461724904819,3440,98.4890279127,9.92416383947
-2.8586485512,9.381730254,-1.13513758215,0.049596,-0.056065,-0.030359,0,0,0,0,0,0,1461724904829,3450,97.4772714285,9.87305785603
-2.8586485512,9.381730254,-1.13513758215,0.039657,-0.031323,-0.018867,0,0,0,0,0,0,1461724904839,3460,97.4772714285,9.87305785603
-2.9247839244,9.35494856595,-1.1264587854,0.044522,-0.025436,-0.022564,0,0,0,0,0,0,1461724904848,3469,97.3383330712,9.86601910961
-2.8869306414,9.3450733701,-1.0682471046,0.045619,-0.019486,-0.012572,0,0,0,0,0,0,1461724904858,3479,96.8059166973,9.83899978134
-2.8688277501,9.38248535835,-1.03907261835,0.030902,-0.004216,-0.006128,0,0,0,0,0,0,1461724904868,3489,97.3408760656,9.86614798519
-2.8498226562,9.3914583516,-1.0291974225,0.034486,0.000530,-0.002370,0,0,0,0,0,0,1461724904877,3498,97.3802264761,9.86814199716
-2.81166537015,9.39984295185,-1.0672076103,0.033207,0.001737,0.003862,0,0,0,0,0,0,1461724904887,3508,97.4014417566,9.86921687656
-2.8016332695,9.38083785795,-1.0574795127,0.040514,0.004104,0.000125,0,0,0,0,0,0,1461724904896,3517,96.9675308137,9.84720929064
-2.8016332695,9.38083785795,-1.0574795127,0.038089,0.002914,0.000125,0,0,0,0,0,0,1461724904906,3527,96.9675308137,9.84720929064
-2.7561504906,9.4742060205,-1.0567342149,0.047917,-0.013544,-0.003819,0,0,0,0,0,0,1461724904916,3537,98.4736324467,9.92338815358
-2.77440048015,9.45550492965,-1.0954897005,0.019976,-0.007821,-0.008585,0,0,0,0,0,0,1461724904925,3546,98.3039691828,9.9148358122
-2.7730569828,9.398793651,-1.1050608933,0.015240,-0.007933,-0.023469,0,0,0,0,0,0,1461724904935,3556,97.2483267018,9.86145662171
-2.81046897105,9.34327877145,-1.0672076103,0.037142,-0.005505,-0.028524,0,0,0,0,0,0,1461724904945,3566,96.3345261217,9.81501533986
-2.83949635905,9.35330106555,-1.0482025164,0.029757,-0.003136,-0.019765,0,0,0,0,0,0,1461724904954,3575,96.6457089113,9.83085494305
-2.84218335375,9.4575937248,-0.98086093755,0.029774,-0.006678,-0.021044,0,0,0,0,0,0,1461724904964,3585,98.4861734585,9.9240200251
-2.84218335375,9.4575937248,-0.98086093755,0.035845,-0.003124,-0.022280,0,0,0,0,0,0,1461724904973,3594,98.4861734585,9.9240200251
-2.8231880664,9.47600061915,-1.0191751284,0.027367,0.010887,-0.034514,0,0,0,0,0,0,1461724904983,3604,98.8036965347,9.94000485587
-2.8607471529,9.4483167285,-1.0582248105,0.018927,-0.002113,-0.035850,0,0,0,0,0,0,1461724904993,3614,98.5744030244,9.92846428328
-2.888421237,9.42033864135,-1.0874091033,0.012887,0.007217,-0.045664,0,0,0,0,0,0,1461724905002,3623,98.268215918,9.91303262973
-2.93511022155,9.36497086005,-1.06900220895,0.015334,0.002517,-0.045731,0,0,0,0,0,0,1461724905012,3633,97.460316945,9.87219919496
-2.90518063095,9.3260682762,-1.13603978475,0.006824,0.009518,-0.049347,0,0,0,0,0,0,1461724905021,3642,96.7062103833,9.83393158321
-2.9244897279,9.3453675666,-1.1554861734,-0.007953,0.011927,-0.028129,0,0,0,0,0,0,1461724905031,3652,97.2236834204,9.86020706782
-2.9244897279,9.3453675666,-1.1554861734,-0.006767,0.022514,-0.030509,0,0,0,0,0,0,1461724905041,3662,97.2236834204,9.86020706782
-2.90533753575,9.34492627185,-1.17434416905,-0.012848,0.023662,-0.030470,0,0,0,0,0,0,1461724905050,3671,97.1477174503,9.85635416624
-2.93556132285,9.4116598446,-1.1556430782,-0.009317,0.029624,-0.020488,0,0,0,0,0,0,1461724905060,3681,98.5323722349,9.92634737629
-2.92673542785,9.4584959274,-1.17463836555,-0.009375,0.026143,-0.011829,0,0,0,0,0,0,1461724905070,3691,99.4087007631,9.97039120412
-2.87989934505,9.47645172045,-1.145012778,0.003982,0.026214,-0.010651,0,0,0,0,0,0,1461724905079,3700,99.4080117094,9.97035664906
-2.850567954,9.4755593244,-1.1927510634,-0.002044,0.022632,-0.014383,0,0,0,0,0,0,1461724905089,3710,99.3346172698,9.96667533683
-2.8498226562,9.4192893405,-1.1252623863,-0.003228,0.013215,-0.013230,0,0,0,0,0,0,1461724905098,3719,98.1107162899,9.90508537519
-2.8498226562,9.4192893405,-1.1252623863,0.001525,0.020353,-0.004482,0,0,0,0,0,0,1461724905108,3729,98.1107162899,9.90508537519
-2.87899714245,9.44787543375,-1.18362116535,0.006381,0.021553,-0.004493,0,0,0,0,0,0,1461724905117,3738,98.951933821,9.94745866143
-2.90802453045,9.44907183285,-1.1167306878,0.007672,0.007424,-0.005890,0,0,0,0,0,0,1461724905127,3748,98.9886526011,9.94930412648
-2.8788500442,9.41988754005,-1.10656129545,0.009978,0.019251,0.001677,0,0,0,0,0,0,1461724905137,3758,98.2465367448,9.91193910114
-2.8602960516,9.448022532,-1.1062572924,0.013546,0.016972,0.011577,0,0,0,0,0,0,1461724905146,3767,98.670228465,9.93328890474
-2.8496657514,9.418995144,-1.1542897743,0.008655,0.007582,0.020203,0,0,0,0,0,0,1461724905156,3777,98.1704493005,9.90810018623
-2.78367747645,9.44622793335,-1.11493608915,-0.003408,-0.005449,0.016406,0,0,0,0,0,0,1461724905165,3786,98.2231649446,9.91076005887
-2.78367747645,9.44622793335,-1.11493608915,0.013631,-0.014771,0.018708,0,0,0,0,0,0,1461724905175,3796,98.2231649446,9.91076005887
-2.77394937885,9.4644779229,-1.1821207632,0.002794,-0.026625,0.013675,0,0,0,0,0,0,1461724905185,3806,98.6685470083,9.93320426692
-2.80238837385,9.4556520279,-1.1728437669,-0.009353,-0.012606,0.005190,0,0,0,0,0,0,1461724905195,3816,98.6382983722,9.93168154807
-2.7730569828,9.40821774555,-1.1435221824,0.001659,-0.030206,0.006198,0,0,0,0,0,0,1461724905204,3825,97.5120491592,9.87481894311
-2.8213836612,9.4468261329,-1.17314776995,-0.011634,-0.032668,-0.001212,0,0,0,0,0,0,1461724905214,3835,98.5790054391,9.92869605936
-2.83096466055,9.45595603095,-1.22147444835,-0.010370,-0.042079,-0.001314,0,0,0,0,0,0,1461724905223,3844,98.9214651965,9.94592706571
-2.83096466055,9.45595603095,-1.22147444835,-0.012832,-0.042069,0.002426,0,0,0,0,0,0,1461724905233,3854,98.9214651965,9.94592706571
-2.84098695465,9.46597832505,-1.1830229658,-0.004354,-0.051395,0.010985,0,0,0,0,0,0,1461724905242,3863,99.0754958644,9.953667458
-2.8695730479,9.45715243005,-1.1640178719,-0.017745,-0.046749,0.011102,0,0,0,0,0,0,1461724905252,3873,99.0271191685,9.95123706725
-2.91655622895,9.4113656481,-1.14561097755,-0.020255,-0.032627,0.012502,0,0,0,0,0,0,1461724905262,3883,98.3925281107,9.91930078739
-2.90682813135,9.4016375505,-1.1454638793,-0.022724,-0.029092,0.015034,0,0,0,0,0,0,1461724905271,3892,98.152525915,9.9071956635
-2.8686708453,9.40088244615,-1.11613248825,-0.010590,-0.025503,0.015010,0,0,0,0,0,0,1461724905281,3902,97.8516149163,9.89199751902
-2.84996975445,9.4192893405,-1.11583829175,-0.011901,-0.014884,0.020098,0,0,0,0,0,0,1461724905291,3912,98.0904343747,9.90406150903
-2.83979055555,9.39086015205,-1.1059630959,-0.009555,-0.008951,0.026362,0,0,0,0,0,0,1461724905300,3921,97.4758191642,9.87298430892
-2.83979055555,9.39086015205,-1.1059630959,-0.010726,-0.013680,0.023833,0,0,0,0,0,0,1461724905310,3931,97.4758191642,9.87298430892
-2.84906755185,9.40013714835,-1.17344196645,-0.013126,-0.019577,0.023784,0,0,0,0,0,0,1461724905319,3940,97.8567303714,9.89225608097
-2.81046897105,9.3802396584,-1.18271896275,-0.008299,-0.020701,0.028720,0,0,0,0,0,0,1461724905329,3950,97.2864560311,9.86338968261
-2.8581974499,9.3814360575,-1.19289816165,-0.020311,-0.031413,0.018727,0,0,0,0,0,0,1461724905338,3959,97.6036411876,9.87945551069
-2.8776536451,9.3818871588,-1.1547408756,-0.014218,-0.032568,0.017440,0,0,0,0,0,0,1461724905348,3969,97.6341236514,9.88099811008
-2.91626203245,9.4016375505,-1.1647631697,-0.032565,-0.025533,0.027541,0,0,0,0,0,0,1461724905358,3979,98.2520461144,9.91221701308
-2.954713515,9.4121109459,-1.16536136925,-0.024103,-0.026633,0.033693,0,0,0,0,0,0,1461724905367,3988,98.6762315346,9.93359106943
-2.954713515,9.4121109459,-1.16536136925,-0.029052,-0.019555,0.040005,0,0,0,0,0,0,1461724905377,3998,98.6762315346,9.93359106943
-2.9159580294,9.3922036494,-1.1647631697,-0.037564,-0.013724,0.037619,0,0,0,0,0,0,1461724905387,4008,98.0729738625,9.90317998738
-2.94409302135,9.38323065615,-1.2039697566,-0.035219,-0.014823,0.048772,0,0,0,0,0,0,1461724905396,4017,98.1622444397,9.90768612945
-2.9171544285,9.4580448261,-1.2035186553,-0.040094,-0.006619,0.046393,0,0,0,0,0,0,1461724905406,4027,99.4128590459,9.97059973351
-2.95576281585,9.45909412695,-1.16536136925,-0.040167,-0.004221,0.053867,0,0,0,0,0,0,1461724905415,4036,99.569062647,9.97842986882
-2.96578510995,9.4782463191,-1.15608437295,-0.030182,0.013054,0.041672,0,0,0,0,0,0,1461724905425,4046,99.9695656813,9.99847816827
-2.9563610154,9.4875233154,-1.1559372747,-0.032623,0.017744,0.040486,0,0,0,0,0,0,1461724905435,4056,100.089360097,10.0044670071
-2.966089113,9.50638131105,-1.1943985638,-0.048439,0.030589,0.035726,0,0,0,0,0,0,1461724905444,4065,100.595558187,10.0297337047
-2.966089113,9.50638131105,-1.1943985638,-0.027729,0.027134,0.031858,0,0,0,0,0,0,1461724905454,4075,100.595558187,10.0297337047
-2.9463387213,9.4777952178,-1.1749423686,-0.037509,0.030649,0.036910,0,0,0,0,0,0,1461724905464,4085,99.8900036207,9.9944986678
-2.90802453045,9.48617981805,-1.2225237492,-0.033777,0.022398,0.031832,0,0,0,0,0,0,1461724905473,4094,99.9387785274,9.99693845772
-2.87944824375,9.47615752395,-1.1932021647,-0.039942,0.028299,0.039378,0,0,0,0,0,0,1461724905483,4104,99.512515013,9.97559597282
-2.94574052175,9.45864302565,-1.194241659,-0.024063,0.021283,0.034250,0,0,0,0,0,0,1461724905492,4113,99.5695282482,9.97845319918
-2.90773033395,9.4674787272,-1.19364345945,-0.027633,0.030603,0.020694,0,0,0,0,0,0,1461724905502,4123,99.5128338532,9.97561195382
-2.8793011455,9.44816963025,-1.145012778,-0.022660,0.018818,0.014331,0,0,0,0,0,0,1461724905512,4133,98.8693387102,9.94330622631
-2.8312686636,9.45625022745,-1.1732948682,-0.017780,0.020004,0.011834,0,0,0,0,0,0,1461724905521,4142,98.8133714574,9.94049150985
-2.8312686636,9.45625022745,-1.1732948682,-0.015284,0.015278,0.006802,0,0,0,0,0,0,1461724905531,4152,98.8133714574,9.94049150985
-2.8691219466,9.44771852895,-1.1930452599,-0.011498,0.004642,-0.003271,0,0,0,0,0,0,1461724905540,4161,98.9146031389,9.94558209151
-2.86852374705,9.4007353479,-1.14486567975,-0.009105,0.012895,-0.003199,0,0,0,0,0,0,1461724905550,4171,97.9129709933,9.89509833166
-2.92628432655,9.41196384765,-1.0977255939,-0.009120,0.007037,0.001705,0,0,0,0,0,0,1461724905560,4181,98.3532049088,9.91731843337
-2.9556157176,9.44981713065,-1.16536136925,-0.003069,0.010605,0.002949,0,0,0,0,0,0,1461724905569,4190,99.3927751938,9.96959252897
-2.96533400865,9.4779521226,-1.2136978542,-0.009114,0.009385,0.000476,0,0,0,0,0,0,1461724905579,4200,100.097844702,10.004891039
-2.94678001605,9.47809922085,-1.11732888735,0.011557,0.009476,-0.000873,0,0,0,0,0,0,1461724905589,4210,99.7663011458,9.98830822241
-2.94678001605,9.47809922085,-1.11732888735,0.007814,0.011871,0.009111,0,0,0,0,0,0,1461724905598,4219,99.7663011458,9.98830822241
-2.9373559215,9.48737621715,-1.12660588365,0.007917,0.010628,-0.002090,0,0,0,0,0,0,1461724905608,4229,99.9076081124,9.99537933809
-2.89890443895,9.47704992,-1.1260076841,0.004220,0.021206,-0.001963,0,0,0,0,0,0,1461724905617,4238,99.486015437,9.97426766419
-2.9074263309,9.4206426444,-1.10701239675,0.009188,0.018808,-0.013199,0,0,0,0,0,0,1461724905627,4248,98.4271121497,9.92104390423
-2.8793011455,9.4201915431,-1.05852881355,0.018840,0.017727,-0.004563,0,0,0,0,0,0,1461724905636,4257,98.1508670443,9.90711194265
-2.87091654525,9.48617981805,-1.0486536177,0.011596,0.027044,-0.015613,0,0,0,0,0,0,1461724905646,4267,99.3294437601,9.96641579306
-2.8807917411,9.51446190825,-1.11613248825,0.015263,0.024699,-0.016899,0,0,0,0,0,0,1461724905656,4277,100.06969819,10.0034843025
-2.8508621505,9.47570642265,-1.1542897743,0.012868,0.037572,-0.027935,0,0,0,0,0,0,1461724905665,4286,99.2488120925,9.96236980304
-2.8508621505,9.47570642265,-1.1542897743,0.009334,0.018703,-0.030600,0,0,0,0,0,0,1461724905675,4296,99.2488120925,9.96236980304
-2.83051355925,9.4095612429,-1.12511528805,0.015409,0.008174,-0.024528,0,0,0,0,0,0,1461724905684,4305,97.8175342044,9.89027472846
-2.76318178695,9.3890655534,-1.11464189265,0.002096,-0.001315,-0.025800,0,0,0,0,0,0,1461724905694,4315,97.0321521026,9.85048994226
-2.74582419345,9.4549067301,-1.07588640705,0.004584,-0.004865,-0.030815,0,0,0,0,0,0,1461724905704,4325,98.0923433371,9.90415788127
-2.7371453967,9.4831888203,-1.04670211425,0.004567,-0.013069,-0.024683,0,0,0,0,0,0,1461724905713,4334,98.5184204401,9.92564458562
-2.79505307445,9.5222385024,-1.066756509,0.010811,-0.028412,-0.036055,0,0,0,0,0,0,1461724905723,4344,99.6233172351,9.98114809203
-2.8525096509,9.5328688026,-1.09638209655,0.009610,-0.027255,-0.038520,0,0,0,0,0,0,1461724905733,4354,100.214452618,10.0107168883
-2.9195472267,9.5436363945,-1.1167306878,0.005950,-0.017877,-0.042133,0,0,0,0,0,0,1461724905742,4363,100.851839068,10.042501634
-2.9195472267,9.5436363945,-1.1167306878,-0.000042,-0.015617,-0.053261,0,0,0,0,0,0,1461724905752,4373,100.851839068,10.042501634
-2.95741031625,9.4977025143,-1.0308449229,0.004728,-0.008495,-0.047001,0,0,0,0,0,0,1461724905761,4382,100.015270084,10.000763475
-3.01397449665,9.47046972495,-1.06047051045,0.003428,0.017368,-0.051700,0,0,0,0,0,0,1461724905771,4392,99.8984367812,9.99492054902
-2.9357084211,9.42078974265,-1.18452336795,0.008253,0.023285,-0.050422,0,0,0,0,0,0,1461724905781,4402,98.7727589182,9.93844851665
-2.89800223635,9.4670276259,-1.22237665095,0.008345,0.016186,-0.056709,0,0,0,0,0,0,1461724905790,4411,99.5172337082,9.97583248197
-2.96578510995,9.5155112091,-1.2617303361,0.009866,-0.008653,-0.078102,0,0,0,0,0,0,1461724905800,4421,100.93279833,10.0465316567
-3.04374718245,9.56488718835,-1.1954380581,0.028457,-0.012332,-0.117998,0,0,0,0,0,0,1461724905809,4430,102.180535987,10.1084388502
-3.04374718245,9.56488718835,-1.1954380581,0.031076,0.003978,-0.148904,0,0,0,0,0,0,1461724905819,4440,102.180535987,10.1084388502
-3.2566768026,9.67352414925,-1.1599775733,0.075211,0.023869,-0.204841,0,0,0,0,0,0,1461724905829,4450,105.528561233,10.2727095371
-3.43100784195,9.80908989645,-1.23944004795,0.103595,0.076509,-0.283967,0,0,0,0,0,0,1461724905838,4459,109.526271041,10.4654799718
-3.57600749025,9.8878070733,-1.2702620346,0.137919,0.125751,-0.345750,0,0,0,0,0,0,1461724905848,4469,112.170123926,10.5910397944
-3.5745070881,9.87732387135,-1.4433868683,0.165186,0.141942,-0.416540,0,0,0,0,0,0,1461724905858,4479,112.421993434,10.6029238153
-3.6593533587,9.87822607395,-1.61801210415,0.201222,0.121620,-0.497698,0,0,0,0,0,0,1461724905867,4488,113.588180541,10.6577755907
-3.86943907935,9.9475093497,-1.87119761205,0.247330,0.092892,-0.615026,0,0,0,0,0,0,1461724905877,4498,117.426881555,10.8363684671
-3.86943907935,9.9475093497,-1.87119761205,0.279076,0.038128,-0.743739,0,0,0,0,0,0,1461724905886,4507,117.426881555,10.8363684671
-4.1301069849,10.1131517858,-2.00003606595,0.294005,-0.030932,-0.887427,0,0,0,0,0,0,1461724905896,4517,123.333767013,11.1055736913
-4.6840593813,10.1526623757,-2.21999698245,0.334393,-0.069321,-1.040861,0,0,0,0,0,0,1461724905906,4527,129.945352205,11.3993575347
-4.8818771079,10.0524002085,-2.3479430403,0.365016,-0.127673,-1.178303,0,0,0,0,0,0,1461724905915,4536,130.396310569,11.4191203938
-5.1548130075,9.88824836805,-2.41961911425,0.374993,-0.235417,-1.290065,0,0,0,0,0,0,1461724905925,4546,130.204109589,11.410701538
-5.5238138709,9.68878314105,-2.3964266235,0.413942,-0.353447,-1.373503,0,0,0,0,0,0,1461724905935,4556,130.127898996,11.4073616142
-6.05667237825,9.55037349435,-2.31786635145,0.444603,-0.472842,-1.481764,0,0,0,0,0,0,1461724905944,4565,133.265418602,11.5440642151
-6.05667237825,9.55037349435,-2.31786635145,0.471604,-0.575817,-1.597290,0,0,0,0,0,0,1461724905954,4575,133.265418602,11.5440642151
-6.53176049955,9.3821813553,-2.2191045864,0.519940,-0.606742,-1.689803,0,0,0,0,0,0,1461724905963,4584,135.613647373,11.6453272763
-7.02646172085,9.2145874158,-2.09206073115,0.541218,-0.597680,-1.766850,0,0,0,0,0,0,1461724905973,4594,138.656503661,11.775249622
-7.42015547715,8.7809417748,-1.85758612065,0.539092,-0.561526,-1.822374,0,0,0,0,0,0,1461724905982,4603,135.614271953,11.6453540931
-7.8843289083,8.5835751495,-1.88406380565,0.534145,-0.503994,-1.844112,0,0,0,0,0,0,1461724905992,4613,139.390101105,11.8063585032
-7.88896740645,8.32006334445,-1.76899374795,0.506294,-0.480729,-1.868579,0,0,0,0,0,0,1461724906002,4623,134.588599676,11.6012326792
-7.88896740645,8.32006334445,-1.76899374795,0.508803,-0.454957,-1.891930,0,0,0,0,0,0,1461724906011,4632,134.588599676,11.6012326792
-7.9138073976,8.06703474135,-1.5677339223,0.492354,-0.428437,-1.972332,0,0,0,0,0,0,1461724906021,4642,130.163186696,11.4089082166
-7.79424594,7.81938012765,-1.47960245745,0.392255,-0.434140,-2.058866,0,0,0,0,0,0,1461724906031,4652,124.082198786,11.1392189487
-7.7405256591,7.51622044095,-1.42139077665,0.292452,-0.496366,-2.148478,0,0,0,0,0,0,1461724906040,4661,118.429658936,10.8825391769
-7.78391964285,7.26348603435,-1.2588864366,0.217064,-0.538022,-2.238591,0,0,0,0,0,0,1461724906050,4671,114.932429438,10.7206543381
-7.96408557945,7.08063310305,-0.91517666565,0.162489,-0.601387,-2.358263,0,0,0,0,0,0,1461724906059,4680,114.399572586,10.6957735852
-7.96408557945,7.08063310305,-0.91517666565,0.125072,-0.678849,-2.486865,0,0,0,0,0,0,1461724906069,4690,114.399572586,10.6957735852
-8.57938775265,7.0501053129,-0.3565857711,0.063278,-0.735259,-2.618853,0,0,0,0,0,0,1461724906079,4700,123.437032545,11.1102219845
-8.97263040765,7.05998050875,-0.19886702745,-0.007471,-0.760895,-2.715683,0,0,0,0,0,0,1461724906088,4709,130.390969311,11.418886518
-9.24317350905,7.1142989892,0.02797808715,-0.080841,-0.771158,-2.798670,0,0,0,0,0,0,1461724906098,4719,136.050289399,11.6640597306
-9.4929169179,7.11115108665,0.1783615314,-0.165513,-0.785918,-2.836918,0,0,0,0,0,0,1461724906107,4728,140.715754223,11.8623671425
-9.6534697545,7.02975672165,0.13751725065,-0.257256,-0.894734,-2.848780,0,0,0,0,0,0,1461724906117,4738,142.625868861,11.9426072891
-9.6534697545,7.02975672165,0.13751725065,-0.371561,-1.110798,-2.862894,0,0,0,0,0,0,1461724906127,4748,142.625868861,11.9426072891
-9.53780149725,6.9895008339,0.167888136,-0.492361,-1.253856,-2.868756,0,0,0,0,0,0,1461724906136,4757,139.850965734,11.8258600421
-9.29958078465,6.91992336165,0.4792853247,-0.626601,-1.348820,-2.892685,0,0,0,0,0,0,1461724906146,4767,134.597256524,11.6016057735
-9.13767464415,6.8796674739,0.6932642457,-0.763962,-1.481709,-2.956755,0,0,0,0,0,0,1461724906155,4776,131.307537768,11.4589501163
-9.0712352679,6.8599170822,0.80983470555,-0.873154,-1.588799,-3.060458,0,0,0,0,0,0,1461724906165,4786,130.001603911,11.4018245869
-9.09368246085,6.8166701967,1.4058277818,-0.992842,-1.730273,-3.196773,0,0,0,0,0,0,1461724906175,4796,131.138405021,11.4515677975
-9.53421229995,6.7897414104,1.5919757139,-1.114561,-1.916618,-3.354671,0,0,0,0,0,0,1461724906184,4805,139.536179274,11.8125433025
-9.54274399845,6.67795654695,1.80341473845,-1.198535,-2.146248,-3.497059,0,0,0,0,0,0,1461724906194,4815,138.911371382,11.7860668326
-9.3600381654,6.4500621315,2.31576774975,-1.277271,-2.323646,-3.570588,0,0,0,0,0,0,1461724906204,4825,134.576396229,11.6007067125
-9.3600381654,6.4500621315,2.31576774975,-1.386273,-2.439416,-3.550131,0,0,0,0,0,0,1461724906213,4834,134.576396229,11.6007067125
-9.32786287485,6.22381521645,2.49877758585,-1.487894,-2.659642,-3.482346,0,0,0,0,0,0,1461724906223,4844,131.988791084,11.4886374773
-9.22746341595,5.9582048097,2.6539466265,-1.571620,-2.850217,-3.391976,0,0,0,0,0,0,1461724906232,4853,127.689718343,11.2999875373
-9.14905024215,5.704274004,3.1166196555,-1.704461,-2.912783,-3.313686,0,0,0,0,0,0,1461724906242,4863,125.957180323,11.2230646582
-9.288960291,5.4355353078,3.47021442885,-1.837725,-2.838946,-3.261300,0,0,0,0,0,0,1461724906252,4873,127.872215552,11.3080597607
-9.4846794159,5.13895581615,3.65950045695,-1.937990,-2.741613,-3.243624,0,0,0,0,0,0,1461724906261,4882,129.759954097,11.3912226779
-9.5072737071,4.84685791785,3.6491741598,-2.003876,-2.694814,-3.239076,0,0,0,0,0,0,1461724906271,4892,127.196757066,11.2781539742
-9.5072737071,4.84685791785,3.6491741598,-2.092923,-2.682104,-3.207433,0,0,0,0,0,0,1461724906281,4902,127.196757066,11.2781539742
-9.2974919895,4.4546645637,3.5652300918,-2.140426,-2.587549,-3.105560,0,0,0,0,0,0,1461724906290,4911,118.998259277,10.9086323285
-9.18706042995,4.09553889615,3.9321323535,-2.165919,-2.534050,-2.996773,0,0,0,0,0,0,1461724906300,4921,116.637183039,10.7998695843
-9.3405819702,3.637053264,4.0255103226,-2.200898,-2.538255,-2.883573,0,0,0,0,0,0,1461724906309,4930,116.679361345,10.8018221308
-9.28836209145,3.3077100888,4.4301285756,-2.244086,-2.385808,-2.750052,0,0,0,0,0,0,1461724906319,4940,116.84065557,10.8092856179
-9.0309891867,2.94244552095,4.2698699355,-2.296040,-2.226184,-2.590320,0,0,0,0,0,0,1461724906329,4950,108.4485406,10.4138629048
-8.8722211422,2.58181945125,4.5507295275,-2.335823,-2.072381,-2.429467,0,0,0,0,0,0,1461724906338,4959,106.091238907,10.300060141
-8.8722211422,2.58181945125,4.5507295275,-2.369162,-1.948135,-2.295049,0,0,0,0,0,0,1461724906348,4969,106.091238907,10.300060141
-8.9054457336,2.3838546264,4.4441911683,-2.381478,-1.826386,-2.201766,0,0,0,0,0,0,1461724906357,4978,104.740561734,10.2342836454
-8.8831456389,2.2509758739,4.38657768705,-2.431486,-1.659043,-2.131424,0,0,0,0,0,0,1461724906367,4988,103.219232631,10.1596866404
-8.8020454704,2.05973834235,4.3202952156,-2.440282,-1.501988,-2.042758,0,0,0,0,0,0,1461724906377,4998,100.383477252,10.0191555159
-8.74637368605,1.76465925285,4.08985109715,-2.462852,-1.318907,-1.921446,0,0,0,0,0,0,1461724906386,5007,96.3399569316,9.81529199421
-8.53643506365,1.40972098215,3.8902387719,-2.457160,-1.216864,-1.791181,0,0,0,0,0,0,1461724906396,5017,89.9919945458,9.48641104664
-8.35209153675,0.88569817635,3.7480830231,-2.419438,-1.211185,-1.658360,0,0,0,0,0,0,1461724906406,5027,84.5900206459,9.19728332965
-8.35209153675,0.88569817635,3.7480830231,-2.425258,-1.052481,-1.492656,0,0,0,0,0,0,1461724906415,5036,84.5900206459,9.19728332965
-7.96153587645,0.8503847898,4.06172591175,-2.387308,-0.885406,-1.382074,0,0,0,0,0,0,1461724906425,5046,80.6068251849,8.9781303836
-7.70789926725,0.7481809257,3.68044724775,-2.316748,-0.800972,-1.295810,0,0,0,0,0,0,1461724906439,5060,73.5171777551,8.57421586824
-7.7079090738,0.7481809257,3.68044724775,-2.274150,-0.659169,-1.239868,0,0,0,0,0,0,1461724906449,5070,73.517328931,8.57422468396
-7.4340709716,0.47749072605,3.64573206075,-2.223230,-0.560613,-1.138447,0,0,0,0,0,0,1461724906458,5079,68.784770863,8.29365847277
-7.25301263895,0.17911663575,3.2822718981,-2.183373,-0.423303,-1.044020,0,0,0,0,0,0,1461724906468,5089,63.411583923,7.9631390747
-7.00416162615,-0.1587680445,2.89097094,-2.131038,-0.333092,-0.961332,0,0,0,0,0,0,1461724906477,5098,57.4412003531,7.57899731845
-6.9027128664,-0.41614094925,2.85370605,-2.023379,-0.352179,-0.892492,0,0,0,0,0,0,1461724906487,5108,55.9642564254,7.48092617431
-6.9110876601,-0.43544023965,2.7573468897,-1.915313,-0.391493,-0.859898,0,0,0,0,0,0,1461724906497,5118,55.555702718,7.45356979695
-6.93039675705,-0.47180292705,2.911172433,-1.798822,-0.402547,-0.833263,0,0,0,0,0,0,1461724906506,5127,56.7279221468,7.53179408553
-6.8991236691,-0.65106666105,3.0459928824,-1.667860,-0.419324,-0.790608,0,0,0,0,0,0,1461724906516,5137,57.2998678383,7.56966761743
-6.8991236691,-0.65106666105,3.0459928824,-1.546823,-0.431313,-0.726731,0,0,0,0,0,0,1461724906526,5147,57.2998678383,7.56966761743
-6.4888176171,-1.4167522785,2.80074087345,-1.443176,-0.423180,-0.630250,0,0,0,0,0,0,1461724906535,5156,51.9560905268,7.20805733376
-6.37001126385,-1.6266909009,2.8601391468,-1.273661,-0.440713,-0.548036,0,0,0,0,0,0,1461724906545,5166,51.4035627277,7.16962779562
-6.48058992165,-1.8411209232,2.92538212395,-1.121334,-0.386632,-0.484865,0,0,0,0,0,0,1461724906555,5176,53.9456325576,7.34476906087
-6.56423979315,-1.95245468535,2.92418572485,-1.044677,-0.262289,-0.423064,0,0,0,0,0,0,1461724906564,5185,55.4521855137,7.4466224232
-6.45664232655,-2.0401350489,2.8486262571,-0.989513,-0.201674,-0.370520,0,0,0,0,0,0,1461724906574,5195,53.9650527034,7.34609098115
-6.2821739955,-2.17600479915,2.8990515372,-0.929374,-0.162234,-0.319466,0,0,0,0,0,0,1461724906583,5204,52.605206811,7.25294469929
-6.25329370575,-2.26923567,3.16899643905,-0.821949,-0.148306,-0.241581,0,0,0,0,0,0,1461724906593,5214,54.2956511271,7.36855828009
-6.25329370575,-2.26923567,3.16899643905,-0.687069,-0.194585,-0.214165,0,0,0,0,0,0,1461724906602,5223,54.2956511271,7.36855828009
-6.25194040185,-2.28868205865,3.06320337765,-0.583617,-0.276332,-0.186963,0,0,0,0,0,0,1461724906612,5233,53.7080392867,7.32857689369
-6.1229548497,-2.4532850004,2.89156913955,-0.483780,-0.353425,-0.165906,0,0,0,0,0,0,1461724906622,5243,51.8703554735,7.20210771049
-5.83222006185,-2.65738872555,2.9632452135,-0.394738,-0.460001,-0.145104,0,0,0,0,0,0,1461724906631,5252,49.8573278839,7.0609721628
-5.58666404985,-2.90937783435,2.79311137755,-0.329942,-0.590202,-0.118215,0,0,0,0,0,0,1461724906641,5262,47.4767657563,6.89033858067
-5.4633662967,-3.39209545155,3.03492128745,-0.277327,-0.716922,-0.089987,0,0,0,0,0,0,1461724906650,5271,50.5654300654,7.1109373549
-5.88309644325,-3.56941748865,3.423074343,-0.225967,-0.797859,-0.082394,0,0,0,0,0,0,1461724906660,5281,59.0690029266,7.68563614326
-6.27663329475,-3.6430352595,3.88873836975,-0.164997,-0.824698,-0.091679,0,0,0,0,0,0,1461724906670,5291,67.7901175271,8.23347542215
-6.27663329475,-3.6430352595,3.88873836975,-0.054244,-0.804332,-0.121842,0,0,0,0,0,0,1461724906679,5300,67.7901175271,8.23347542215
-6.61660677015,-3.5849804835,4.44194546835,0.035502,-0.696999,-0.159686,0,0,0,0,0,0,1461724906689,5310,76.3624497617,8.73856108073
-6.7871917074,-3.7307254296,4.6990241766,0.057211,-0.638112,-0.172846,0,0,0,0,0,0,1461724906699,5320,82.0651117163,9.05897961783
-6.8416572861,-3.8805106743,4.70770297335,0.080279,-0.690788,-0.141209,0,0,0,0,0,0,1461724906708,5329,84.0291047991,9.16673904936
-6.64802695635,-3.9794195376,4.6912377759,0.137279,-0.778437,-0.079044,0,0,0,0,0,0,1461724906718,5339,82.0397541386,9.05757992726
-6.4843262172,-4.0582838127,4.77054334575,0.150387,-0.804009,-0.034647,0,0,0,0,0,0,1461724906727,5348,81.2742378092,9.01522256016
-6.44212863255,-4.15494697605,4.50135354825,0.105660,-0.853669,-0.034943,0,0,0,0,0,0,1461724906737,5358,79.0267894585,8.88970131436
-6.44212863255,-4.15494697605,4.50135354825,0.066023,-0.919890,-0.052833,0,0,0,0,0,0,1461724906747,5368,79.0267894585,8.88970131436
-6.5230817028,-4.33346541225,4.32687541065,0.043454,-0.968466,-0.086777,0,0,0,0,0,0,1461724906756,5377,80.0513681999,8.94714301886
-6.65461695795,-4.4715710559,4.41127057995,0.042450,-0.959230,-0.116495,0,0,0,0,0,0,1461724906766,5387,83.7381826945,9.15085693772
-6.79183020555,-4.4938711506,4.9387354848,0.064401,-0.904029,-0.155787,0,0,0,0,0,0,1461724906776,5397,90.714943648,9.52443928261
-7.3900787883,-4.31879481345,5.18967529275,0.052384,-0.854898,-0.198700,0,0,0,0,0,0,1461724906785,5406,100.197982782,10.0098942443
-7.70042667615,-4.2620835348,5.63754043125,0.069078,-0.746647,-0.221258,0,0,0,0,0,0,1461724906795,5416,109.243789166,10.4519753715
-7.9504642815,-4.30188832125,5.9610487092,0.113524,-0.609965,-0.236203,0,0,0,0,0,0,1461724906804,5425,117.250227133,10.8282144019
-7.9504642815,-4.30188832125,5.9610487092,0.135727,-0.481349,-0.203904,0,0,0,0,0,0,1461724906814,5435,117.250227133,10.8282144019
-7.9790405682,-4.35709919775,6.09527095905,0.159654,-0.444598,-0.180031,0,0,0,0,0,0,1461724906824,5445,119.801729872,10.9453976571
-7.7928926361,-4.4853394521,5.8766535399,0.135158,-0.491519,-0.131942,0,0,0,0,0,0,1461724906833,5454,115.382502466,10.7416247591
-7.57039182315,-4.5573195291,5.71624780155,0.087357,-0.480908,-0.090587,0,0,0,0,0,0,1461724906843,5464,110.755482575,10.5240430717
-7.4569594593,-4.5399619356,5.8622967507,0.043231,-0.440965,-0.068825,0,0,0,0,0,0,1461724906852,5473,110.584021948,10.5158937779
-7.36329710025,-4.5035992482,5.9983135992,0.026990,-0.336308,-0.075102,0,0,0,0,0,0,1461724906862,5483,110.480316409,10.5109617262
-7.27845082965,-4.4857905534,6.1343304477,0.017925,-0.178733,-0.097014,0,0,0,0,0,0,1461724906872,5493,110.72817341,10.5227455262
-7.27845082965,-4.4857905534,6.1343304477,0.024594,-0.023387,-0.110330,0,0,0,0,0,0,1461724906881,5502,110.72817341,10.5227455262
-7.1526033735,-4.5269388372,6.03033198495,0.011734,0.074429,-0.081906,0,0,0,0,0,0,1461724906891,5512,108.017814103,10.3931618915
-7.0731507054,-4.61448190905,5.87725173945,0.006217,0.141737,-0.042655,0,0,0,0,0,0,1461724906901,5522,105.864992199,10.2890714935
-6.9281510571,-4.71174327195,5.94669192,-0.042055,0.247715,0.000943,0,0,0,0,0,0,1461724906910,5531,105.562946522,10.2743830239
-6.78255320925,-4.83728672505,6.0256934868,-0.056438,0.371550,0.050770,0,0,0,0,0,0,1461724906920,5541,105.711352894,10.2816026423
-6.78255320925,-4.83728672505,6.0256934868,-0.004604,0.415505,0.075820,0,0,0,0,0,0,1461724906929,5550,105.711352894,10.2816026423
-6.67646595135,-4.8681087117,5.98873259985,0.020059,0.326199,0.083459,0,0,0,0,0,0,1461724906939,5560,104.138598181,10.2048320996
-6.3858684552,-4.95190568145,5.704274004,0.008377,0.248376,0.071520,0,0,0,0,0,0,1461724906949,5570,97.8394277178,9.89138148682
-6.22381521645,-4.9456196829,5.7548561889,-0.020423,0.181103,0.065989,0,0,0,0,0,0,1461724906958,5579,96.3133996513,9.81393904869
-6.22261881735,-4.89100700595,5.4180208095,-0.036670,0.024437,0.063188,0,0,0,0,0,0,1461724906968,5589,91.9978839705,9.59155274033
-6.30162038415,-4.8036208389,5.53249266765,-0.052980,-0.079382,0.038574,0,0,0,0,0,0,1461724906977,5598,93.3936677475,9.6640399289
-6.3786900606,-4.75499015745,5.47369259385,-0.034352,-0.128850,0.019325,0,0,0,0,0,0,1461724906987,5608,93.2589288986,9.65706626769
-6.51410870955,-4.67657698365,5.4524418,-0.011114,-0.119454,-0.003058,0,0,0,0,0,0,1461724906996,5617,94.0331061462,9.69706688366
-6.51410870955,-4.67657698365,5.4524418,-0.005171,-0.082959,-0.007676,0,0,0,0,0,0,1461724907006,5627,94.0331061462,9.69706688366
-6.6773583474,-4.63542869985,5.4115877127,-0.013837,-0.032436,-0.017043,0,0,0,0,0,0,1461724907016,5637,95.3595953032,9.76522377128
-6.6968145426,-4.58814151575,5.3247997452,-0.015226,0.016959,-0.023974,0,0,0,0,0,0,1461724907025,5646,94.251859913,9.70833970939
-6.64938026025,-4.57033282095,5.325545043,-0.026290,0.065102,-0.035840,0,0,0,0,0,0,1461724907035,5656,93.4636299447,9.6676589692
-6.6035934783,-4.5047956473,5.403212919,-0.027829,0.112253,-0.024155,0,0,0,0,0,0,1461724907045,5666,93.0953404986,9.64859266933
-6.57710598675,-4.42054757625,5.45184360045,-0.007202,0.132321,-0.031504,0,0,0,0,0,0,1461724907054,5675,92.5221626786,9.61884414463
-6.5485198935,-4.42099867755,5.4620129928,-0.015774,0.137019,-0.026441,0,0,0,0,0,0,1461724907064,5685,92.261928036,9.60530728483
-6.5485198935,-4.42099867755,5.4620129928,0.004721,0.151311,-0.015212,0,0,0,0,0,0,1461724907073,5694,92.261928036,9.60530728483
-6.41474874495,-4.4329724751,5.52172507575,-0.002660,0.165418,-0.012542,0,0,0,0,0,0,1461724907083,5704,91.289694238,9.55456405274
-6.3756892563,-4.4531739681,5.4741338886,0.020357,0.160885,-0.001523,0,0,0,0,0,0,1461724907093,5714,90.4463137134,9.51032668805
-6.40547174865,-4.35874669815,5.3390192427,0.054156,0.197579,0.004905,0,0,0,0,0,0,1461724907102,5723,88.5338675753,9.40924373025
-6.4350973362,-4.2924642267,5.27138346735,0.070972,0.247092,0.001626,0,0,0,0,0,0,1461724907112,5733,87.6232105237,9.36072702966
-6.3955965528,-4.31281281795,5.1467324103,0.056467,0.235234,-0.000910,0,0,0,0,0,0,1461724907121,5742,85.9928641721,9.27323374946
-6.26900379885,-4.4287752717,5.1774072987,0.030063,0.139836,0.013133,0,0,0,0,0,0,1461724907131,5752,85.7200053738,9.25850988949
-6.14255814315,-4.5722843244,5.33302744065,0.010938,0.029226,0.036921,0,0,0,0,0,0,1461724907141,5762,87.0779861679,9.33155861407
-6.14255814315,-4.5722843244,5.33302744065,-0.014114,-0.076820,0.040906,0,0,0,0,0,0,1461724907150,5771,87.0779861679,9.33155861407
-6.23054250975,-4.5689893236,5.56271645475,-0.006382,-0.154555,0.031354,0,0,0,0,0,0,1461724907160,5781,90.6391377609,9.52045890495
-6.4814823177,-4.51541614095,5.72268089835,0.029012,-0.156837,0.015000,0,0,0,0,0,0,1461724907169,5790,95.1476726249,9.754366849
-6.692774244,-4.49133125415,5.8061836716,0.058179,-0.099202,-0.016848,0,0,0,0,0,0,1461724907179,5800,98.677052344,9.93363238418
-6.83717569275,-4.4687271564,5.8714168422,0.066408,-0.023874,-0.026041,0,0,0,0,0,0,1461724907189,5810,101.190029587,10.0593255036
-6.80514750045,-4.5000100509,5.49658108155,0.045555,0.028978,-0.031583,0,0,0,0,0,0,1461724907198,5819,96.7725265471,9.83730280855
-6.80514750045,-4.5000100509,5.49658108155,0.036929,0.071260,-0.041037,0,0,0,0,0,0,1461724907208,5829,96.7725265471,9.83730280855
-6.6128704746,-4.49566574925,5.33587134015,0.016075,0.093588,-0.030758,0,0,0,0,0,0,1461724907218,5839,92.4125894015,9.61314669614
-6.49600581825,-4.5556720287,5.1932742966,-0.012128,0.112401,-0.011781,0,0,0,0,0,0,1461724907227,5848,89.9223371435,9.48273890517
-6.35249676555,-4.568087121,5.2432484754,-0.027844,0.084108,-0.005787,0,0,0,0,0,0,1461724907237,5858,88.7132896762,9.4187732575
-6.37285516335,-4.5576137256,5.3680466307,-0.038625,0.048741,-0.004865,0,0,0,0,0,0,1461724907246,5867,90.2010504342,9.49742335764
-6.32556797925,-4.5673418232,5.4938842803,-0.041122,0.035867,0.009923,0,0,0,0,0,0,1461724907256,5877,91.0561860754,9.54233651028
-6.32556797925,-4.5673418232,5.4938842803,-0.041102,0.025294,0.013540,0,0,0,0,0,0,1461724907266,5887,91.0561860754,9.54233651028
-6.41145374415,-4.61193220605,5.6082090402,-0.039789,0.000592,0.015760,0,0,0,0,0,0,1461724907275,5896,93.8286664252,9.68651983042
-6.47700072435,-4.6674470856,5.5589801592,-0.016633,-0.004036,0.010625,0,0,0,0,0,0,1461724907285,5906,94.6388610905,9.7282506696
-6.49225971615,-4.80929883135,5.45258889825,-0.007064,0.001972,0.024293,0,0,0,0,0,0,1461724907295,5916,95.0095171645,9.74728255282
-6.5884717782,-4.76006995035,5.403212919,-0.005880,0.012558,0.021913,0,0,0,0,0,0,1461724907304,5925,95.2609361524,9.76017090795
-6.59895498015,-4.71293967105,5.3644574334,-0.004516,0.019503,0.000857,0,0,0,0,0,0,1461724907314,5935,94.5354107278,9.72293220833
-6.551363793,-4.6860010782,5.3267414421,-0.013092,0.038285,-0.001388,0,0,0,0,0,0,1461724907323,5944,93.2531480441,9.65676695608
-6.5913156777,-4.6092354048,5.35532753535,-0.020326,0.041734,-0.010015,0,0,0,0,0,0,1461724907333,5954,93.3700263908,9.66281669033
-6.5913156777,-4.6092354048,5.35532753535,-0.020465,0.059429,-0.003617,0,0,0,0,0,0,1461724907343,5964,93.3700263908,9.66281669033
-6.58279378575,-4.57168612485,5.3554746336,-0.021680,0.059423,-0.003611,0,0,0,0,0,0,1461724907352,5973,92.914596601,9.63922178399
-6.53550660165,-4.55372052525,5.3849531229,-0.030199,0.044137,0.006212,0,0,0,0,0,0,1461724907362,5983,92.4469372981,9.61493303659
-6.5634846888,-4.5722843244,5.3364695397,-0.026552,0.041807,0.007412,0,0,0,0,0,0,1461724907372,5993,92.4630223514,9.61576946226
-6.5925120768,-4.56195802725,5.3840509203,-0.039883,0.029987,0.009843,0,0,0,0,0,0,1461724907381,6002,93.2606808375,9.65715697488
-6.65012555805,-4.588288614,5.47967458935,-0.047139,0.022888,0.009809,0,0,0,0,0,0,1461724907391,6012,95.3033959484,9.762345822
-6.71790843165,-4.5956239134,5.62286983245,-0.050787,0.021698,0.011066,0,0,0,0,0,0,1461724907400,6021,97.8667180021,9.89276088876
-6.71790843165,-4.5956239134,5.622879639,-0.043542,0.035846,0.008693,0,0,0,0,0,0,1461724907410,6031,97.8668282841,9.89276646263
-6.74709272445,-4.58529761625,5.6417278281,-0.048579,0.066451,0.012775,0,0,0,0,0,0,1461724907419,6040,98.3773073483,9.91853352811
-6.71910483075,-4.5294885402,5.6131515414,-0.049734,0.072271,0.002911,0,0,0,0,0,0,1461724907429,6050,97.1701063891,9.85748986249
-6.6790058478,-4.59712431555,5.52725596995,-0.059157,0.118332,0.006946,0,0,0,0,0,0,1461724907439,6060,96.2932296449,9.81291137456
-6.5925120768,-4.57123502355,5.40336001725,-0.061835,0.143131,0.022130,0,0,0,0,0,0,1461724907448,6069,93.5537045993,9.67231640298
-6.62992406505,-4.5896419179,5.33557714365,-0.071650,0.168963,0.018722,0,0,0,0,0,0,1461724907458,6079,93.4890894987,9.66897561786
-6.6963634413,-4.579462719,5.23815887595,-0.080383,0.198418,0.029015,0,0,0,0,0,0,1461724907467,6088,93.2510705424,9.65665938834
-6.69741274215,-4.5414525312,5.2574679729,-0.088873,0.221838,0.014395,0,0,0,0,0,0,1461724907477,6098,93.1210980179,9.64992735817
-6.69741274215,-4.5414525312,5.2574679729,-0.083982,0.226534,0.008207,0,0,0,0,0,0,1461724907487,6108,93.1210980179,9.64992735817
-6.77207981385,-4.60595021055,5.21795738295,-0.070739,0.239596,0.015733,0,0,0,0,0,0,1461724907496,6117,94.3029215975,9.71096913791
-6.70384583895,-4.66445608785,5.19940339035,-0.070699,0.211409,0.026618,0,0,0,0,0,0,1461724907506,6127,93.7324952435,9.68155438158
-6.617656071,-4.6479908904,5.1046819239,-0.071770,0.147943,0.044593,0,0,0,0,0,0,1461724907516,6137,91.4549687355,9.56320912327
-6.493309017,-4.62285670275,5.0199925581,-0.081245,0.080844,0.052630,0,0,0,0,0,0,1461724907525,6146,88.7341913678,9.41988276826
-6.57067288995,-4.58335591935,5.05724764155,-0.074839,0.007898,0.054316,0,0,0,0,0,0,1461724907535,6156,89.7566474181,9.47399849156
-6.57067288995,-4.58335591935,5.05724764155,-0.077105,-0.026254,0.053970,0,0,0,0,0,0,1461724907544,6165,89.7566474181,9.47399849156
-6.64728165855,-4.5814044159,5.0659264383,-0.074653,-0.041508,0.060009,0,0,0,0,0,0,1461724907554,6175,90.8392305484,9.53096168014
-6.70474804155,-4.5802080168,5.0744581368,-0.080727,-0.030975,0.053937,0,0,0,0,0,0,1461724907564,6185,91.68207716,9.57507583051
-6.72330203415,-4.6453038957,5.16064790475,-0.069922,0.000850,0.051731,0,0,0,0,0,0,1461724907573,6194,93.4139253226,9.66508796249
-6.7241944302,-4.59816380985,5.1512238102,-0.066452,0.037364,0.052096,0,0,0,0,0,0,1461724907583,6204,92.8930079001,9.63810188264
-6.7149174339,-4.58843571225,5.19940339035,-0.043487,0.068068,0.049818,0,0,0,0,0,0,1461724907592,6213,93.1776540451,9.65285729953
-6.6863411472,-4.58904371835,5.21915378205,-0.045790,0.070315,0.033701,0,0,0,0,0,0,1461724907602,6223,93.0060463864,9.64396424643
-6.70578753585,-4.57931562075,5.21885958555,-0.034877,0.086811,0.027608,0,0,0,0,0,0,1461724907612,6233,93.1742134041,9.6526790791
-6.70578753585,-4.57931562075,5.21885958555,-0.020330,0.103333,0.022738,0,0,0,0,0,0,1461724907621,6242,93.1742134041,9.6526790791
-6.68768464455,-4.53247953795,5.2383059742,-0.014078,0.071560,0.019891,0,0,0,0,0,0,1461724907631,6252,92.7083461462,9.62851733894
-6.67676014785,-4.56150692595,5.11336072065,-0.003001,0.051569,0.014656,0,0,0,0,0,0,1461724907640,6261,91.5329293669,9.5672843256
-6.62019596745,-4.5345683331,5.12399102085,-0.005301,0.024479,0.014384,0,0,0,0,0,0,1461724907650,6271,90.6445885967,9.52074517025
-6.5809991871,-4.54534573155,5.02822025355,-0.002771,-0.007258,0.020250,0,0,0,0,0,0,1461724907660,6281,89.2527170381,9.44736561366
-6.62798236815,-4.5725785209,5.0083227636,-0.019717,-0.023813,0.021403,0,0,0,0,0,0,1461724907669,6290,89.9219215067,9.4827169897
-6.68438964375,-4.6372232985,5.08433333265,-0.027059,-0.037894,0.034958,0,0,0,0,0,0,1461724907679,6300,92.0353502671,9.5935056297
-6.7520254191,-4.6258477005,5.1217453209,-0.028323,-0.036692,0.039947,0,0,0,0,0,0,1461724907689,6310,93.2205893406,9.6550810116
-6.7520254191,-4.6258477005,5.1217453209,-0.035674,-0.015565,0.035235,0,0,0,0,0,0,1461724907698,6319,93.2205893406,9.6550810116
-6.82864399425,-4.63333009815,5.1688756002,-0.038231,-0.002582,0.042839,0,0,0,0,0,0,1461724907708,6329,94.815401569,9.73732004039
-6.8587206831,-4.5758735217,5.2166138856,-0.040795,0.018620,0.046805,0,0,0,0,0,0,1461724907717,6338,95.1937283268,9.75672733691
-6.8977703652,-4.53726513435,5.1967065891,-0.044538,0.048007,0.042164,0,0,0,0,0,0,1461724907727,6348,95.1717702836,9.75560199494
-6.87906927435,-4.5374122326,5.2451901723,-0.033732,0.066925,0.047282,0,0,0,0,0,0,1461724907737,6358,95.4217237934,9.76840436271
-6.96466084275,-4.5357647322,5.19581419305,-0.030338,0.095280,0.061233,0,0,0,0,0,0,1461724907746,6367,96.0761474891,9.80184408615
-6.91572615825,-4.57511841735,5.1483799107,-0.034257,0.136520,0.070385,0,0,0,0,0,0,1461724907756,6377,95.2647925336,9.760368463
-6.877725777,-4.52918453715,5.0527660482,-0.027095,0.163635,0.070634,0,0,0,0,0,0,1461724907766,6387,93.347069173,9.66162870188
-6.877725777,-4.52918453715,5.0527660482,-0.034637,0.177852,0.091944,0,0,0,0,0,0,1461724907775,6396,93.347069173,9.66162870188
-6.80110720185,-4.54040323035,5.04438144795,-0.029975,0.201480,0.102109,0,0,0,0,0,0,1461724907785,6406,92.3161048577,9.60812702131
-6.8392644879,-4.5116798454,4.9667233785,-0.018074,0.225181,0.118451,0,0,0,0,0,0,1461724907794,6415,91.7991348814,9.58118650697
-6.98366593665,-4.4705315616,4.9839240672,-0.024307,0.253424,0.121266,0,0,0,0,0,0,1461724907804,6425,93.5967414656,9.67454089172
-7.1470724793,-4.44763326735,5.0297206557,-0.018327,0.300461,0.106824,0,0,0,0,0,0,1461724907813,6434,96.1601765796,9.80612954124
-7.31106741495,-4.3780557951,5.0081658588,-0.006539,0.374700,0.108793,0,0,0,0,0,0,1461724907823,6444,97.7008045602,9.88437173321
-7.31106741495,-4.3780557951,5.0081658588,0.005225,0.464202,0.104701,0,0,0,0,0,0,1461724907833,6454,97.7008045602,9.88437173321
-7.4452896648,-4.37490789255,5.0349573534,-0.000335,0.586687,0.118437,0,0,0,0,0,0,1461724907842,6463,99.9229528116,9.99614689826
-7.6743902859,-4.3981003833,5.050961643,0.006226,0.749149,0.113893,0,0,0,0,0,0,1461724907852,6473,103.751766761,10.1858611202
-7.92232928955,-4.4672365608,5.18159469555,0.010871,1.023555,0.129170,0,0,0,0,0,0,1461724907862,6483,109.568427451,10.4674938477
-8.30076405405,-4.67567478105,5.24339557365,0.009015,1.359238,0.160030,0,0,0,0,0,0,1461724907871,6492,118.257815681,10.8746409449
-8.96843320425,-4.8197820333,5.4738396921,0.028574,1.752836,0.212513,0,0,0,0,0,0,1461724907881,6502,133.626013962,11.5596718795
-9.04490468115,-4.8555367146,5.5690024533,0.031901,2.200630,0.285525,0,0,0,0,0,0,1461724907890,6511,136.400325803,11.6790550047
-9.02395789035,-4.95924098085,5.63634403215,0.017709,2.675676,0.402398,0,0,0,0,0,0,1461724907900,6521,137.794261162,11.7385800317
-9.02395789035,-4.95924098085,5.63634403215,-0.013823,3.169639,0.546893,0,0,0,0,0,0,1461724907910,6531,137.794261162,11.7385800317
-9.05088667665,-4.99725116865,5.5012195797,-0.057813,3.680180,0.717716,0,0,0,0,0,0,1461724907919,6540,137.15448574,11.7112973551
-9.12810345135,-4.93005668805,5.40410531505,-0.146836,4.197591,0.892565,0,0,0,0,0,0,1461724907929,6550,136.832085822,11.6975247733
-9.2048593182,-4.88157310485,5.3066968539,-0.240856,4.763182,1.056760,0,0,0,0,0,0,1461724907939,6560,136.720222545,11.6927423022
-9.271896894,-4.81514353515,5.1132136224,-0.365167,5.325044,1.212371,0,0,0,0,0,0,1461724907948,6569,135.298632825,11.6317940502
-9.27743759475,-4.9109044959,4.8434158188,-0.494080,5.842118,1.362566,0,0,0,0,0,0,1461724907958,6579,133.646508086,11.5605582947
-9.26412029985,-4.92362359125,4.3336125105,-0.640997,6.261560,1.540407,0,0,0,0,0,0,1461724907967,6588,128.84619159,11.3510436344
-9.26412029985,-4.92362359125,4.3336125105,-0.814299,6.630178,1.705423,0,0,0,0,0,0,1461724907977,6598,128.84619159,11.3510436344
-9.0591143721,-4.9125519963,3.7304312331,-1.022804,6.970441,1.881501,0,0,0,0,0,0,1461724907986,6607,120.116837508,10.9597827309
-8.5148900733,-4.61762000505,2.940199821,-1.202711,7.201269,2.042621,0,0,0,0,0,0,1461724907996,6617,102.470542459,10.1227734569
-8.1810554982,-4.41081947865,2.4161770152,-1.377464,7.360344,2.209177,0,0,0,0,0,0,1461724908006,6627,92.2229089066,9.60327594661
-7.7331903597,-4.122477489,1.7591185521,-1.562672,7.463890,2.350353,0,0,0,0,0,0,1461724908015,6636,79.891551867,8.93820741911
-7.248217236,-3.7504758213,1.01602722585,-1.710602,7.466136,2.451763,0,0,0,0,0,0,1461724908025,6646,67.6350333101,8.22405212229
-6.7265872284,-3.2761329978,0.1776162336,-1.836891,7.331697,2.514358,0,0,0,0,0,0,1461724908035,6656,56.011570687,7.48408783266
-6.7265872284,-3.2761329978,0.1776162336,-1.874890,7.136122,2.518712,0,0,0,0,0,0,1461724908044,6665,56.011570687,7.48408783266
-6.3290100783,-2.82692436195,-0.6335619693,-1.899839,6.871935,2.456429,0,0,0,0,0,0,1461724908054,6675,48.4492706884,6.96055103338
-5.89356983865,-2.35975993305,-1.41570297765,-1.927761,6.611963,2.313442,0,0,0,0,0,0,1461724908063,6684,42.3068473056,6.50437139973
-5.64966132705,-1.87882710795,-2.21042578965,-1.915984,6.268312,2.122163,0,0,0,0,0,0,1461724908073,6694,40.3346465835,6.35095635188
-5.52576537435,-1.48199525565,-3.35304576945,-1.907017,5.829028,1.886409,0,0,0,0,0,0,1461724908083,6704,43.9733088422,6.63123735378
-5.0784984354,-0.82179869655,-5.0490199461,-1.873411,5.347391,1.635177,0,0,0,0,0,0,1461724908092,6713,51.9591018721,7.20826621818
-5.0784984354,-0.82179869655,-5.0490199461,-1.841492,4.921218,1.408143,0,0,0,0,0,0,1461724908102,6723,51.9591018721,7.20826621818
-4.80302263935,-0.5850783861,-5.4968850846,-1.833124,4.537494,1.211491,0,0,0,0,0,0,1461724908111,6732,53.6270888253,7.32305187919
-4.631241303,-0.40311785085,-6.0330287862,-1.815198,4.168008,1.026124,0,0,0,0,0,0,1461724908121,6742,58.0083363434,7.61632039396
-4.6132757034,-0.2075458242,-6.43659773835,-1.834002,3.827869,0.856158,0,0,0,0,0,0,1461724908131,6752,62.7551784301,7.92181661174
-4.76620885065,-0.0743728752,-6.84301059,-1.851773,3.545356,0.675609,0,0,0,0,0,0,1461724908140,6761,69.5490720674,8.33960862795
-5.05081454475,-0.0137683962,-7.3089786198,-1.848845,3.237099,0.504625,0,0,0,0,0,0,1461724908150,6771,78.9320855989,8.88437311232
-5.05081454475,-0.0137683962,-7.3089786198,-1.815493,2.863251,0.365108,0,0,0,0,0,0,1461724908160,6781,78.9320855989,8.88437311232
-5.27018706825,0.14799064605,-7.8991367988,-1.809343,2.521274,0.262093,0,0,0,0,0,0,1461724908169,6790,90.1931351318,9.49700664061
-5.46829899135,0.31723208595,-8.7870806751,-1.796389,2.205482,0.201565,0,0,0,0,0,0,1461724908179,6800,107.215716846,10.35450225
-5.6421789294,0.5080185162,-9.11672785335,-1.803151,1.901515,0.166110,0,0,0,0,0,0,1461724908188,6809,115.206992636,10.7334520373
-5.7413819892,0.71735893905,-9.23344541145,-1.831095,1.683464,0.144085,0,0,0,0,0,0,1461724908198,6819,118.73458516,10.8965400545
-5.7270252,0.8970639678,-9.09817386075,-1.833950,1.557354,0.121656,0,0,0,0,0,0,1461724908208,6829,116.380309004,10.7879705693
-5.7270252,0.8970639678,-9.09817386075,-1.824882,1.465487,0.106981,0,0,0,0,0,0,1461724908217,6838,116.380309004,10.7879705693
-5.70173410755,1.0752882075,-9.1649074335,-1.783980,1.353662,0.075784,0,0,0,0,0,0,1461724908227,6848,117.661544827,10.8471906421
-5.54312296785,1.26995803155,-9.1912478268,-1.735856,1.295895,0.022752,0,0,0,0,0,0,1461724908237,6858,116.818042252,10.8082395538
-5.43328960785,1.44773116995,-9.04519887765,-1.658842,1.295952,-0.029820,0,0,0,0,0,0,1461724908246,6867,113.432184239,10.6504546494
-5.4858036831,1.6844514804,-9.1032634602,-1.587537,1.296901,-0.125842,0,0,0,0,0,0,1461724908256,6877,115.800824465,10.7610791497
-5.4201194112,1.7580790578,-9.15997473885,-1.515034,1.268534,-0.203539,0,0,0,0,0,0,1461724908265,6886,116.373673622,10.7876630287
-5.4201194112,1.7580790578,-9.15997473885,-1.452548,1.276697,-0.267135,0,0,0,0,0,0,1461724908275,6896,116.373673622,10.7876630287
-5.29666475325,1.80266944065,-9.16789843125,-1.368630,1.284095,-0.278662,0,0,0,0,0,0,1461724908284,6905,115.354636266,10.7403275679
-5.09480672805,1.8161338338,-9.3284610744,-1.316584,1.295049,-0.260170,0,0,0,0,0,0,1461724908294,6915,116.275583715,10.7831156775
-4.8661670148,1.90442220345,-9.50757771015,-1.267078,1.257959,-0.202409,0,0,0,0,0,0,1461724908304,6925,117.700439259,10.8489833284
-4.59981131025,2.03879155155,-9.72485163195,-1.219845,1.159734,-0.129124,0,0,0,0,0,0,1461724908314,6935,119.887674344,10.9493230085
-4.33495600785,2.2021980942,-9.82644748995,-1.140776,1.029815,-0.066271,0,0,0,0,0,0,1461724908323,6944,120.200590309,10.9636029803
-4.09030219845,2.3855021268,-9.832439292,-1.066591,0.922182,-0.013100,0,0,0,0,0,0,1461724908333,6954,119.098054902,10.9132055283
-4.09030219845,2.3855021268,-9.832439292,-1.000534,0.820117,-0.007046,0,0,0,0,0,0,1461724908342,6963,119.098054902,10.9132055283
-4.0008174297,2.6482588275,-9.75387901995,-0.946170,0.717679,-0.054365,0,0,0,0,0,0,1461724908352,6973,118.157970859,10.8700492574
-3.963415248,3.0823555698,-9.6082811721,-0.887019,0.685716,-0.132032,0,0,0,0,0,0,1461724908361,6982,117.528643369,10.8410628339
-3.9677497431,3.23438651445,-9.45430853055,-0.815681,0.686644,-0.231782,0,0,0,0,0,0,1461724908371,6992,115.58824394,10.7511973259
-3.97733074245,3.3273035757,-9.70465013895,-0.750480,0.671155,-0.315520,0,0,0,0,0,0,1461724908381,7002,121.070343239,11.0031969554
-3.83307639195,3.31429028385,-9.80834459865,-0.705885,0.620332,-0.385858,0,0,0,0,0,0,1461724908390,7011,121.880618478,11.0399555469
-3.6786526491,3.31907588025,-9.98880473175,-0.652049,0.549936,-0.389350,0,0,0,0,0,0,1461724908400,7021,124.324969981,11.1501107609
-3.6786526491,3.31907588025,-9.98880473175,-0.589839,0.456204,-0.364551,0,0,0,0,0,0,1461724908409,7030,124.324969981,11.1501107609
-3.4299585411,3.32282198235,-10.0527042115,-0.542412,0.333205,-0.300224,0,0,0,0,0,0,1461724908419,7040,123.862623485,11.1293586286
-3.25892250255,3.40347104955,-10.1558004717,-0.510319,0.180869,-0.227599,0,0,0,0,0,0,1461724908429,7050,125.344474284,11.1957346469
-3.1458039483,3.46737052935,-10.0866642942,-0.461357,0.042403,-0.192020,0,0,0,0,0,0,1461724908438,7059,123.659537453,11.1202309982
-3.12828945,3.524081808,-10.0188814206,-0.421924,-0.078640,-0.188515,0,0,0,0,0,0,1461724908448,7069,122.583332393,11.0717357443
-3.14026324755,3.5813912862,-9.90366426465,-0.383519,-0.185739,-0.214680,0,0,0,0,0,0,1461724908457,7078,120.770182676,10.9895487931
-3.1054009623,3.68568394545,-9.7104850362,-0.346401,-0.264632,-0.247998,0,0,0,0,0,0,1461724908467,7088,117.521300921,10.840724188
-3.087886464,3.7049930424,-9.54662739225,-0.296945,-0.350634,-0.298848,0,0,0,0,0,0,1461724908477,7098,114.400110825,10.6957987465
-3.087886464,3.7049930424,-9.5466371988,-0.247876,-0.378876,-0.336666,0,0,0,0,0,0,1461724908486,7107,114.400298064,10.6958074994
-3.19308132585,3.63316006365,-9.326813574,-0.218519,-0.369480,-0.364050,0,0,0,0,0,0,1461724908496,7117,110.385071846,10.5064300238
-3.4877191206,3.5547566964,-9.3313049739,-0.190550,-0.352931,-0.375199,0,0,0,0,0,0,1461724908506,7127,111.873732351,10.5770379762
-3.79118281035,3.42008334525,-9.28791099015,-0.166319,-0.297615,-0.397107,0,0,0,0,0,0,1461724908515,7136,112.335327751,10.5988361508
-4.04705531295,3.2568337074,-9.1089512592,-0.135409,-0.174963,-0.384795,0,0,0,0,0,0,1461724908525,7146,109.958615546,10.4861153697
-4.2254266509,3.1190124537,-9.1503937395,-0.126811,-0.059156,-0.317772,0,0,0,0,0,0,1461724908534,7155,111.312174656,10.5504585046
-4.2212294475,2.9672855121,-9.2756429961,-0.118157,0.012025,-0.232579,0,0,0,0,0,0,1461724908544,7165,112.66111435,10.6141940038
-4.2212294475,2.9672855121,-9.2756429961,-0.122031,0.083404,-0.103832,0,0,0,0,0,0,1461724908554,7175,112.66111435,10.6141940038
-4.01877322275,2.8869306414,-9.3013753833,-0.112559,0.122008,0.045626,0,0,0,0,0,0,1461724908563,7184,111.000490765,10.5356770435
-3.75915461805,2.83410275655,-9.32666647575,-0.122084,0.107410,0.172258,0,0,0,0,0,0,1461724908573,7194,109.150089427,10.4474920161
-3.4278599394,2.9963129001,-9.35045716605,-0.128575,0.065423,0.243896,0,0,0,0,0,0,1461724908583,7204,108.159163974,10.3999598063
-3.33523707465,3.1266419496,-9.3199293759,-0.117742,0.040906,0.269678,0,0,0,0,0,0,1461724908592,7213,107.760779797,10.3807889776
-3.33523707465,3.1266419496,-9.3199293759,-0.124451,0.006445,0.220892,0,0,0,0,0,0,1461724908602,7223,107.760779797,10.3807889776
-3.33808097415,3.2402214117,-9.26217860295,-0.110360,-0.015107,0.148530,0,0,0,0,0,0,1461724908612,7233,107.42977186,10.3648334217
-3.38685875385,3.2701510023,-9.19543522365,-0.098490,-0.040334,0.053775,0,0,0,0,0,0,1461724908621,7242,106.720728749,10.3305725276
-3.51255911175,3.31099528305,-9.1396261476,-0.089236,-0.044328,-0.030814,0,0,0,0,0,0,1461724908630,7251,106.833527396,10.3360305435
-3.5507163978,3.3115934826,-9.1593765393,-0.081424,-0.068117,-0.078318,0,0,0,0,0,0,1461724908640,7261,107.46841692,10.3666974934
-3.8462465886,3.2616193038,-9.14455884225,-0.056903,-0.070495,-0.102074,0,0,0,0,0,0,1461724908650,7271,109.054729723,10.4429272583
-3.8462465886,3.2616193038,-9.14455884225,-0.053291,-0.083362,-0.091044,0,0,0,0,0,0,1461724908659,7280,109.054729723,10.4429272583
-3.99753223545,3.19876912485,-9.1755377337,-0.034134,-0.087766,-0.055153,0,0,0,0,0,0,1461724908669,7290,110.40288059,10.5072775061
-4.090900398,3.09701636205,-9.1771852341,-0.041829,-0.075812,-0.014002,0,0,0,0,0,0,1461724908679,7300,110.547705234,10.5141668826
-4.17469736775,2.9858395047,-9.14979553995,-0.038704,-0.049624,0.032229,0,0,0,0,0,0,1461724908688,7309,110.062094083,10.4910482833
-4.1550940743,2.95695921495,-9.14950134345,-0.042827,-0.043447,0.084500,0,0,0,0,0,0,1461724908698,7319,109.721789399,10.4748169148
-4.09598999745,3.16599563475,-8.6865243114,0.035839,0.000569,0.098234,0,0,0,0,0,0,1461724908707,7328,102.256367031,10.1121890326
-4.09598999745,3.16599563475,-8.6865243114,-0.069581,-0.022443,0.074915,0,0,0,0,0,0,1461724908717,7338,102.256367031,10.1121890326
-4.1235169833,3.24007431345,-9.0621151764,0.007029,-0.010395,0.063463,0,0,0,0,0,0,1461724908727,7348,109.623405339,10.470119643
-3.99976812885,3.18186263265,-8.82927825975,-0.007258,0.001066,0.022652,0,0,0,0,0,0,1461724908736,7357,104.078549486,10.2018895057
