55,-1.932274,-1.263471,-7.030522,0,0,0,0,0,0,1462171903652,6963
-12.180823627,12.3518596656,0.72647903055,-1.862676,-1.385776,-6.711506,0,0,0,0,0,0,1462171903662,6973
-9.89438726835,12.4477775312,-0.52911240525,-1.879442,-1.237008,-6.375016,0,0,0,0,0,0,1462171903672,6983
-7.57951191465,12.2116456137,-1.38951948915,-1.936491,-0.864392,-6.035698,0,0,0,0,0,0,1462171903681,6992
-5.50989837645,11.8073313637,-1.8875059047,-2.075476,-0.347748,-5.69872,0,0,0,0,0,0,1462171903691,7002
-4.0288053234,11.3216129423,-1.9036670991,-2.269227,0.217213,-5.32594,0,0,0,0,0,0,1462171903701,7012
-2.35497433665,11.0356637508,-1.5032460495,-2.381695,0.670553,-4.856725,0,0,0,0,0,0,1462171903710,7021
-0.72663593535,10.8064160314,-1.26727103685,-2.472867,1.048296,-4.361975,0,0,0,0,0,0,1462171903720,7031
0.1809112344,10.363650299,-1.1858668653,-2.570293,1.397784,-3.861928,0,0,0,0,0,0,1462171903729,7040
1.020665724,9.75163332,-1.4712178572,-2.596353,1.69742,-3.350533,0,0,0,0,0,0,1462171903739,7050
1.020665724,9.75163332,-1.4712178572,-2.543074,1.964058,-2.89759,0,0,0,0,0,0,1462171903749,7060
1.8019143363,9.03517658355,-1.9012743009,-2.41566,2.127089,-2.502332,0,0,0,0,0,0,1462171903758,7069
2.7892181772,7.70925257115,-2.2316765835,-2.171688,2.065707,-2.076731,0,0,0,0,0,0,1462171903768,7079
3.3464655744,7.3912751874,-2.2134167874,-1.825266,1.851884,-1.636379,0,0,0,0,0,0,1462171903777,7088
3.73865892855,6.96585724185,-2.1782504991,-1.434093,1.542656,-1.223831,0,0,0,0,0,0,1462171903787,7098
4.2923073219,6.5150011056,-2.08278373485,-0.974417,1.089419,-0.801421,0,0,0,0,0,0,1462171903797,7108
4.82995142565,6.19627842405,-1.9974961695,-0.441161,0.532193,-0.372078,0,0,0,0,0,0,1462171903806,7117
5.46784789005,6.00414849645,-2.2090822923,0.071646,0.043267,0.07032,0,0,0,0,0,0,1462171903816,7127
5.46784789005,6.00414849645,-2.2090822923,0.515707,-0.27483,0.546064,0,0,0,0,0,0,1462171903825,7136
5.9288832252,6.01581829095,-2.471838993,0.824582,-0.375742,1.033879,0,0,0,0,0,0,1462171903835,7146
6.24790010325,6.10919626005,-2.68835781045,1.006749,-0.312331,1.508184,0,0,0,0,0,0,1462171903845,7156
6.30895568355,6.28965639315,-2.65903622595,1.092122,-0.128477,1.999109,0,0,0,0,0,0,1462171903854,7165
6.34486726965,6.658059057,-2.55324316455,1.069669,0.167594,2.513008,0,0,0,0,0,0,1462171903864,7175
5.949830016,7.00716243045,-2.4342799065,0.991206,0.459165,3.037174,0,0,0,0,0,0,1462171903874,7185
5.40216361815,7.8059157345,-2.30858935515,0.931926,0.70353,3.565467,0,0,0,0,0,0,1462171903883,7194
3.49879071555,8.6323529292,-2.4145295148,0.968467,0.959041,4.121739,0,0,0,0,0,0,1462171903893,7204
3.49879071555,8.6323529292,-2.4145295148,1.02395,1.158966,4.705835,0,0,0,0,0,0,1462171903902,7213
2.22688118055,9.150099543,-2.1646390077,1.110624,1.248165,5.276022,0,0,0,0,0,0,1462171903912,7223
0.4990357164,9.85472958015,-1.7483509602,1.226526,1.323186,5.831302,0,0,0,0,0,0,1462171903922,7233
-1.355853603,10.470933956,-1.1991841602,1.345658,1.281711,6.375373,0,0,0,0,0,0,1462171903931,7242
-3.28032039465,11.3881994167,-0.7380017268,1.518671,1.140889,6.95375,0,0,0,0,0,0,1462171903941,7252
-5.8097728689,13.140296479,-0.06569407845,1.667644,0.913869,7.595276,0,0,0,0,0,0,1462171903950,7261
-9.17478262935,13.9653901764,1.01932222665,1.736843,0.695745,8.191136,0,0,0,0,0,0,1462171903960,7271
-9.17478262935,13.9653901764,1.01932222665,1.774878,0.368945,8.676464,0,0,0,0,0,0,1462171903970,7281
-13.1404435773,13.6331932951,2.4043503159,1.972755,0.029752,8.93871,0,0,0,0,0,0,1462171903979,7290
-17.3468651343,12.9602776407,2.9877812016,2.348516,0.138082,8.828833,0,0,0,0,0,0,1462171903989,7300
-19.4951860428,11.110929022,1.03383592065,2.695599,0.411662,8.470108,0,0,0,0,0,0,1462171903999,7310
-19.5094055403,10.2366064437,0.3993815553,3.054104,0.728098,8.220218,0,0,0,0,0,0,1462171904008,7319
-19.4694536556,12.2917062879,0.9652979427,3.37458,1.037766,8.149511,0,0,0,0,0,0,1462171904018,7329
-19.4672079557,12.9248171559,2.56206905955,3.618521,1.196788,8.134196,0,0,0,0,0,0,1462171904027,7338
-19.4484970582,14.2112403849,3.8212594992,3.871485,1.138547,8.221755,0,0,0,0,0,0,1462171904037,7348
-19.4431132623,14.7168562964,4.5811102194,4.034467,0.915589,8.366161,0,0,0,0,0,0,1462171904047,7358
-19.4431132623,14.7168562964,4.5811102194,4.11989,0.794065,8.540958,0,0,0,0,0,0,1462171904056,7367
-19.4187243724,15.8129441964,4.45496856675,4.155374,0.989512,8.904033,0,0,0,0,0,0,1462171904066,7377
-19.405701274,16.7050754695,5.32016124705,4.122407,1.291457,9.230303,0,0,0,0,0,0,1462171904075,7386
-19.4869583473,13.3825574902,6.70878834015,4.035555,1.532191,9.004563,0,0,0,0,0,0,1462171904085,7396
-19.5791301108,9.2994336864,7.3570111017,3.975566,1.62403,8.257151,0,0,0,0,0,0,1462171904095,7406
-19.6551504864,6.1388218476,8.50501487745,3.926139,1.360029,7.356854,0,0,0,0,0,0,1462171904104,7415
-19.6840307761,5.2061404902,9.7565758212,3.840029,0.634743,6.652922,0,0,0,0,0,0,1462171904114,7425
-19.6840307761,5.2061404902,9.7565758212,3.763156,-0.071475,6.299133,0,0,0,0,0,0,1462171904123,7434
-19.660083181,6.30207148545,9.6786137487,3.629497,-0.366177,6.275555,0,0,0,0,0,0,1462171904133,7444
-19.6235733954,7.5841504128,8.42660170365,3.462591,-0.172056,6.430917,0,0,0,0,0,0,1462171904143,7454
-19.5979881064,8.0498242461,6.23234691495,3.258654,0.404869,6.581212,0,0,0,0,0,0,1462171904152,7463
-19.6298593939,6.9571784451,7.4074363818,3.037514,1.037734,6.642789,0,0,0,0,0,0,1462171904162,7473
-19.7075174634,3.8881401702,9.06510617415,2.793508,1.202685,6.419876,0,0,0,0,0,0,1462171904172,7483
-19.7560010466,1.9651737807,10.086821199,2.625058,1.083127,5.874024,0,0,0,0,0,0,1462171904181,7492
-19.7560010466,1.9651737807,10.086821199,2.345863,0.881855,5.301006,0,0,0,0,0,0,1462171904191,7502
-19.7769478374,1.2710073324,10.9342051845,1.895308,0.57261,4.810743,0,0,0,0,0,0,1462171904200,7511
-19.8010425307,0.0266345898,10.5695486227,1.424983,0.458853,4.324744,0,0,0,0,0,0,1462171904210,7521
-19.8067303297,-0.64582996335,9.3386402733,0.935498,0.688848,3.853878,0,0,0,0,0,0,1462171904220,7531
-19.8224404229,-1.67936188095,8.42556220935,0.414726,0.979048,3.380054,0,0,0,0,0,0,1462171904229,7540
-19.8939693985,-5.11500822105,8.11087001985,0.046044,1.174776,2.833148,0,0,0,0,0,0,1462171904239,7550
-19.8939693985,-5.11500822105,8.11087001985,-0.168343,1.070858,2.267482,0,0,0,0,0,0,1462171904248,7559
-19.9220945839,-6.1861090317,8.83361275485,-0.277875,0.64584,1.768022,0,0,0,0,0,0,1462171904258,7569
-19.9324208811,-6.68648824545,8.7956123736,-0.236443,0.143179,1.335713,0,0,0,0,0,0,1462171904268,7579
-19.9415507791,-7.3154117166,8.1611482017,-0.114846,-0.384535,0.894567,0,0,0,0,0,0,1462171904277,7588
-19.9536716749,-8.02123815285,7.7288558646,-0.020428,-0.849399,0.398228,0,0,0,0,0,0,1462171904287,7598
-19.9536716749,-8.13271901325,7.40160148455,0.005499,-1.180806,-0.115318,0,0,0,0,0,0,1462171904296,7607
-19.9536716749,-8.13271901325,7.40160148455,-0.056513,-1.30005,-0.602066,0,0,0,0,0,0,1462171904306,7617
-19.6690659809,-7.49152754805,6.9526870452,-0.262764,-1.244682,-1.036491,0,0,0,0,0,0,1462171904316,7627
-17.4908056752,-6.7431995241,6.76280281755,-0.655832,-0.974636,-1.391464,0,0,0,0,0,0,1462171904325,7636
-16.6389302898,-6.27110240055,6.7265872284,-1.131572,-0.626774,-1.699621,0,0,0,0,0,0,1462171904335,7646
-16.4693946534,-5.9091328335,6.81532669935,-1.571194,-0.294573,-1.976733,0,0,0,0,0,0,1462171904345,7656
-16.4693946534,-5.9091328335,6.81532669935,-1.850365,-0.190415,-2.24232,0,0,0,0,0,0,1462171904354,7665
-16.8096721319,-5.61643673565,7.14676847625,-1.970202,-0.329481,-2.516101,0,0,0,0,0,0,1462171904364,7675
-17.6380510235,-5.41861900905,7.2785979279,-1.95077,-0.632649,-2.823652,0,0,0,0,0,0,1462171904373,7684
-18.5590625863,-5.1555583053,7.1780415642,-1.856912,-0.886689,-3.138304,0,0,0,0,0,0,1462171904383,7694
-19.2840510213,-4.71727416615,6.9262093602,-1.849221,-0.868347,-3.457862,0,0,0,0,0,0,1462171904393,7704
-19.8463782114,-3.44357983905,6.47370572355,-1.986906,-0.5642,-3.814473,0,0,0,0,0,0,1462171904402,7713
-19.8463782114,-3.44357983905,6.47370572355,-2.235065,-0.201949,-4.152502,0,0,0,0,0,0,1462171904412,7723
-19.8333649195,-2.56042155915,7.29086592195,-2.535852,0.061733,-4.501658,0,0,0,0,0,0,1462171904421,7732
-19.8303739218,-2.0013795633,8.58941004675,-2.811581,0.070355,-4.93773,0,0,0,0,0,0,1462171904431,7742
-19.8275300223,-1.47915135615,9.74340562455,-3.017339,-0.191589,-5.463266,0,0,0,0,0,0,1462171904441,7752
-19.8148109269,-0.70808194275,10.30080012,-3.058728,-0.632127,-5.981543,0,0,0,0,0,0,1462171904450,7761
-19.7771047422,0.96469974315,10.0203818228,-2.981027,-1.160906,-6.406305,0,0,0,0,0,0,1462171904460,7771
-19.7771047422,0.96469974315,10.0203818228,-2.897245,-1.757432,-6.727259,0,0,0,0,0,0,1462171904469,7780
-19.7323574545,2.91222173385,9.62414817,-2.771345,-2.274992,-7.09771,0,0,0,0,0,0,1462171904479,7790
-19.7025847688,4.0868600994,8.98788939945,-2.688604,-2.592463,-7.426552,0,0,0,0,0,0,1462171904489,7800
-19.6304575935,7.03095312075,7.71523456665,-2.643511,-2.745466,-7.667466,0,0,0,0,0,0,1462171904498,7809
-19.6105601036,7.90063720095,7.5603597225,-2.666671,-2.717913,-7.927325,0,0,0,0,0,0,1462171904508,7819
-19.5858672106,9.0341272827,7.50170674695,-2.764302,-2.426564,-8.143599,0,0,0,0,0,0,1462171904518,7829
-19.5628218181,10.2776076292,8.02019865855,-2.927921,-1.997864,-8.241698,0,0,0,0,0,0,1462171904527,7838
-19.5448660251,11.2108871862,8.30794244865,-3.155563,-1.733702,-8.334026,0,0,0,0,0,0,1462171904537,7848
-19.5448660251,11.2108871862,8.30794244865,-3.284083,-1.533743,-8.400087,0,0,0,0,0,0,1462171904546,7857
-19.5152404375,12.3576945628,7.594780713,-3.388205,-1.504814,-8.429688,0,0,0,0,0,0,1462171904556,7867
-19.4924892416,13.2204944449,6.9975814311,-3.424162,-1.586097,-8.39138,0,0,0,0,0,0,1462171904566,7877
-19.4661586548,14.0301820522,5.76502558125,-3.334424,-1.575763,-8.221714,0,0,0,0,0,0,1462171904575,7886
-19.4686985512,13.7683177476,5.3228580483,-3.222023,-1.713677,-8.084157,0,0,0,0,0,0,1462171904585,7896
-19.4743863502,13.5224675391,5.3614566291,-3.083125,-2.02085,-8.012056,0,0,0,0,0,0,1462171904594,7905
-19.4788777501,13.1940069534,5.0057730606,-2.976746,-2.396892,-8.012379,0,0,0,0,0,0,1462171904604,7915
-19.4538906607,13.6595336885,2.8981493346,-2.937984,-2.662014,-8.002341,0,0,0,0,0,0,1462171904614,7925
-19.4538906607,13.6595336885,2.8981493346,-3.000708,-2.72056,-7.806338,0,0,0,0,0,0,1462171904623,7934
-15.5055873063,14.6309705315,1.87763070885,-3.088275,-2.563457,-7.428577,0,0,0,0,0,0,1462171904633,7944
-11.5948528449,14.6038848404,0.3956354532,-3.135671,-2.174172,-6.930439,0,0,0,0,0,0,1462171904642,7953
-8.82119766255,13.8875752021,-0.54407720055,-3.10132,-1.614916,-6.376095,0,0,0,0,0,0,1462171904652,7963
-7.3124109123,12.874234971,-0.6548029566,-3.050966,-1.088449,-5.863733,0,0,0,0,0,0,1462171904662,7973
-6.28545918975,11.394338317,-0.30136508805,-2.970011,-0.735638,-5.472715,0,0,0,0,0,0,1462171904671,7982
-5.3295853416,10.1026783904,-0.12210135405,-2.859874,-0.536668,-5.16845,0,0,0,0,0,0,1462171904681,7992
-4.05603811275,9.17972513055,-0.4869148206,-2.710868,-0.445848,-4.921646,0,0,0,0,0,0,1462171904691,8002
-4.05603811275,9.17972513055,-0.4869148206,-2.593403,-0.305556,-4.654079,0,0,0,0,0,0,1462171904700,8011
-2.3643984312,8.8545693522,-1.40448428445,-2.524827,-0.052579,-4.291773,0,0,0,0,0,0,1462171904710,8021
-0.69386244525,8.88703883925,-2.23631508165,-2.449698,0.239753,-3.821814,0,0,0,0,0,0,1462171904719,8030
1.0121340255,8.48436228315,-2.7497173938,-2.347806,0.55075,-3.344729,0,0,0,0,0,0,1462171904729,8040
2.3225048496,7.9863758676,-2.989428702,-2.17257,0.735301,-2.845565,0,0,0,0,0,0,1462171904739,8050
3.91837376385,7.13345118135,-2.7531496863,-1.874732,0.695389,-2.31236,0,0,0,0,0,0,1462171904748,8059
4.6364780007,6.72479262975,-2.7803922822,-1.455187,0.486387,-1.751902,0,0,0,0,0,0,1462171904758,8069
5.0418415515,5.9793085053,-2.87944824375,-0.978628,0.244187,-1.197595,0,0,0,0,0,0,1462171904767,8078
5.0418415515,5.9793085053,-2.87944824375,-0.469793,0.058623,-0.691259,0,0,0,0,0,0,1462171904777,8088
5.2848478605,5.25806617245,-2.9228422275,0.005552,-0.117023,-0.242014,0,0,0,0,0,0,1462171904787,8098
5.50825087605,5.0357026512,-2.717395005,0.439932,-0.227692,0.201785,0,0,0,0,0,0,1462171904796,8107
5.6131515414,5.0841862344,-2.5619219613,0.74553,-0.274359,0.676623,0,0,0,0,0,0,1462171904806,8117
5.74766798775,5.19910919385,-2.3002047549,0.917481,-0.273428,1.173999,0,0,0,0,0,0,1462171904816,8127
5.76712418295,5.28334745835,-2.107623726,1.01306,-0.176957,1.701821,0,0,0,0,0,0,1462171904825,8136
5.34275553825,5.1132136224,-2.07515423895,1.041543,0.036639,2.186519,0,0,0,0,0,0,1462171904835,8146
5.34275553825,5.1132136224,-2.07515423895,0.989027,0.270884,2.62915,0,0,0,0,0,0,1462171904844,8155
4.9444232838,4.88622140955,-1.8786800097,0.949774,0.487393,3.074385,0,0,0,0,0,0,1462171904854,8165
4.4579595645,4.9691161767,-1.80910253745,0.930979,0.708358,3.545563,0,0,0,0,0,0,1462171904864,8175
3.92031546075,5.3250939417,-1.75971675165,0.864632,0.952912,4.047797,0,0,0,0,0,0,1462171904873,8184
2.77530268275,6.03288168795,-1.2674181351,0.855971,1.113432,4.579198,0,0,0,0,0,0,1462171904883,8194
-0.3556835685,5.84942075055,-1.16910747135,0.902453,1.200081,5.016665,0,0,0,0,0,0,1462171904892,8203
-2.04612685095,5.87860504335,-1.32891501015,1.011541,1.285688,5.380521,0,0,0,0,0,0,1462171904902,8213
-2.04612685095,5.87860504335,-1.32891501015,1.11686,1.332508,5.737347,0,0,0,0,0,0,1462171904912,8223
-3.47409782265,6.27918299775,-1.023215427,1.208762,1.323036,6.068737,0,0,0,0,0,0,1462171904921,8232
-4.4757682593,6.999523128,-0.4905040179,1.271932,1.242761,6.451956,0,0,0,0,0,0,1462171904931,8242
-5.12667801555,7.99266186615,-0.06853797795,1.293442,1.15189,6.869042,0,0,0,0,0,0,1462171904940,8251
-5.83296535965,8.9953717971,0.0929268678,1.285145,1.140508,7.404727,0,0,0,0,0,0,1462171904950,8261
-7.7914020405,11.0438914462,0.65824505565,1.224654,1.222453,8.126075,0,0,0,0,0,0,1462171904960,8271
-12.8579266783,10.470933956,0.17029074075,1.158612,1.287185,8.776808,0,0,0,0,0,0,1462171904969,8280
-12.8579266783,10.470933956,0.17029074075,1.163797,1.422994,9.09717,0,0,0,0,0,0,1462171904979,8290
-16.0945588928,10.4963721466,-0.3778267584,1.122376,1.689142,9.114471,0,0,0,0,0,0,1462171904989,8300
-18.6986784387,10.3994049802,-0.2047019247,1.085951,1.910437,8.949566,0,0,0,0,0,0,1462171904998,8309
-19.4785737471,10.1828861628,-0.06194797635,1.126611,1.98505,8.642921,0,0,0,0,0,0,1462171905008,8319
-19.4802212475,11.68912321,0.6771030513,1.184792,1.767592,8.540536,0,0,0,0,0,0,1462171905017,8328
-19.4802212475,11.68912321,0.6771030513,1.321247,1.376611,8.850847,0,0,0,0,0,0,1462171905027,8338
-19.4318945691,14.2336875778,1.5505332336,1.420472,1.075626,9.300808,0,0,0,0,0,0,1462171905037,8348
-19.3777231869,16.6622796854,1.27894083135,1.4458,1.152984,9.932311,0,0,0,0,0,0,1462171905046,8357
-19.3828127864,16.4632557531,1.3751528934,1.373026,1.229868,10.524552,0,0,0,0,0,0,1462171905056,8367
-19.4062994736,15.6742305466,2.30933465295,1.274501,1.093665,10.742671,0,0,0,0,0,0,1462171905065,8376
-19.408250977,15.7467990166,2.7999857691,1.225562,0.882465,10.664365,0,0,0,0,0,0,1462171905075,8386
-19.408250977,15.7467990166,2.7999857691,1.1405,0.507061,10.314608,0,0,0,0,0,0,1462171905085,8396
-19.415880473,15.5274362997,3.194581728,1.120798,0.029581,9.656204,0,0,0,0,0,0,1462171905094,8405
-19.4549301551,13.7050164673,3.1867953273,1.244882,-0.438434,8.675168,0,0,0,0,0,0,1462171905104,8415
-19.5092486355,11.2854071596,3.5353005012,1.453368,-1.131427,7.647606,0,0,0,0,0,0,1462171905113,8424
-19.4176750716,15.3682269605,2.96384341305,1.696769,-1.841407,7.073565,0,0,0,0,0,0,1462171905123,8434
-19.346450099,18.5065387045,2.4221590107,1.919587,-2.181789,7.119501,0,0,0,0,0,0,1462171905133,8444
-19.346450099,18.5065387045,2.4221590107,1.975438,-2.058218,7.477013,0,0,0,0,0,0,1462171905142,8453
-19.3545306962,17.8225514551,1.5087769437,1.943473,-1.429724,7.725306,0,0,0,0,0,0,1462171905152,8463
-19.3663475889,17.1726811932,1.2012827619,1.850395,-0.475987,7.769212,0,0,0,0,0,0,1462171905162,8473
-19.4058581788,15.8044124979,2.64601312755,1.513341,0.353233,7.568385,0,0,0,0,0,0,1462171905171,8482
-19.4814176466,12.9041645616,4.49611685055,0.954204,0.813782,6.986114,0,0,0,0,0,0,1462171905181,8492
-19.55818332,9.5759587833,5.2496815722,0.433691,0.894628,6.083327,0,0,0,0,0,0,1462171905190,8501
-19.55818332,9.5759587833,5.2496815722,0.127772,0.728861,5.103769,0,0,0,0,0,0,1462171905200,8511
-19.6140022026,6.8304385929,4.8188798307,0.109504,0.404565,4.221343,0,0,0,0,0,0,1462171905210,8521
-19.6297122957,5.8525686531,4.07892660045,0.234166,0.003662,3.634721,0,0,0,0,0,0,1462171905219,8530
-19.609657901,6.5646810879,3.38566235475,0.421865,-0.436875,3.327764,0,0,0,0,0,0,1462171905229,8540
-19.6237204936,5.588164452,2.4338288052,0.636213,-0.809544,3.06842,0,0,0,0,0,0,1462171905238,8549
-19.6476680887,4.35321580395,2.0693193417,0.833151,-1.0654,2.778121,0,0,0,0,0,0,1462171905248,8559
-19.6358413895,3.1170707568,2.05181464995,1.00863,-1.235212,2.487027,0,0,0,0,0,0,1462171905258,8569
-19.2723812268,1.3970018868,2.21311278435,1.108808,-1.324003,2.093576,0,0,0,0,0,0,1462171905267,8578
-19.2723812268,1.3970018868,2.2131225909,1.147075,-1.316569,1.603755,0,0,0,0,0,0,1462171905277,8588
-18.5589154881,0.42047544435,2.45582489685,1.126054,-1.272298,1.103905,0,0,0,0,0,0,1462171905286,8597
-17.872829637,0.0178086948,2.9285300265,1.043602,-1.277475,0.654582,0,0,0,0,0,0,1462171905296,8607
-16.7899119336,-0.21428292405,3.1948759245,0.925475,-1.272218,0.261243,0,0,0,0,0,0,1462171905306,8617
-15.6303854616,-0.0661353732,3.28885209315,0.824769,-1.253522,-0.030439,0,0,0,0,0,0,1462171905315,8626
-14.8608066438,0.1958760297,3.39629265495,0.626781,-1.175733,-0.28249,0,0,0,0,0,0,1462171905325,8636
-14.3370780345,0.09381926385,3.44267763645,0.405639,-1.038035,-0.49405,0,0,0,0,0,0,1462171905335,8646
-13.97601067,-0.02962558755,3.35184937035,0.21291,-0.837965,-0.725044,0,0,0,0,0,0,1462171905344,8655
-13.97601067,-0.02962558755,3.35184937035,-0.012259,-0.591722,-0.973754,0,0,0,0,0,0,1462171905354,8665
-13.8377481216,-0.2627567007,3.38297536005,-0.241617,-0.274594,-1.261703,0,0,0,0,0,0,1462171905363,8674
-13.6836185752,-0.08214946935,3.77007911475,-0.509888,0.05796,-1.538436,0,0,0,0,0,0,1462171905373,8684
-13.8767978037,0.4671644289,4.35351000045,-0.794868,0.307828,-1.754578,0,0,0,0,0,0,1462171905383,8694
-14.4003793147,0.7824450114,4.97091077535,-1.045101,0.468011,-1.9625,0,0,0,0,0,0,1462171905392,8703
-15.0052080925,0.84140199,5.5007684784,-1.274633,0.548335,-2.21939,0,0,0,0,0,0,1462171905402,8713
-15.8085998947,0.9721821408,5.9215479258,-1.456973,0.510954,-2.517529,0,0,0,0,0,0,1462171905411,8722
-15.8085998947,0.9721821408,5.9215479258,-1.535231,0.376561,-2.818903,0,0,0,0,0,0,1462171905421,8732
-16.2902780176,1.3094686215,6.1355268468,-1.548979,0.218462,-3.145202,0,0,0,0,0,0,1462171905431,8742
-16.811760927,1.9958486691,6.24236920905,-1.559513,0.078823,-3.410828,0,0,0,0,0,0,1462171905440,8751
-17.6248906333,3.44791433415,6.6329150628,-1.623018,0.034827,-3.682159,0,0,0,0,0,0,1462171905450,8761
-19.3778702851,3.87842187915,7.04905601205,-1.703303,0.02158,-3.963669,0,0,0,0,0,0,1462171905460,8771
-19.6757932741,4.943677986,7.79409884175,-1.813408,0.067532,-4.277955,0,0,0,0,0,0,1462171905469,8780
-19.6757932741,4.943677986,7.79409884175,-2.005028,0.137278,-4.568471,0,0,0,0,0,0,1462171905479,8790
-19.6620346845,5.9291774217,8.83241635575,-2.286521,0.186372,-4.876959,0,0,0,0,0,0,1462171905488,8799
-19.6536500843,6.67840764825,9.9187761582,-2.559887,0.163591,-5.181007,0,0,0,0,0,0,1462171905498,8809
-19.6380870894,7.6097455083,10.5340783314,-2.810943,0.144523,-5.533665,0,0,0,0,0,0,1462171905508,8819
-19.6174344951,8.65644762255,10.7926476352,-3.028389,0.137912,-5.830708,0,0,0,0,0,0,1462171905517,8828
-19.5933496083,9.7709326104,10.7821742399,-3.230257,0.187398,-6.071261,0,0,0,0,0,0,1462171905527,8838
-19.5720988144,10.6696538851,10.4830548517,-3.436297,0.357062,-6.325477,0,0,0,0,0,0,1462171905536,8847
-19.5720988144,10.6696538851,10.4830548517,-3.61126,0.547005,-6.649642,0,0,0,0,0,0,1462171905546,8857
-19.5589286178,11.1625507012,10.1361971782,-3.743838,0.601703,-7.031003,0,0,0,0,0,0,1462171905556,8867
-19.550249821,11.4758895868,9.86655627945,-3.700691,0.467483,-7.459723,0,0,0,0,0,0,1462171905565,8876
-19.5219677309,12.6306304625,9.3745518594,-3.590297,0.246728,-7.841904,0,0,0,0,0,0,1462171905575,8886
-19.4972846445,13.6991815701,9.12361205145,-3.458164,-0.079494,-8.124928,0,0,0,0,0,0,1462171905584,8895
-19.4779755475,14.4105487071,8.5745923497,-3.273519,-0.43479,-8.312239,0,0,0,0,0,0,1462171905594,8905
-19.4697478521,14.5658746525,7.86233281665,-3.129292,-0.746694,-8.438918,0,0,0,0,0,0,1462171905604,8915
-19.4591273585,14.8805570355,7.32318831075,-2.983494,-0.991478,-8.570035,0,0,0,0,0,0,1462171905613,8924
-19.4465553614,15.2711126958,6.72614593365,-2.89489,-1.311136,-8.733629,0,0,0,0,0,0,1462171905623,8934
-19.4465553614,15.2711126958,6.72614593365,-2.782471,-1.591353,-8.818233,0,0,0,0,0,0,1462171905633,8944
-19.4184203694,16.1288229784,5.3590638309,-2.699479,-1.693255,-8.774096,0,0,0,0,0,0,1462171905642,8953
-19.3988170759,16.5527405218,3.8866495746,-2.595891,-1.622812,-8.627494,0,0,0,0,0,0,1462171905652,8963
-19.3890987849,16.5418160251,2.50101347925,-2.460306,-1.304665,-8.390458,0,0,0,0,0,0,1462171905661,8972
-19.3883436806,16.3754282913,1.88526020475,-2.380311,-0.934408,-8.161144,0,0,0,0,0,0,1462171905671,8982
-19.304105416,15.137782842,2.42679750885,-2.342613,-0.737444,-8.055299,0,0,0,0,0,0,1462171905681,8992
-17.4710552835,13.9192993914,3.15807194235,-2.29879,-0.749338,-8.070304,0,0,0,0,0,0,1462171905690,9001
-17.4710552835,13.9192993914,3.15807194235,-2.287749,-0.878055,-8.011855,0,0,0,0,0,0,1462171905700,9011
-15.5513740882,14.319720441,3.3398755728,-2.290443,-1.020704,-7.776755,0,0,0,0,0,0,1462171905709,9020
-10.7688569449,14.6638911198,1.38922529265,-2.250301,-1.030424,-7.361854,0,0,0,0,0,0,1462171905719,9030
-8.5068094761,14.1718866997,0.4610255286,-2.205673,-0.859724,-6.803491,0,0,0,0,0,0,1462171905729,9040
-6.30940678485,12.4983499095,-0.32246878365,-2.155401,-0.661523,-6.321238,0,0,0,0,0,0,1462171905738,9049
-4.232310849,11.0845886287,-0.86714418375,-2.101779,-0.372355,-5.895868,0,0,0,0,0,0,1462171905748,9059
-2.9587538136,10.3010943165,-0.82823179335,-1.997391,-0.058978,-5.425033,0,0,0,0,0,0,1462171905757,9068
-1.7721416505,9.21040001895,-0.2415157134,-1.96417,0.102903,-4.958467,0,0,0,0,0,0,1462171905767,9078
-0.44397193815,8.4074495115,0.144548547,-1.890265,0.069354,-4.522352,0,0,0,0,0,0,1462171905777,9088
-0.44397193815,8.4074495115,0.144548547,-1.807817,0.0229,-4.101067,0,0,0,0,0,0,1462171905786,9097
0.86698727895,8.0493731448,0.19317922845,-1.704974,0.020754,-3.624434,0,0,0,0,0,0,1462171905796,9107
2.06752474305,7.6824708831,-0.29852118855,-1.639221,0.095456,-3.17327,0,0,0,0,0,0,1462171905806,9117
3.0516806814,7.0839182973,-0.69700054125,-1.608508,0.215056,-2.721159,0,0,0,0,0,0,1462171905815,9126
4.0074074313,6.43779413745,-1.211305056,-1.523174,0.375416,-2.238686,0,0,0,0,0,0,1462171905825,9136
4.86511771395,6.14824594215,-1.72739436285,-1.417562,0.562402,-1.696952,0,0,0,0,0,0,1462171905834,9145
5.22574378365,5.92214612535,-2.0200904607,-1.304874,0.709312,-1.152349,0,0,0,0,0,0,1462171905844,9155
5.49089328255,5.3336256402,-2.0829308331,-1.181538,0.758582,-0.6279,0,0,0,0,0,0,1462171905854,9165
5.49089328255,5.3336256402,-2.0829308331,-0.977297,0.730838,-0.085655,0,0,0,0,0,0,1462171905863,9174
5.67031392135,5.19655949085,-2.1763088022,-0.708521,0.686444,0.432832,0,0,0,0,0,0,1462171905873,9184
5.611504041,5.0366048538,-2.45598180165,-0.445798,0.649135,0.952519,0,0,0,0,0,0,1462171905882,9193
5.29397775855,4.9351462875,-2.50879987995,-0.156949,0.66844,1.432963,0,0,0,0,0,0,1462171905892,9203
4.64425459485,4.5426489303,-2.402408619,0.078829,0.654248,1.848171,0,0,0,0,0,0,1462171905902,9213
4.0493010129,4.10271729075,-2.0738107416,0.319716,0.572147,2.196969,0,0,0,0,0,0,1462171905911,9222
3.70184513985,4.10197199295,-1.6364189985,0.537491,0.452593,2.527637,0,0,0,0,0,0,1462171905921,9232
3.4408830378,4.5003042474,-1.361541402,0.724123,0.270474,2.912546,0,0,0,0,0,0,1462171905930,9241
3.1375664463,5.0602386393,-1.3958054877,0.892208,0.179749,3.384808,0,0,0,0,0,0,1462171905940,9251
3.1375664463,5.0602386393,-1.3958054877,0.977873,0.185786,3.885049,0,0,0,0,0,0,1462171905950,9261
2.61414184005,5.5965392457,-1.46179376265,1.047972,0.255419,4.393399,0,0,0,0,0,0,1462171905959,9270
1.8750908124,5.92857922215,-1.3768003938,1.036759,0.348986,4.901907,0,0,0,0,0,0,1462171905969,9280
0.95587384815,6.37913135535,-1.19858596065,1.027174,0.461603,5.372932,0,0,0,0,0,0,1462171905979,9290
-0.32515577835,6.8687429772,-1.0353363228,0.999563,0.579141,5.822873,0,0,0,0,0,0,1462171905988,9299
-1.4110644795,8.34595263645,-1.1685092718,1.039114,0.749382,6.26447,0,0,0,0,0,0,1462171905998,9309
-1.4110644795,8.34595263645,-1.1685092718,1.139737,0.980557,6.70388,0,0,0,0,0,0,1462171906007,9318
-4.23769464495,9.5711731869,-2.000928462,1.217788,1.26852,7.114229,0,0,0,0,0,0,1462171906017,9328
-8.9452407135,11.7112663999,-1.77468154695,1.25477,1.67067,7.55838,0,0,0,0,0,0,1462171906027,9338
-8.9452407135,11.7112663999,-1.77468154695,1.268114,2.103063,8.083096,0,0,0,0,0,0,1462171906037,9348
-8.9452407135,11.7112663999,-1.77468154695,1.155952,2.315233,8.525015,0,0,0,0,0,0,1462171906047,9358
-18.0977330547,10.5265959338,3.0661943754,0.828349,1.867589,8.641932,0,0,0,0,0,0,1462171906065,9376
-18.7508983175,9.78979060605,3.9717900417,0.743701,1.213877,8.373365,0,0,0,0,0,0,1462171906075,9386
-18.3467311658,10.3651408946,3.9770267394,0.772836,0.495944,8.122295,0,0,0,0,0,0,1462171906084,9395
-18.3467311658,10.3651408946,3.9770267394,0.932767,-0.246057,8.052229,0,0,0,0,0,0,1462171906094,9405
-17.8580217465,14.1838506907,3.2673071028,1.221599,-0.833064,8.341464,0,0,0,0,0,0,1462171906104,9415
-19.3901382792,16.5319408293,2.60696344545,1.539739,-0.982443,8.855833,0,0,0,0,0,0,1462171906113,9424
-19.388049484,16.4683453525,2.14503571425,1.71491,-0.683281,9.284216,0,0,0,0,0,0,1462171906124,9435
-19.4097415726,15.5043909072,2.26130217105,1.69263,-0.109171,9.365291,0,0,0,0,0,0,1462171906134,9445
-19.4360819659,14.6851321071,3.51301021305,1.302756,0.449031,8.655651,0,0,0,0,0,0,1462171906152,9463
-19.5002756422,12.2858713906,5.2855931583,1.130718,0.250913,8.059697,0,0,0,0,0,0,1462171906161,9472
-19.5002756422,12.2858713906,5.2855931583,1.056659,-0.153331,7.403285,0,0,0,0,0,0,1462171906171,9482
-19.5086504359,11.9544296137,5.45902199505,1.064021,-0.613616,6.999281,0,0,0,0,0,0,1462171906180,9491
-19.4594215549,14.1190588149,5.0817934362,1.094191,-1.004305,6.949794,0,0,0,0,0,0,1462171906190,9501
-19.3994152755,16.7936580357,4.6945327767,1.087399,-1.324426,7.139558,0,0,0,0,0,0,1462171906200,9511
-19.3747321891,17.6208405282,3.7314707274,1.084951,-1.296768,7.43997,0,0,0,0,0,0,1462171906209,9520
-19.3524320944,18.5759690785,3.49025901705,0.970002,-1.0151,7.678645,0,0,0,0,0,0,1462171906219,9530
-19.3813123842,17.4115001054,4.0109966286,0.684007,-0.646242,7.646397,0,0,0,0,0,0,1462171906228,9539
-19.4465553614,14.4820776828,4.359795999,0.302439,-0.319541,7.257225,0,0,0,0,0,0,1462171906238,9549
-19.4465553614,14.4820776828,4.359795999,-0.031851,-0.097074,6.540883,0,0,0,0,0,0,1462171906248,9559
-19.5568398226,9.2799774912,4.1721574713,-0.251555,-0.068523,5.676896,0,0,0,0,0,0,1462171906257,9568
-19.5831704094,7.92232928955,3.7884860091,-0.267971,-0.315782,4.904238,0,0,0,0,0,0,1462171906267,9578
-19.5795812121,7.89734220015,3.2111940237,-0.071073,-0.631006,4.302688,0,0,0,0,0,0,1462171906277,9588
-19.5649204199,8.4381243999,2.7681144816,0.178078,-1.026775,3.940283,0,0,0,0,0,0,1462171906286,9597
-18.9428811468,8.81237176755,2.46884799525,0.418132,-1.447211,3.774499,0,0,0,0,0,0,1462171906296,9607
-17.982967,8.7992015709,1.9057657008,0.585086,-1.704326,3.720441,0,0,0,0,0,0,1462171906305,9616
-17.982967,8.7992015709,1.9057657008,0.672873,-1.75383,3.659636,0,0,0,0,0,0,1462171906315,9626
-17.7040392984,7.8265683288,1.4203414758,0.667438,-1.638706,3.50687,0,0,0,0,0,0,1462171906325,9636
-17.6944681056,6.3656669622,1.0470061173,0.639039,-1.415771,3.257417,0,0,0,0,0,0,1462171906334,9645
-17.9518410103,5.08523553525,1.11179799315,0.546827,-1.15457,2.959424,0,0,0,0,0,0,1462171906344,9655
-18.2886665832,2.4238065111,1.44698587215,0.420391,-0.923012,2.526481,0,0,0,0,0,0,1462171906353,9664
-18.4897793106,1.09757849565,1.5225453399,0.335891,-0.727603,2.001759,0,0,0,0,0,0,1462171906363,9674
-17.8788214391,0.66648255765,1.7053982712,0.272858,-0.592421,1.491227,0,0,0,0,0,0,1462171906373,9684
-17.8788214391,0.66648255765,1.7053982712,0.273746,-0.490736,1.019244,0,0,0,0,0,0,1462171906382,9693
-17.4230228016,0.67411205355,2.1549109101,0.244605,-0.498625,0.587077,0,0,0,0,0,0,1462171906392,9703
-16.9009416927,0.62682486945,2.5474082673,0.189039,-0.580934,0.219191,0,0,0,0,0,0,1462171906401,9712
-16.3870980858,0.58043988795,2.7669180825,0.105343,-0.651499,-0.121341,0,0,0,0,0,0,1462171906411,9722
-15.9307012488,0.4958976204,2.84114385945,0.031454,-0.68685,-0.452352,0,0,0,0,0,0,1462171906421,9732
-15.5476377927,0.45848563215,2.62551743805,-0.082033,-0.672382,-0.814749,0,0,0,0,0,0,1462171906430,9741
-15.2311608111,0.4474140372,2.48575448745,-0.177494,-0.640539,-1.14387,0,0,0,0,0,0,1462171906440,9751
-14.701891501,0.5915114829,2.4164712117,-0.231738,-0.612484,-1.463218,0,0,0,0,0,0,1462171906450,9761
-14.3869051151,0.99553153635,2.353179738,-0.315473,-0.576297,-1.740258,0,0,0,0,0,0,1462171906459,9770
-14.3869149216,0.99553153635,2.353179738,-0.416904,-0.53111,-1.932813,0,0,0,0,0,0,1462171906469,9780
-14.3828648164,1.6093333074,2.32384834695,-0.518293,-0.468293,-2.120581,0,0,0,0,0,0,1462171906478,9789
-14.6743645152,1.88526020475,2.46345439275,-0.609774,-0.393662,-2.323434,0,0,0,0,0,0,1462171906488,9799
-15.2399867061,1.7878517436,2.40704711715,-0.655387,-0.266998,-2.602856,0,0,0,0,0,0,1462171906498,9809
-15.7426116198,2.0494120452,2.5821234543,-0.686258,-0.149683,-2.905861,0,0,0,0,0,0,1462171906507,9818
-16.5398743283,2.5933421475,3.42606534075,-0.720972,-0.046566,-3.193788,0,0,0,0,0,0,1462171906517,9828
-17.0231999515,3.47545112655,4.1203788873,-0.791203,0.053012,-3.451679,0,0,0,0,0,0,1462171906526,9837
-17.0231999515,3.47545112655,4.1203788873,-0.90811,0.105536,-3.677781,0,0,0,0,0,0,1462171906536,9847
-17.5650314521,4.33645641,4.9388923896,-1.113735,0.171389,-3.896122,0,0,0,0,0,0,1462171906546,9857
-18.6097918695,4.9130030976,5.69275130775,-1.387961,0.308436,-4.153381,0,0,0,0,0,0,1462171906555,9866
-19.6452752905,5.4524418,6.37928826015,-1.687304,0.489296,-4.433339,0,0,0,0,0,0,1462171906565,9876
-19.642127388,6.29758008555,7.1481119736,-1.969782,0.614823,-4.72647,0,0,0,0,0,0,1462171906574,9885
-19.6312028913,6.99323712945,7.71523456665,-2.202529,0.62975,-5.069634,0,0,0,0,0,0,1462171906584,9895
-19.6199841981,7.5869943123,7.92636958815,-2.281173,0.612096,-5.403292,0,0,0,0,0,0,1462171906594,9905
-19.6035190006,8.4076064163,8.0893250295,-2.285827,0.537667,-5.751637,0,0,0,0,0,0,1462171906603,9914
-19.6035190006,8.4076064163,8.0893250295,-2.263765,0.487738,-6.084219,0,0,0,0,0,0,1462171906613,9924
-19.5848179098,9.341327268,8.2711384665,-2.282759,0.461653,-6.434239,0,0,0,0,0,0,1462171906623,9934
-19.5563887213,10.9045795969,9.01064059545,-2.3684,0.500557,-6.770939,0,0,0,0,0,0,1462171906632,9943
-19.5445718286,11.5545969572,9.2986883886,-2.48071,0.529074,-7.121064,0,0,0,0,0,0,1462171906642,9953
-19.5306465276,12.3360024742,9.7116814353,-2.621021,0.541264,-7.474604,0,0,0,0,0,0,1462171906651,9962
-19.5117983385,13.2885813216,9.9225222603,-2.803738,0.476638,-7.743878,0,0,0,0,0,0,1462171906661,9972
-19.490998646,14.1590106996,9.62339306565,-2.921768,0.400496,-7.910228,0,0,0,0,0,0,1462171906671,9982
-19.483065147,14.3417165327,9.05567227305,-3.027877,0.333523,-8.044428,0,0,0,0,0,0,1462171906680,9991
-19.483065147,14.3417165327,9.05567227305,-3.035752,0.301142,-8.135995,0,0,0,0,0,0,1462171906690,10001
-19.4727388498,14.5170968729,8.12224561785,-2.985291,0.290778,-8.215661,0,0,0,0,0,0,1462171906699,10010
-19.474239252,14.2745318586,7.61228540475,-2.871523,0.22152,-8.341001,0,0,0,0,0,0,1462171906709,10020
-19.4604708558,14.638148926,6.78449490615,-2.693523,0.178819,-8.430908,0,0,0,0,0,0,1462171906719,10030
-19.4522431604,14.8673966454,6.3128488839,-2.505069,0.055946,-8.508846,0,0,0,0,0,0,1462171906728,10039
-19.4574798581,14.3713519267,5.5435642626,-2.273502,0.006015,-8.613856,0,0,0,0,0,0,1462171906738,10049
-19.4516449608,14.2461026701,4.35066610095,-2.002533,-0.032855,-8.630962,0,0,0,0,0,0,1462171906748,10059
-19.4396711633,14.7102761013,4.09030219845,-1.78436,-0.043683,-8.569819,0,0,0,0,0,0,1462171906757,10068
-19.4396711633,14.7102761013,4.09030219845,-1.605229,0.028879,-8.444742,0,0,0,0,0,0,1462171906767,10078
-19.4284524701,13.5200649343,4.2746555319,-1.522205,-0.0378,-8.384819,0,0,0,0,0,0,1462171906776,10087
-17.9584212054,13.3556188974,4.1235169833,-1.431191,-0.189355,-8.311624,0,0,0,0,0,0,1462171906786,10097
-16.398316779,13.9182500905,4.25175723765,-1.37152,-0.46664,-8.054302,0,0,0,0,0,0,1462171906796,10107
-14.4237189038,13.7074092655,4.26193643655,-1.453797,-0.835456,-7.730689,0,0,0,0,0,0,1462171906805,10116
-11.5047698766,13.0237260192,3.1508837412,-1.498701,-1.10055,-7.459302,0,0,0,0,0,0,1462171906815,10126
-8.8065368703,12.5923260782,1.55546592825,-1.502581,-1.08242,-7.138904,0,0,0,0,0,0,1462171906824,10135
-6.57949878495,12.232298208,0.56877009345,-1.5187,-0.921141,-6.729239,0,0,0,0,0,0,1462171906834,10145
-6.57949878495,12.232298208,0.56877009345,-1.539828,-0.69071,-6.264361,0,0,0,0,0,0,1462171906844,10155
-4.4329724751,11.451500697,0.21667572225,-1.548866,-0.422832,-5.771357,0,0,0,0,0,0,1462171906853,10164
-2.78607027465,10.6581311889,0.16489713825,-1.567823,-0.204324,-5.282757,0,0,0,0,0,0,1462171906863,10174
-1.30796821935,9.67038605325,0.390104559,-1.608409,-0.043039,-4.854331,0,0,0,0,0,0,1462171906872,10183
0.0399518847,8.7475798917,0.3052582884,-1.668383,0.110164,-4.436907,0,0,0,0,0,0,1462171906882,10193
1.44653477085,8.2243023837,-0.07736387295,-1.652141,0.34138,-3.936192,0,0,0,0,0,0,1462171906892,10203
2.4698972961,7.0905082989,-0.8499336885,-1.627546,0.611172,-3.396161,0,0,0,0,0,0,1462171906901,10212
4.16706787185,6.4205836422,-0.881804976,-1.555791,0.82308,-2.860732,0,0,0,0,0,0,1462171906911,10222
4.7283457611,5.8480772532,-0.88210897905,-1.485569,0.989015,-2.31363,0,0,0,0,0,0,1462171906921,10232
4.7283457611,5.8480772532,-0.88210897905,-1.358191,1.113634,-1.793717,0,0,0,0,0,0,1462171906930,10241
4.98093306945,5.1548130075,-0.83915629005,-1.2188,1.160657,-1.300388,0,0,0,0,0,0,1462171906940,10251
4.95594598005,4.48354485345,-0.71361283695,-1.04863,1.152657,-0.883673,0,0,0,0,0,0,1462171906949,10260
4.9610355795,3.92510105715,-0.42422154645,-0.87152,1.01883,-0.495495,0,0,0,0,0,0,1462171906959,10270
5.09361032895,3.49265181525,-0.21008572065,-0.650845,0.797839,-0.133959,0,0,0,0,0,0,1462171906969,10280
5.09361032895,3.49265181525,-0.21008572065,-0.394311,0.498819,0.254308,0,0,0,0,0,0,1462171906978,10289
5.3849531229,3.30950468745,-0.0418935816,-0.102763,0.180699,0.658752,0,0,0,0,0,0,1462171906988,10299
5.6308033314,3.1827550287,-0.0287331915,0.155866,-0.077493,1.108706,0,0,0,0,0,0,1462171906997,10308
5.82772866195,3.33074567475,-0.3722958642,0.387932,-0.231009,1.596216,0,0,0,0,0,0,1462171907007,10318
5.47353568905,3.2483020089,-0.56980958775,0.541683,-0.292159,2.055816,0,0,0,0,0,0,1462171907017,10328
4.98422807025,3.08773936575,-0.80773610385,0.657705,-0.205658,2.461873,0,0,0,0,0,0,1462171907026,10337
4.34707690365,3.18784462815,-1.0001700345,0.738782,-0.046035,2.873552,0,0,0,0,0,0,1462171907036,10347
3.40421634735,3.3648626622,-0.9662001453,0.827509,0.170121,3.27466,0,0,0,0,0,0,1462171907045,10356
2.38355062335,3.1142268573,-0.7308233322,0.866811,0.370363,3.62027,0,0,0,0,0,0,1462171907055,10366
1.38951948915,3.16689783735,-0.6108107733,0.917273,0.543717,3.925102,0,0,0,0,0,0,1462171907065,10376
0.3395223741,3.3677065617,-0.2322387171,0.961648,0.697145,4.220234,0,0,0,0,0,0,1462171907074,10385
0.3395223741,3.3677065617,-0.2322387171,1.00794,0.739913,4.51403,0,0,0,0,0,0,1462171907084,10395
-0.5669754948,3.6184992714,0.29283338955,1.067203,0.649754,4.780575,0,0,0,0,0,0,1462171907094,10405
-1.28821782765,4.03373801805,0.77256981555,1.14197,0.476007,5.035492,0,0,0,0,0,0,1462171907103,10414
-1.78680244275,4.45616496585,0.9184618599,1.237096,0.339505,5.345832,0,0,0,0,0,0,1462171907113,10424
-2.4523827978,5.52651067215,0.9459986523,1.318222,0.237835,5.749065,0,0,0,0,0,0,1462171907122,10433
-3.65620545615,6.6200488692,1.4272256739,1.354834,0.12177,6.233436,0,0,0,0,0,0,1462171907132,10443
-5.3873459211,7.19240815995,1.9012743009,1.390751,0.049482,6.681319,0,0,0,0,0,0,1462171907142,10453
-5.3873459211,7.19240815995,1.9012743009,1.414065,0.053715,6.940843,0,0,0,0,0,0,1462171907151,10462
-7.6951801719,6.26092320165,2.28224896185,1.434812,0.135813,6.975912,0,0,0,0,0,0,1462171907161,10472
-11.0931203272,5.74737379125,1.260533937,1.465007,0.308528,6.809938,0,0,0,0,0,0,1462171907170,10481
-11.5973927413,6.62543266515,0.88644347415,1.55577,0.449137,6.648969,0,0,0,0,0,0,1462171907180,10491
-11.6907707104,8.34385403475,0.38262216135,1.698586,0.637802,6.679823,0,0,0,0,0,0,1462171907190,10501
-11.9376702198,9.98447023665,-0.27728020125,1.873024,0.961605,6.924059,0,0,0,0,0,0,1462171907199,10510
-14.5094575704,13.1634889698,-0.11731575765,1.97236,1.522456,7.553854,0,0,0,0,0,0,1462171907209,10520
-19.4211171706,14.0882368282,2.2918299612,1.855018,2.094993,8.373477,0,0,0,0,0,0,1462171907218,10529
-19.4211171706,14.0882368282,2.2918299612,1.407284,2.273458,8.81495,0,0,0,0,0,0,1462171907228,10539
-19.5076109417,11.6397374243,4.36233589545,0.981929,2.010304,8.670739,0,0,0,0,0,0,1462171907238,10549
-19.567009215,9.17897983275,5.2884370578,0.853013,1.366335,8.184852,0,0,0,0,0,0,1462171907247,10558
-19.5949971087,7.89449830065,5.35681813095,0.917307,0.513741,7.585869,0,0,0,0,0,0,1462171907257,10568
-19.5938007096,7.91395449585,5.24145387675,1.053873,-0.431166,7.011099,0,0,0,0,0,0,1462171907267,10578
-19.5349908292,10.5596734269,4.95041508585,1.25112,-1.333