45,6.2857631928,2.5049066796,0.023378,0.289206,0.670407,0,0,0,0,0,0,1461746853856,5425
-2.52256827615,3.41633724315,1.88376960915,0.376622,0.064209,0.558178,0,0,0,0,0,0,1461746853866,5435
-4.86556881525,3.8466976899,1.9844730711,0.587648,0.731658,0.381460,0,0,0,0,0,0,1461746853875,5444
-6.3064157871,9.2445170064,2.77798967745,0.379623,1.502555,0.122195,0,0,0,0,0,0,1461746853885,5454
-6.83672459145,13.6218176972,3.65141985975,-0.054343,1.738417,0.146724,0,0,0,0,0,0,1461746853894,5463
-2.61174904185,19.1300783797,4.61567830815,0.461564,2.380274,0.568344,0,0,0,0,0,0,1461746853904,5473
-0.592707882,19.0329641151,-4.70815407465,0.425943,0.875427,0.735409,0,0,0,0,0,0,1461746853914,5483
-5.4237086085,19.1704813657,0.6188913705,-0.873627,-1.790190,0.135000,0,0,0,0,0,0,1461746853923,5492
-5.89460933295,13.5532895258,-11.6449741219,-1.548670,-4.188054,-0.881983,0,0,0,0,0,0,1461746853933,5502
-4.7780257434,6.8292421938,-11.2325792748,-1.507358,-5.190248,-1.177224,0,0,0,0,0,0,1461746853943,5512
-4.7780257434,6.8292421938,-11.2325792748,-1.285956,-5.386805,-0.953014,0,0,0,0,0,0,1461746853952,5521
-5.68363121625,3.05272998225,-8.248093074,-0.878823,-4.002135,-0.443560,0,0,0,0,0,0,1461746853962,5531
-6.35818456455,0.40551064905,1.7947359417,0.159123,-1.524269,-0.124612,0,0,0,0,0,0,1461746853971,5540
-6.302669685,2.1896260971,2.0479214496,1.457554,-0.229042,-0.333761,0,0,0,0,0,0,1461746853981,5550
-6.52772020095,5.8016922717,-2.7528554898,2.396224,-0.445307,-0.836503,0,0,0,0,0,0,1461746853991,5560
-6.9862058331,7.9205346909,-3.81542460195,3.127345,-0.978049,-1.336547,0,0,0,0,0,0,1461746854000,5569
-7.19405566035,9.5768609859,-3.7973119041,3.606106,-1.449594,-1.635881,0,0,0,0,0,0,1461746854010,5579
-6.8030587053,10.7793303403,-3.2511459084,3.751397,-1.698119,-1.577088,0,0,0,0,0,0,1461746854019,5588
-6.8030587053,10.7793303403,-3.2511459084,3.653555,-1.698830,-1.221244,0,0,0,0,0,0,1461746854029,5598
-6.34247447145,11.4324956031,-2.77200768195,3.485128,-1.542915,-0.798795,0,0,0,0,0,0,1461746854039,5608
-6.2667580989,12.2813799907,-2.53872947055,3.371165,-1.276287,-0.411493,0,0,0,0,0,0,1461746854048,5617
-5.4766835916,12.8217208958,-2.3437458369,3.315117,-0.984117,-0.131070,0,0,0,0,0,0,1461746854058,5627
-4.63617399765,12.4533084254,-2.44729319835,3.322658,-0.614137,-0.081259,0,0,0,0,0,0,1461746854067,5636
-3.350505873,11.7922194702,-2.448499404,3.458051,0.076615,-0.237473,0,0,0,0,0,0,1461746854077,5646
-2.0187371568,11.2613124663,-2.57373885405,3.521806,0.630031,-0.466832,0,0,0,0,0,0,1461746854087,5656
-0.51699150945,10.4038963801,-1.40732818395,3.524618,0.789697,-0.741013,0,0,0,0,0,0,1461746854096,5665
1.64764749825,9.19468992585,0.2879006949,3.446143,0.216190,-0.909396,0,0,0,0,0,0,1461746854106,5675
3.41155164675,8.74607948955,-0.340875678,3.072745,-1.526672,-0.902169,0,0,0,0,0,0,1461746854116,5685
3.41155164675,8.74607948955,-0.340875678,2.430136,-3.215571,-0.709133,0,0,0,0,0,0,1461746854125,5694
3.60083767485,9.2352400101,-1.5306259371,1.756671,-3.621121,-0.461496,0,0,0,0,0,0,1461746854135,5704
2.3798143278,10.1287147806,-1.93270429365,1.228489,-2.927150,-0.332294,0,0,0,0,0,0,1461746854144,5713
1.2476677434,10.3235415094,-1.97789287605,1.015984,-1.963937,-0.317411,0,0,0,0,0,0,1461746854154,5723
1.0296485238,9.70704293715,-1.71258647235,1.328201,-1.251973,-0.414650,0,0,0,0,0,0,1461746854164,5733
1.1492099814,8.70926570085,-0.74968132785,2.004541,-0.671380,-0.527517,0,0,0,0,0,0,1461746854173,5742
1.17508946685,8.0260335558,0.38546606085,2.497544,-0.284214,-0.553273,0,0,0,0,0,0,1461746854183,5752
0.5599343919,7.87684651065,-0.0472871841,2.584840,-0.389260,-0.471563,0,0,0,0,0,0,1461746854192,5761
-0.0169064922,7.8011301381,-0.7005995451,2.399331,-0.949808,-0.353493,0,0,0,0,0,0,1461746854202,5771
-0.72647903055,8.0409983511,-1.1340882813,2.156336,-1.635593,-0.265026,0,0,0,0,0,0,1461746854212,5781
-0.72647903055,8.0409983511,-1.1340882813,2.038114,-2.069402,-0.268976,0,0,0,0,0,0,1461746854221,5790
-1.3679744988,8.43438810435,-0.8449911873,2.089302,-2.207381,-0.351442,0,0,0,0,0,0,1461746854231,5800
-2.416922313,8.64642532845,0.83317429455,2.262837,-2.015118,-0.428578,0,0,0,0,0,0,1461746854240,5809
-2.7387928971,8.56561935645,1.9448153829,2.458477,-1.647238,-0.487832,0,0,0,0,0,0,1461746854250,5819
-2.95980311445,8.3486494377,2.76871268115,2.535236,-1.258954,-0.583552,0,0,0,0,0,0,1461746854260,5829
-3.0226532934,8.419119306,3.3261071766,2.418411,-1.030595,-0.691157,0,0,0,0,0,0,1461746854269,5838
-3.0370100826,8.9409062184,3.7691867187,2.075155,-0.975202,-0.799438,0,0,0,0,0,0,1461746854279,5848
-2.5969313448,9.3191840781,3.93004355835,1.583918,-1.001674,-0.895408,0,0,0,0,0,0,1461746854289,5858
-1.8125446365,9.8288500947,3.6726706536,1.060867,-1.001161,-0.980996,0,0,0,0,0,0,1461746854298,5867
-0.79590940455,10.7190298644,3.22705121505,0.701761,-0.919995,-1.097625,0,0,0,0,0,0,1461746854308,5877
-0.79590940455,10.7190298644,3.22705121505,0.545919,-0.883832,-1.225685,0,0,0,0,0,0,1461746854317,5886
0.31274068605,11.4820284871,2.29152595815,0.479858,-0.937487,-1.286799,0,0,0,0,0,0,1461746854327,5896
1.21384495245,12.1547872368,1.27609693185,0.423616,-0.989151,-1.218719,0,0,0,0,0,0,1461746854337,5906
1.75971675165,12.3370419685,0.6012395805,0.416955,-0.943353,-1.034313,0,0,0,0,0,0,1461746854346,5915
2.09176653465,12.0274491851,0.5672696913,0.561049,-0.968453,-0.817859,0,0,0,0,0,0,1461746854356,5925
2.22943088355,11.6964585095,1.0211168253,0.763057,-1.228499,-0.564396,0,0,0,0,0,0,1461746854365,5934
2.0108134644,11.2452983702,2.2010016951,0.790874,-1.768026,-0.250861,0,0,0,0,0,0,1461746854375,5944
1.43919947145,11.0129125548,3.94365504975,0.551796,-2.439396,0.081271,0,0,0,0,0,0,1461746854385,5954
0.8907877758,11.3859635234,6.0050408925,-0.012933,-2.943387,0.316148,0,0,0,0,0,0,1461746854394,5963
0.58477438305,12.3801417558,7.03124731725,-1.027633,-3.038965,0.504134,0,0,0,0,0,0,1461746854404,5973
0.58477438305,12.3801417558,7.03124731725,-2.139319,-2.515460,0.747548,0,0,0,0,0,0,1461746854413,5982
-0.4462176381,14.2320400774,6.64294716345,-2.910178,-1.541971,0.961660,0,0,0,0,0,0,1461746854423,5992
-1.87643430975,16.7757022426,5.1527144058,-3.639367,-0.768837,1.103883,0,0,0,0,0,0,1461746854433,6002
-2.6704020174,16.7933540327,5.14089751305,-4.284842,-0.228372,1.249460,0,0,0,0,0,0,1461746854442,6011
-4.2188366493,15.2793403913,1.6038024132,-4.593534,0.402440,1.468846,0,0,0,0,0,0,1461746854452,6021
-3.931838157,14.7194059994,0.5584437963,-4.539823,1.275858,1.808234,0,0,0,0,0,0,1461746854462,6031
-3.20206412565,15.10964785,-1.05643021185,-4.376391,2.069773,2.151209,0,0,0,0,0,0,1461746854471,6040
-2.5595291631,15.0867593623,-2.59633314525,-4.263200,2.541728,2.436404,0,0,0,0,0,0,1461746854481,6050
-2.6216242377,14.7520225846,-3.60787877775,-4.179285,2.679875,2.636233,0,0,0,0,0,0,1461746854490,6059
-2.6216242377,14.7520225846,-3.60787877775,-4.011708,2.569296,2.712512,0,0,0,0,0,0,1461746854500,6069
-3.31383918255,14.9095844235,-3.52183610805,-3.719954,2.392614,2.658254,0,0,0,0,0,0,1461746854510,6079
-4.44853546995,15.8267125926,-2.6906035104,-3.269566,2.394261,2.571519,0,0,0,0,0,0,1461746854519,6088
-6.0879454662,17.158020401,-0.7115240418,-2.622167,2.667471,2.460546,0,0,0,0,0,0,1461746854529,6098
-8.10369162525,19.2316742377,0.8487372894,-2.058777,2.890602,2.112151,0,0,0,0,0,0,1461746854538,6107
-9.234043611,19.258014631,1.0821724056,-1.864307,2.836535,1.572599,0,0,0,0,0,0,1461746854548,6117
-10.0185872241,19.2758233259,1.10924829015,-2.077926,2.492367,0.881712,0,0,0,0,0,0,1461746854558,6127
-10.1686666653,19.269390229,-0.62488317255,-2.331895,1.653682,0.209456,0,0,0,0,0,0,1461746854567,6136
-9.0797669664,16.6347428929,-3.27763339995,-2.383765,0.381566,-0.265824,0,0,0,0,0,0,1461746854577,6146
-7.39426618515,12.8718421728,-4.4025917832,-2.279678,-0.946238,-0.332440,0,0,0,0,0,0,1461746854586,6155
-7.39426618515,12.8718421728,-4.4025917832,-2.612610,-0.234456,0.259427,0,0,0,0,0,0,1461746854596,6165
-6.134781549,5.0499221487,-0.62113707045,-3.352256,0.622108,0.582741,0,0,0,0,0,0,1461746854606,6175
-3.8885912715,5.0050277628,-3.0515237766,-2.907808,0.204737,0.711572,0,0,0,0,0,0,1461746854615,6184
-3.2373775122,4.6500894921,-4.851496416,-2.124121,-1.312428,0.719082,0,0,0,0,0,0,1461746854625,6194
-2.0926589307,1.6388117967,-8.8128130623,-1.959363,-3.995795,0.703816,0,0,0,0,0,0,1461746854634,6203
-3.7247434341,2.17286670315,2.59588204395,-1.407762,-3.612052,0.649153,0,0,0,0,0,0,1461746854644,6213
-4.38253738845,2.9527718181,2.6834251158,-0.803399,-2.405703,0.505925,0,0,0,0,0,0,1461746854654,6223
-3.8926315701,3.81093320205,1.12301668635,-0.381078,-1.616272,0.280966,0,0,0,0,0,0,1461746854663,6232
-2.6063652459,3.88993476885,0.15128564685,-0.105497,-1.002589,0.117029,0,0,0,0,0,0,1461746854673,6242
-1.63776249585,4.52349673815,-0.83437069365,0.129404,-0.702834,0.051893,0,0,0,0,0,0,1461746854683,6252
-1.63776249585,4.52349673815,-0.83437069365,0.366609,-0.648215,0.137008,0,0,0,0,0,0,1461746854692,6261
-0.62233346955,5.09166863205,-1.5020496504,0.469599,-0.455747,0.349735,0,0,0,0,0,0,1461746854702,6271
-0.0610555803,4.81424133255,-1.619061405,0.513129,-0.178304,0.646899,0,0,0,0,0,0,1461746854711,6280
-0.4025196513,3.98825523915,-2.1734649027,0.556885,0.114238,0.909429,0,0,0,0,0,0,1461746854721,6290
-1.0191751284,3.53589870075,-2.8377017604,0.528418,0.428252,1.079359,0,0,0,0,0,0,1461746854731,6300
-1.32412941375,3.5975524806,-3.1404103458,0.453886,0.781860,1.213901,0,0,0,0,0,0,1461746854740,6309
-0.9184618599,4.74914545365,-3.18111733485,0.422467,1.000672,1.213865,0,0,0,0,0,0,1461746854750,6319
0.12135605625,5.2646463675,-3.0786094677,0.494386,0.969520,1.064076,0,0,0,0,0,0,1461746854759,6328
0.0076294959,4.10048139735,-2.40824351625,0.506943,0.996625,0.860524,0,0,0,0,0,0,1461746854769,6338
-0.48961162185,2.97357151065,-1.67577268365,0.451019,1.175061,0.622868,0,0,0,0,0,0,1461746854779,6348
-1.0486536177,2.4992188806,-0.93418175955,0.409187,1.576845,0.319143,0,0,0,0,0,0,1461746854788,6357
-1.0486536177,2.4992188806,-0.93418175955,0.383524,2.202229,-0.009657,0,0,0,0,0,0,1461746854798,6367
-1.6073916105,2.67998301675,0.4433737386,0.187107,2.953611,-0.194633,0,0,0,0,0,0,1461746854807,6376
-2.69000531085,2.9967640014,3.83427279105,-0.403091,3.409786,-0.212985,0,0,0,0,0,0,1461746854817,6386
-3.8398134918,5.4479504001,8.8726722435,-0.899048,3.157570,-0.059065,0,0,0,0,0,0,1461746854827,6396
-4.53247953795,18.8346952872,20.1281498125,-0.741764,1.491607,0.376214,0,0,0,0,0,0,1461746854836,6405
-3.04943498145,19.2264375401,20.1505970055,-1.506822,1.195218,1.040453,0,0,0,0,0,0,1461746854846,6415
-2.17212140535,16.0498116051,19.312627308,-0.807268,3.374307,1.871130,0,0,0,0,0,0,1461746854856,6425
-0.57310458855,11.4913054835,7.19599735725,-0.142093,2.314960,2.548776,0,0,0,0,0,0,1461746854865,6434
1.23763564275,7.4894387529,2.58915475065,0.549941,0.243871,2.921214,0,0,0,0,0,0,1461746854875,6444
3.25533330525,8.07227143905,3.47619642435,-0.094441,-0.425993,2.050156,0,0,0,0,0,0,1461746854884,6453
3.25533330525,8.07227143905,3.47619642435,-0.633837,-0.757411,0.795693,0,0,0,0,0,0,1461746854894,6463
-0.10235096235,11.0283284514,5.58576184725,-0.857580,-0.566628,0.988920,0,0,0,0,0,0,1461746854904,6473
-3.232435011,11.7922194702,6.50273311155,-0.655331,0.575510,1.855961,0,0,0,0,0,0,1461746854913,6482
-2.6798359185,12.9566884434,5.9541645111,-0.188536,2.390851,2.679026,0,0,0,0,0,0,1461746854923,6492
-0.24689950935,13.8260783271,4.0279031208,0.476254,4.155076,3.258270,0,0,0,0,0,0,1461746854932,6501
0.01989748995,16.0356019141,0.1566694428,0.626599,4.747753,2.830085,0,0,0,0,0,0,1461746854942,6511
-3.9912462369,19.1403948704,0.9479403492,-1.499615,2.704437,1.632753,0,0,0,0,0,0,1461746854952,6521
-5.6712063174,18.0802283629,-2.93675772195,-2.287820,-0.062645,0.977771,0,0,0,0,0,0,1461746854961,6530
-2.11420392105,8.98116210615,-15.8481104847,-0.967626,-1.671677,1.535787,0,0,0,0,0,0,1461746854971,6540
-2.11420392105,8.98116210615,-15.8481104847,0.104463,-2.018878,2.268551,0,0,0,0,0,0,1461746854980,6549
-1.24377454305,9.1303491513,-10.9659293737,0.518637,-1.697409,2.543192,0,0,0,0,0,0,1461746854990,6559
-2.5833198534,9.11582565075,-5.41383341265,0.457296,-1.020100,2.661179,0,0,0,0,0,0,1461746855000,6569
-2.0627293401,6.1362721446,-1.0793285061,0.327002,-0.563599,2.722528,0,0,0,0,0,0,1461746855009,6578
-2.06513194485,6.7786600089,-2.685817914,0.393490,-0.511912,2.451867,0,0,0,0,0,0,1461746855019,6588
-0.70523804325,7.9778441691,-3.9246597624,0.453656,-0.906136,2.031193,0,0,0,0,0,0,1461746855029,6598
1.3950601899,9.35779246545,-3.6418388604,0.418278,-1.500609,1.667299,0,0,0,0,0,0,1461746855038,6607
3.3834166548,10.6711444807,-2.20593438975,0.286810,-1.864666,1.327424,0,0,0,0,0,0,1461746855048,6617
4.7449580568,11.2544282682,-0.4719500253,0.178702,-1.915841,0.924855,0,0,0,0,0,0,1461746855058,6627
7.03664091975,11.4347413031,2.0829308331,0.814729,-2.015853,0.221078,0,0,0,0,0,0,1461746855067,6636
7.03664091975,11.4347413031,2.0829308331,1.677413,-2.367146,-0.557293,0,0,0,0,0,0,1461746855077,6646
6.92665065495,10.2975051192,0.8387149953,1.748813,-2.363579,-0.807359,0,0,0,0,0,0,1461746855086,6655
5.46545509185,9.16446613875,-0.03082198665,1.712362,-1.915362,-0.631014,0,0,0,0,0,0,1461746855096,6665
4.61807110635,8.7718216833,0.69670634475,2.032378,-1.454310,-0.365621,0,0,0,0,0,0,1461746855105,6674
3.71680993515,8.7935137719,0.97203504255,2.333132,-1.130763,-0.045657,0,0,0,0,0,0,1461746855115,6684
2.56820795985,9.03352908315,0.4263103416,2.407927,-1.037998,0.250658,0,0,0,0,0,0,1461746855125,6694
1.5173086422,9.259932903,-0.36810846735,2.340548,-1.256197,0.433845,0,0,0,0,0,0,1461746855134,6703
1.19784066285,9.54843179745,-0.69984444075,2.226966,-1.646417,0.431571,0,0,0,0,0,0,1461746855144,6713
1.2541008402,9.5478335979,-0.5546976942,2.062862,-2.082663,0.252630,0,0,0,0,0,0,1461746855154,6723
1.2541008402,9.5478335979,-0.5546976942,1.901874,-2.411415,-0.065604,0,0,0,0,0,0,1461746855163,6732
1.52853714195,9.07273567005,-0.0508763814,1.719419,-2.668139,-0.329548,0,0,0,0,0,0,1461746855173,6742
1.7697488523,8.1506748063,-0.260069706,1.535125,-3.005403,-0.476287,0,0,0,0,0,0,1461746855182,6751
2.13964211175,7.82177292585,-0.19721952705,1.366838,-3.282054,-0.539224,0,0,0,0,0,0,1461746855192,6761
2.4758792916,7.7203241661,-0.11537406075,1.252253,-3.420485,-0.563706,0,0,0,0,0,0,1461746855202,6771
2.7911598741,7.72302096735,-0.08185527285,1.203239,-3.494028,-0.617659,0,0,0,0,0,0,1461746855211,6780
2.88678354315,7.76730734715,-0.234180414,1.161466,-3.506487,-0.699586,0,0,0,0,0,0,1461746855221,6790
2.9889776007,7.55587812915,-0.5120588148,1.142149,-3.464426,-0.737566,0,0,0,0,0,0,1461746855230,6799
2.9889776007,7.55587812915,-0.5120588148,1.132356,-3.405756,-0.761753,0,0,0,0,0,0,1461746855240,6809
2.90937783435,7.2926605206,-0.60991837725,1.124009,-3.313209,-0.831565,0,0,0,0,0,0,1461746855250,6819
2.84143805595,7.285482126,-0.44726693895,1.117033,-3.217243,-0.921228,0,0,0,0,0,0,1461746855259,6828
2.77530268275,7.1563494756,-0.1789695375,1.166770,-3.125420,-0.961519,0,0,0,0,0,0,1461746855269,6838
2.60531594505,7.3887254844,0.17462523585,1.216077,-2.991062,-0.975270,0,0,0,0,0,0,1461746855278,6847
2.31053105205,7.66122008925,0.46895902755,1.330683,-2.812750,-0.975220,0,0,0,0,0,0,1461746855288,6857
2.058394845,8.187488595,0.7158585369,1.537160,-2.618409,-0.927005,0,0,0,0,0,0,1461746855298,6867
2.05301104905,8.6166428361,1.52479103985,1.825841,-2.435108,-0.822163,0,0,0,0,0,0,1461746855307,6876
1.96861587975,8.5968924444,2.6879165157,1.995359,-2.227690,-0.722682,0,0,0,0,0,0,1461746855317,6886
2.0550998442,8.19542209395,3.8241033987,1.782783,-1.982700,-0.727747,0,0,0,0,0,0,1461746855327,6896
2.0550998442,8.19542209395,3.8241033987,1.192636,-1.861475,-0.850251,0,0,0,0,0,0,1461746855336,6905
3.5029781124,9.58418647875,3.10629335835,0.571183,-1.974939,-1.018545,0,0,0,0,0,0,1461746855346,6915
4.4259313722,11.19711879,1.5342151344,0.236793,-2.260868,-1.121747,0,0,0,0,0,0,1461746855355,6924
4.96777267935,12.1420681415,0.49439721825,0.166167,-2.493103,-1.118855,0,0,0,0,0,0,1461746855365,6934
5.1697778028,12.0714413683,0.50696921535,0.206133,-2.605460,-1.040712,0,0,0,0,0,0,1461746855375,6944
5.33632244145,11.7028916063,1.05733241445,0.202504,-2.602304,-0.902741,0,0,0,0,0,0,1461746855385,6954
5.33632244145,11.7028916063,1.05733241445,0.173059,-2.547440,-0.759129,0,0,0,0,0,0,1461746855394,6963
5.5754355501,11.3633594256,2.0902661325,0.085368,-2.517556,-0.611759,0,0,0,0,0,0,1461746855403,6972
5.7460302939,11.405409912,3.51705051165,-0.119254,-2.484527,-0.435191,0,0,0,0,0,0,1461746855413,6982
5.7249265983,11.4705057909,4.94098118475,-0.433406,-2.424929,-0.255310,0,0,0,0,0,0,1461746855423,6992
5.58427125165,11.4974345772,5.8145584653,-0.834747,-2.373002,-0.107377,0,0,0,0,0,0,1461746855432,7001
5.2815528597,11.4621211906,6.7626557193,-1.397353,-2.098321,0.016363,0,0,0,0,0,0,1461746855442,7011
5.13281691585,12.2622277986,9.15787613715,-2.251408,-1.495800,0.075420,0,0,0,0,0,0,1461746855451,7020
4.6957291758,13.1498676719,7.4587638645,-3.096140,-0.748634,0.101154,0,0,0,0,0,0,1461746855461,7030
3.8829034725,13.476072751,5.166482802,-3.523211,-0.187776,0.134023,0,0,0,0,0,0,1461746855471,7040
2.9753661093,13.2875320207,1.57297062,-3.800933,0.103171,0.189408,0,0,0,0,0,0,1461746855481,7050
1.9274577894,13.5116901406,0.3549382707,-4.277771,0.517582,0.578846,0,0,0,0,0,0,1461746855499,7068
1.6425578988,14.4502063953,-0.0520727805,-3.935566,1.463294,0.964760,0,0,0,0,0,0,1461746855510,7079
1.96936117755,15.6540290536,-1.2198367545,-3.301336,2.752110,1.402501,0,0,0,0,0,0,1461746855520,7089
2.4038992146,16.123733379,-3.2530876053,-2.831024,3.872921,1.633048,0,0,0,0,0,0,1461746855529,7098
4.03583661975,16.5988313069,-2.92987352385,-1.873099,4.324863,1.632973,0,0,0,0,0,0,1461746855548,7117
4.03583661975,16.5988313069,-2.92987352385,-1.374018,3.230587,1.717164,0,0,0,0,0,0,1461746855557,7126
4.313705214,17.3476104321,-1.2407835453,-1.527128,1.994448,1.831722,0,0,0,0,0,0,1461746855567,7136
3.1505895447,17.3369899384,2.34075483915,-2.267580,1.241192,1.863582,0,0,0,0,0,0,1461746855577,7146
1.9361463927,16.5416689269,2.09086433205,-2.823109,0.964738,1.750406,0,0,0,0,0,0,1461746855586,7155
0.7234880328,15.6446049591,0.5608365945,-2.882905,0.792808,1.591106,0,0,0,0,0,0,1461746855596,7165
0.11686465635,14.9781224014,0.4743428235,-2.639678,0.706184,1.477151,0,0,0,0,0,0,1461746855606,7175
0.11686465635,14.9781224014,0.4743428235,-2.353606,0.818691,1.358854,0,0,0,0,0,0,1461746855615,7184
0.08424807105,14.3080506465,0.35763507195,-2.149965,0.964688,1.197834,0,0,0,0,0,0,1461746855624,7193
0.22879661805,13.0377886119,-0.0073352994,-2.013026,1.244874,1.088255,0,0,0,0,0,0,1461746855635,7204
0.3483482691,11.4965421811,-0.0459338802,-1.898316,1.580346,0.989307,0,0,0,0,0,0,1461746855644,7213
0.078256269,9.92461105545,-0.35029977255,-1.780622,1.801626,0.892823,0,0,0,0,0,0,1461746855653,7222
-0.39099695505,8.632509834,-0.33937527585,-1.611850,2.119013,0.876663,0,0,0,0,0,0,1461746855663,7232
-1.370367297,6.70833723885,-0.6545087601,-1.483627,2.459981,0.899470,0,0,0,0,0,0,1461746855672,7241
-1.370367297,6.70833723885,-0.6545087601,-1.393849,2.567292,0.857898,0,0,0,0,0,0,1461746855682,7251
-1.64480359875,6.3520554708,-1.33266111225,-1.265916,2.431901,0.752709,0,0,0,0,0,0,1461746855692,7261
-1.5560641278,5.9507322186,-1.8515943186,-1.138113,2.133836,0.611026,0,0,0,0,0,0,1461746855701,7270
-1.1890049613,5.41263701355,-2.0776941354,-1.006521,1.819262,0.461696,0,0,0,0,0,0,1461746855711,7280
-0.77615901285,4.9492088802,-2.2743154629,-0.877850,1.570722,0.332953,0,0,0,0,0,0,1461746855720,7289
-0.6799469508,4.5402561321,-2.4657000927,-0.754387,1.321222,0.245228,0,0,0,0,0,0,1461746855730,7299
-0.4400787378,4.03509132195,-2.4148237113,-0.665189,1.056468,0.193549,0,0,0,0,0,0,1461746855740,7309
0.06479187585,3.6650411577,-2.39806431735,-0.575488,0.850877,0.192188,0,0,0,0,0,0,1461746855750,7319
0.52387570755,3.5897660799,-2.208631191,-0.477341,0.808132,0.249646,0,0,0,0,0,0,1461746855760,7329
0.7529665221,3.631365465,-2.2916730564,-0.040811,0.920013,0.300812,0,0,0,0,0,0,1461746855778,7347
0.7391981259,3.50687131275,-2.66741101965,0.260595,0.949603,0.282214,0,0,0,0,0,0,1461746855788,7357
0.54407720055,3.35828246715,-3.0169654944,0.561045,0.959063,0.244772,0,0,0,0,0,0,1461746855797,7366
0.205153026,3.1853047317,-3.23393541315,0.816483,0.975380,0.208870,0,0,0,0,0,0,1461746855807,7376
-0.23852471565,2.43174001005,-3.0488367819,1.014659,0.990350,0.190637,0,0,0,0,0,0,1461746855817,7386
-0.98011563975,1.97130287445,-2.2619003706,1.183146,0.996150,0.238310,0,0,0,0,0,0,1461746855826,7395
-1.12915558665,2.0531581473,-1.72500156465,1.364776,0.999822,0.313230,0,0,0,0,0,0,1461746855836,7405
-1.12915558665,2.0531581473,-1.72500156465,1.590943,0.986736,0.305745,0,0,0,0,0,0,1461746855845,7414
-1.28223583215,3.4413341391,-0.52267930845,1.809779,0.787747,0.122397,0,0,0,0,0,0,1461746855855,7424
-1.1542897743,6.00085349565,1.97459787525,2.179080,-0.280841,-0.120515,0,0,0,0,0,0,1461746855865,7434
-0.9467439501,9.7794643089,8.45862989595,2.669691,-2.135362,-0.187133,0,0,0,0,0,0,1461746855874,7443
0.12539635485,15.1632210327,20.1923434888,1.924334,-2.808821,-0.194173,0,0,0,0,0,0,1461746855884,7453
3.23422960965,19.086684396,20.2432198703,0.030185,-0.707973,-0.134081,0,0,0,0,0,0,1461746855893,7462
5.59668634395,19.0341605142,20.2780821555,-1.160678,2.144261,0.402506,0,0,0,0,0,0,1461746855903,7472
5.5344441711,18.4848466159,14.5603339518,-0.864330,2.437470,0.969434,0,0,0,0,0,0,1461746855913,7482
4.6533844929,13.5528384244,6.8042551044,0.269055,0.402714,1.156145,0,0,0,0,0,0,1461746855932,7501
1.94272658775,8.9442012192,3.9294453588,0.553094,-0.408006,0.793352,0,0,0,0,0,0,1461746855942,7511
-0.51983540895,7.415516979,2.6304501327,0.509129,-1.178137,0.394114,0,0,0,0,0,0,1461746855951,7520
-3.72773443185,7.3133131149,3.6125172759,0.337873,-1.396265,0.078332,0,0,0,0,0,0,1461746855961,7530
-3.7998616071,10.6008217107,3.8465407851,0.399641,-1.135334,-0.041011,0,0,0,0,0,0,1461746855970,7539
0.44306973555,12.4230846382,3.9884023374,0.919177,-0.328840,0.149963,0,0,0,0,0,0,1461746855980,7549
3.1089901596,15.9389387508,7.04411351085,1.899076,0.976853,0.374918,0,0,0,0,0,0,1461746855990,7559
5.7645842865,17.3676648268,3.07232346915,1.892964,1.121174,0.299425,0,0,0,0,0,0,1461746855999,7568
5.7645842865,17.3676648268,3.07232346915,-0.282641,0.560466,0.215012,0,0,0,0,0,0,1461746856010,7579
3.51016631355,14.345609733,-2.88274324455,-1.629279,-0.154113,-0.085159,0,0,0,0,0,0,1461746856019,7588
-2.3579653344,11.2767283629,-11.3452565343,-0.633221,-1.378384,-1.478449,0,0,0,0,0,0,1461746856038,7607
-3.25578440655,8.40700821675,-8.2346188743,0.071486,-1.115256,-1.747614,0,0,0,0,0,0,1461746856048,7617
-3.34661267265,4.46828586165,-2.36095633215,0.798447,-0.074336,-1.499311,0,0,0,0,0,0,1461746856057,7626
-3.04943498145,2.2369132812,1.5379612365,1.624208,0.887854,-1.108199,0,0,0,0,0,0,1461746856067,7636
-1.8515943186,3.94979395005,-1.30990991625,1.962745,0.555759,-1.005278,0,0,0,0,0,0,1461746856076,7645
-1.8515943186,3.94979395005,-1.30990991625,1.942455,-0.399553,-1.087248,0,0,0,0,0,0,1461746856086,7655
-0.8867474772,6.5579537946,-3.66922855455,1.810596,-1.227998,-1.125084,0,0,0,0,0,0,1461746856095,7664
-0.1029491619,8.8331714601,-3.8281436973,1.699304,-1.650964,-1.092922,0,0,0,0,0,0,1461746856105,7674
1.3715636961,12.9016246651,-2.9737186089,1.782784,-1.760605,-0.988876,0,0,0,0,0,0,1461746856115,7684
4.60983360435,14.2285979784,-2.5393276701,2.057508,-1.909867,-0.773136,0,0,0,0,0,0,1461746856124,7693
5.09929812795,15.1223669454,-2.78099048175,2.191746,-2.353482,-0.451674,0,0,0,0,0,0,1461746856134,7703
5.3102860512,15.4865822124,-2.65260312915,2.069911,-2.873658,-0.128487,0,0,0,0,0,0,1461746856144,7713
4.5115229406,11.5875175455,-0.91786366035,1.581111,-3.650246,0.330533,0,0,0,0,0,0,1461746856163,7732
2.4779778933,9.15907253625,0.61754787315,1.458327,-3.757579,0.394615,0,0,0,0,0,0,1461746856173,7742
0.26021680425,8.225341878,2.03669294985,1.339767,-2.812273,0.093240,0,0,0,0,0,0,1461746856191,7760
-1.27086023415,8.22325308285,2.26414607055,1.237592,-2.155943,-0.116812,0,0,0,0,0,0,1461746856201,7770
-1.6437542979,8.43558450345,1.63342800075,1.112776,-1.692466,-0.272858,0,0,0,0,0,0,1461746856211,7780
-1.2787937331,8.7046272027,0.5903150838,1.031298,-1.525025,-0.358914,0,0,0,0,0,0,1461746856220,7789
-0.59420828415,8.806085769,-0.5059199145,1.015052,-1.518592,-0.451954,0,0,0,0,0,0,1461746856230,7799
0.09950706285,8.8419973551,-1.42902027255,1.017131,-1.547339,-0.536756,0,0,0,0,0,0,1461746856239,7808
0.67934875125,8.6670681162,-1.73802466305,1.142676,-1.468377,-0.623536,0,0,0,0,0,0,1461746856249,7818
1.26187743435,7.86951121125,-1.95200358405,1.380303,-1.437180,-0.716348,0,0,0,0,0,0,1461746856259,7828
1.26187743435,7.86951121125,-1.95200358405,1.571531,-1.961563,-0.760076,0,0,0,0,0,0,1461746856269,7838
1.9433247873,7.65957258885,-3.0006473952,1.624106,-2.932080,-0.686015,0,0,0,0,0,0,1461746856279,7848
2.39043482145,8.4252582063,-0.9819102384,1.483871,-4.149881,-0.665761,0,0,0,0,0,0,1461746856297,7866
2.3886402228,8.2319318796,-0.12569055135,1.444180,-4.098727,-0.742062,0,0,0,0,0,0,1461746856307,7876
2.39731901955,8.05611024465,0.51863900985,1.447469,-3.861444,-0.831539,0,0,0,0,0,0,1461746856316,7885
2.27656116285,7.70281947435,1.055380911,1.492306,-3.463702,-0.894694,0,0,0,0,0,0,1461746856326,7895
1.89918550575,7.39187338695,1.29959342565,1.563506,-3.065576,-0.914489,0,0,0,0,0,0,1461746856336,7905
1.89918550575,7.39187338695,1.29959342565,1.602569,-2.655499,-0.878084,0,0,0,0,0,0,1461746856345,7914
1.4369537715,7.7462134581,2.0534523438,1.614600,-2.129183,-0.871389,0,0,0,0,0,0,1461746856355,7924
0.8276335938,8.67066712005,2.9119177308,1.575878,-1.530559,-0.938233,0,0,0,0,0,0,1461746856364,7933
0.3516432699,9.1955823219,3.73297112955,1.470100,-0.852317,-1.023786,0,0,0,0,0,0,1461746856374,7943
0.34341557445,9.4899161136,3.9928937373,1.258565,-0.200377,-1.091690,0,0,0,0,0,0,1461746856384,7953
0.93118095525,10.3163631149,2.21281858785,0.983700,0.229921,-1.162839,0,0,0,0,0,0,1461746856393,7962
2.7536007876,10.4947246463,0.86384918295,0.738317,0.356574,-1.244771,0,0,0,0,0,0,1461746856403,7972
3.74269922715,10.6458631948,-0.21816631785,0.648691,0.145064,-1.304935,0,0,0,0,0,0,1461746856412,7981
3.74269922715,10.6458631948,-0.21816631785,0.692385,-0.282300,-1.345664,0,0,0,0,0,0,1461746856422,7991
4.53157733535,10.6341835938,-0.85127718585,0.740231,-0.717368,-1.299518,0,0,0,0,0,0,1461746856432,8001
4.92736969335,10.52046684,-1.0474572186,0.776700,-1.012892,-1.137542,0,0,0,0,0,0,1461746856441,8010
5.06009154105,10.509395245,-0.82434839955,0.835612,-1.249192,-0.932813,0,0,0,0,0,0,1461746856451,8020
5.128629519,10.6623185857,-0.18794253075,0.873143,-1.572767,-0.737587,0,0,0,0,0,0,1461746856461,8030
4.5261935394,10.9671257729,2.9499279186,0.619103,-2.302616,-0.328957,0,0,0,0,0,0,1461746856480,8049
3.8079422043,11.599491343,5.20150199205,0.187120,-2.329271,-0.108367,0,0,0,0,0,0,1461746856490,8059
3.8079422043,11.599491343,5.20150199205,-0.448261,-2.069115,0.006889,0,0,0,0,0,0,1461746856499,8068
3.46362442725,12.2698572945,7.23730254585,-1.327138,-1.551678,0.031631,0,0,0,0,0,0,1461746856509,8078
3.88560027375,12.8221621905,8.08154843535,-2.165692,-0.918370,0.108328,0,0,0,0,0,0,1461746856518,8087
4.9023727974,13.7865677371,7.39516838775,-2.777999,-0.595066,0.332228,0,0,0,0,0,0,1461746856528,8097
5.67135341565,14.730026493,5.31941594925,-3.410774,-1.022281,0.665167,0,0,0,0,0,0,1461746856537,8106
5.47802708895,14.5260698661,3.536045799,-3.804499,-0.750618,0.937130,0,0,0,0,0,0,1461746856547,8116
2.2114750905,14.7234462979,3.81526769715,-4.027586,0.116585,1.246780,0,0,0,0,0,0,1461746856557,8126
-0.0223000947,14.7791082757,3.17617483365,-4.133310,0.972974,1.622823,0,0,0,0,0,0,1461746856567,8136
-0.0223000947,14.7791082757,3.17617483365,-4.088660,2.159686,1.995359,0,0,0,0,0,0,1461746856576,8145
1.5973693164,16.0607361018,-2.56236325605,-4.005651,3.458754,2.225989,0,0,0,0,0,0,1461746856586,8155
1.5973693164,16.0607361018,-2.5623730626,-4.006208,4.373363,2.210722,0,0,0,0,0,0,1461746856596,8165
2.7694677855,16.3832048854,-4.3538140035,-3.575173,4.406535,2.095837,0,0,0,0,0,0,1461746856614,8183
1.9105512972,17.111929616,-4.067560809,-2.738399,3.441877,2.126263,0,0,0,0,0,0,1461746856624,8193
1.01557612455,17.6724720139,-3.6083200725,-1.754864,2.083364,2.124491,0,0,0,0,0,0,1461746856633,8202
0.42900714285,17.9085941248,-2.52929556945,-1.146278,0.912415,2.094260,0,0,0,0,0,0,1461746856643,8212
-0.3297942765,18.3141047739,-0.54811749915,-1.024036,0.299837,1.924461,0,0,0,0,0,0,1461746856653,8222
-1.7619624516,18.535271896,1.2303101499,-1.272653,0.116253,1.541091,0,0,0,0,0,0,1461746856663,8232
-2.8477240545,17.6388061278,1.99270076655,-2.345542,-0.249578,0.870443,0,0,0,0,0,0,1461746856681,8250
-3.01187589495,15.666748149,1.4297753769,-2.774458,-0.324096,0.761232,0,0,0,0,0,0,1461746856691,8260
-2.3893855206,12.4744121209,0.1744781376,-2.923625,-0.248755,0.683249,0,0,0,0,0,0,1461746856701,8270
-0.5732516868,10.5602716264,-0.69580414215,-2.767884,0.031963,0.648132,0,0,0,0,0,0,1461746856710,8279
0.29179389525,8.8372117587,-1.5415504338,-2.476005,0.440877,0.680770,0,0,0,0,0,0,1461746856720,8289
0.4707536262,7.8385323198,-2.17525950135,-2.219985,0.654425,0.751303,0,0,0,0,0,0,1461746856730,8299
-0.01346439315,6.86649727725,-2.39537732265,-1.975496,0.792393,0.791281,0,0,0,0,0,0,1461746856740,8309
-0.01346439315,6.86649727725,-2.39537732265,-1.744716,0.844037,0.776996,0,0,0,0,0,0,1461746856749,8318
-1.1730006717,5.11949962095,-2.1067215234,-1.255794,1.082799,0.742252,0,0,0,0,0,0,1461746856768,8337
-1.39355978775,4.7834193459,-2.36050523085,-1.031990,1.250020,0.768973,0,0,0,0,0,0,1461746856778,8347
-1.42394047965,4.5273899385,-2.69808590805,-0.860091,1.399150,0.764702,0,0,0,0,0,0,1461746856787,8356
-1.3389471108,4.23110464335,-2.98598660295,-0.727315,1.598710,0.759913,0,0,0,0,0,0,1461746856797,8366
-1.20501905745,3.7658917179,-2.93630662065,-0.572653,1.851168,0.724506,0,0,0,0,0,0,1461746856807,8376
-0.93447595605,2.73131049945,-2.88543023925,-0.183800,2.268092,0.639945,0,0,0,0,0,0,1461746856826,8395
-0.9673965444,2.46794579265,-2.84787115275,0.027728,2.394607,0.561929,0,0,0,0,0,0,1461746856836,8405
-0.9673965444,2.46794579265,-2.84787115275,0.238907,2.540134,0.513935,0,0,0,0,0,0,1461746856845,8414
-1.1527991787,2.05928724105,-2.4278468097,0.445483,2.630314,0.466627,0,0,0,0,0,0,1461746856854,8423
-1.4926157493,1.89618470145,-2.5674528555,0.710315,2.575661,0.366567,0,0,0,0,0,0,1461746856864,8433
-1.7669049528,1.68640298385,-2.34091174395,1.041075,2.516423,0.233822,0,0,0,0,0,0,1461746856874,8443
-1.9274577894,1.50264784995,-2.0741049381,1.381216,2.507918,0.112743,0,0,0,0,0,0,1461746856884,8453
-1.9304585937,1.65362949375,-2.09325713025,1.701849,2.459470,0.021165,0,0,0,0,0,0,1461746856893,8462
-1.71976486695,2.28554396265,-1.34837120535,1.953512,2.460604,0.008731,0,0,0,0,0,0,1461746856903,8472
-1.71976486695,2.28554396265,-1.34837120535,2.164779,2.451187,0.036150,0,0,0,0,0,0,1461746856912,8481
-1.8180755307,3.7021491429,0.08573866665,2.197250,2.069728,0.003413,0,0,0,0,0,0,1461746856922,8491
-2.32743754425,7.02856032255,3.8640552834,1.838134,1.221757,-0.165193,0,0,0,0,0,0,1461746856931,8500
-2.8686708453,12.234543908,14.5055741766,1.615222,0.108352,-0.339749,0,0,0,0,0,0,1461746856941,8510
0.8409508887,18.347182267,20.2070042811,0.620836,-0.562011,-0.218769,0,0,0,0,0,0,1461746856951,8520
4.0472024112,19.0687286029,20.2551838612,-1.330570,1.679632,0.204657,0,0,0,0,0,0,1461746856960,8529
2.5077505791,17.8481465507,11.8779581368,-1.142313,2.986238,0.628671,0,0,0,0,0,0,1461746856970,8539
0.72288983325,12.3687661578,3.8095897047,-0.632205,1.998897,1.068044,0,0,0,0,0,0,1461746856980,8549
-2.01409865865,7.71209647065,0.7610471193,0.344774,-1.165477,1.269800,0,0,0,0,0,0,1461746856999,8568
-3.65755876005,4.12411518285,0.70359054285,0.628145,-1.913048,1.233212,0,0,0,0,0,0,1461746857008,8577
-4.6072937079,4.166018571,1.026353523,0.489408,-1.924304,0.837428,0,0,0,0,0,0,1461746857018,8587
-3.7796601141,5.4838619862,0.3378748737,0.460895,-0.710782,0.232751,0,0,0,0,0,0,1461746857027,8596
-2.99571470055,7.9003331979,-1.58164941675,0.684984,0.781823,-0.364057,0,0,0,0,0,0,1461746857037,8606
-1.9949464665,11.2370706747,-1.7938337391,1.483943,2.109020,-0.733134,0,0,0,0,0,0,1461746857047,8616
0.54288080145,16.2066379527,-2.61624044175,2.532481,2.608195,-0.980430,0,0,0,0,0,0,1461746857057,8626
5.5037692827,18.9530505391,5.3511401385,-3.124475,-2.110795,-0.090696,0,0,0,0,0,0,1461746857076,8645
1.32458051505,19.0530087033,6.55974839325,-2.289767,-2.411248,-0.611193,0,0,0,0,0,0,1461746857086,8655
-2.11181112285,6.25927570125,-7.97979567255,-0.013405,-2.411357,-0.487187,0,0,0,0,0,0,1461746857105,8674
-1.9045693017,4.06276540605,-4.95759348045,0.473957,-2.086207,-0.246422,0,0,0,0,0,0,1461746857115,8684
-1.4148105816,3.48427702155,-3.50777351535,1.372556,-1.700746,-0.094066,0,0,0,0,0,0,1461746857133,8702
-1.14770957925,4.40318998275,-3.51210801045,1.792423,-1.736696,-0.143766,0,0,0,0,0,0,1461746857143,8712
-1.0872521985,6.2836645911,-2.89305973515,2.031906,-1.546688,-0.257289,0,0,0,0,0,0,1461746857152,8721
-1.017527628,8.79320976885,-2.80223146905,2.139472,-1.184365,-0.388226,0,0,0,0,0,0,1461746857162,8731
-0.6899692449,11.020993152,-3.1413125484,2.135574,-0.765649,-0.448431,0,0,0,0,0,0,1461746857172,8741
-0.07736387295,12.4771089222,-3.63076726545,2.151439,-0.300461,-0.429971,0,0,0,0,0,0,1461746857181,8750
0.5102544096,13.6987304688,-3.92869025445,2.205814,0.151094,-0.359661,0,0,0,0,0,0,1461746857191,8760
1.0860557994,14.4789395868,-3.8805106743,2.296239,0.590195,-0.234991,0,0,0,0,0,0,1461746857200,8769
1.0860557994,14.4789395868,-3.8805106743,2.376168,0.962059,-0.124641,0,0,0,0,0,0,1461746857211,8780
1.6211600067,14.4768409851,-3.83427279105,2.432729,1.249855,-0.077179,0,0,0,0,0,0,1461746857220,8789
3.7049930424,11.2107302814,-0.6221863713,2.962723,0.489772,-0.239388,0,0,0,0,0,0,1461746857229,8798
3.42322144125,8.1853899933,2.41063631445,3.483716,-1.633809,-0.440684,0,0,0,0,0,0,1461746857239,8808
2.08876573035,7.40564178315,2.84218335375,2.997639,-3.477183,-0.417792,0,0,0,0,0,0,1461746857249,8818
1.27774443225,8.0888739282,1.90710919815,1.971524,-4.058766,-0.188867,0,0,0,0,0,0,1461746857258,8827
0.73905102765,9.03847158435,0.81297280155,1.076684,-3.609682,0.034030,0,0,0,0,0,0,1461746857268,8837
0.48706191885,9.54798069615,-0.22909081455,0.573041,-2.926313,0.141844,0,0,0,0,0,0,1461746857277,8846
0.48706191885,9.54798069615,-0.22909081455,0.545017,-2.386142,0.135218,0,0,0,0,0,0,1461746857287,8856
0.38426966175,9.1976809236,-0.86624198115,0.916256,-2.045995,0.021363,0,0,0,0,0,0,1461746857297,8866
0.9491367483,7.14272817765,-1.46657935905,1.909994,-2.459722,-0.274981,0,0,0,0,0,0,1461746857316,8885
1.3296701145,7.43092306905,-0.7484751222,2.026615,-2.822208,-0.352671,0,0,0,0,0,0,1461746857326,8895
1.3296701145,7.43092306905,-0.7484751222,1.884073,-3.076597,-0.454022,0,0,0,0,0,0,1461746857335,8904
1.4261861796,7.6953370767,-0.3137899869,1.609688,-3.211524,-0.552216,0,0,0,0,0,0,1461746857345,8914
1.514915844,7.92158399175,-0.04264868595,1.337106,-3.265045,-0.622232,0,0,0,0,0,0,1461746857354,8923
1.66859428905,7.8341978247,0.1517269416,1.184236,-3.230751,-0.670806,0,0,0,0,0,0,1461746857364,8933
1.68475548345,7.4574105606,0.33443277465,1.157614,-3.203969,-0.698970,0,0,0,0,0,0,1461746857373,8942
1.45341896895,7.41760577415,0.7348636308,1.281381,-3.088255,-0.740624,0,0,0,0,0,0,1461746857384,8953
0.62727597075,7.96392867465,2.30170515705,1.608135,-2.137157,-0.823006,0,0,0,0,0,0,1461746857402,8971
0.3250086801,8.41852110645,3.0868469697,1.680029,-1.317763,-0.873183,0,0,0,0,0,0,1461746857412,8981
0.1138736586,8.68188581325,3.75766402245,1.659835,-0.502516,-0.952761,0,0,0,0,0,0,1461746857422,8991
0.22595271855,8.7374006928,3.99019693605,1.516440,0.121530,-1.015085,0,0,0,0,0,0,1461746857431,9000
0.22595271855,8.7374006928,3.99019693605,1.237402,0.407009,-1.086488,0,0,0,0,0,0,1461746857441,9010
0.7715205147,9.21489141885,3.79687060935,0.839754,0.380976,-1.184166,0,0,0,0,0,0,1461746857450,9019
1.9181807931,10.15370187,2.4003100173,0.501016,0.154179,-1.238269,0,0,0,0,0,0,1461746857460,9029
3.4392355374,11.240963875,0.3362273733,0.377396,-0.197149,-1.225176,0,0,0,0,0,0,1461746857470,9039
5.13087521895,12.2236194112,-1.18691616615,0.819519,-1.022938,-0.883170,0,0,0,0,0,0,1461746857489,9058
4.9101591981,11.9969213949,-0.3915951546,0.979425,-1.342153,-0.647511,0,0,0,0,0,0,1461746857498,9067
4.9101591981,11.9969213949,-0.3915951546,0.999107,-1.783410,-0.432287,0,0,0,0,0,0,1461746857508,9077
4.33046460795,11.717258202,1.31200851795,0.819612,-2.291420,-0.194416,0,0,0,0,0,0,1461746857518,9087
3.2737401996,11.9262946218,4.0585780092,0.376324,-2.502936,0.030489,0,0,0,0,0,0,1461746857527,9096
2.32475054955,12.4908675119,6.73002932745,-0.202912,-2.256758,0.125436,0,0,0,0,0,0,1461746857537,9106
2.0369969529,12.9302009518,8.21801638515,-0.837273,-1.666745,0.081373,0,0,0,0,0,0,1461746857546,9115
2.60156984295,13.2960637192,8.38066782345,-1.522596,-1.025402,-0.000415,0,0,0,0,0,0,1461746857556,9125
3.90774346365,14.1501848046,7.6889039799,-2.257661,-0.622550,0.039800,0,0,0,0,0,0,1461746857567,9136
4.80092403765,14.8404580525,6.3846720561,-2.858440,-0.513990,0.171932,0,0,0,0,0,0,1461746857576,9145
4.4510753664,14.5034755749,5.50346527965,-3.845914,0.220806,0.410723,0,0,0,0,0,0,1461746857594,9163
1.9606823808,13.7244726625,3.0983598594,-4.193789,0.907957,0.633380,0,0,0,0,0,0,1461746857604,9173
0.69146964705,13.6671631844,2.9544193185,-4.231001,1.935336,1.003415,0,0,0,0,0,0,1461746857614,9183
1.16506717275,14.0053420611,1.20068456235,-3.867011,3.541992,1.459510,0,0,0,0,0,0,1461746857624,9193
3.0400108869,14.3553378306,-1.3016822208,-3.371583,5.194909,1.868215,0,0,0,0,0,0,1461746857634,9203
4.34303660505,14.8352213549,-3.14879494605,-2.923006,7.206779,2.298309,0,0,0,0,0,0,1461746857653,9222
4.13354908395,15.5705360869,-4.12291878375,-2.815584,7.265634,2.210167,0,0,0,0,0,0,1461746857662,9231
4.13354908395,15.5705360869,-4.12291878375,-2.584370,6.552106,2.001487,0,0,0,0,0,0,1461746857671,9240
4.0198225236,16.7287190616,-5.09525782935,-2.174890,4.026830,1.846245,0,0,0,0,0,0,1461746857681,9250
4.0326887172,18.8513075829,-5.2463865714,-1.857054,1.200238,1.774039,0,0,0,0,0,0,1461746857691,9260
3.6334640667,18.9472156419,-3.17333093415,-1.791733,-0.190862,1.586431,0,0,0,0,0,0,1461746857700,9269
2.191567794,18.9847747284,-2.194117497,-1.889711,-0.694857,1.244921,0,0,0,0,0,0,1461746857710,9279
0.9847541379,18.9388408482,-1.75942255515,-1.987152,-1.018856,0.882929,0,0,0,0,0,0,1461746857719,9288
-0.45774033435,18.2214819092,-2.416922313,-1.973510,-1.523363,0.563220,0,0,0,0,0,0,1461746857730,9299
-1.06900220895,14.3810702178,-3.00812979285,-1.817847,-2.235098,0.518951,0,0,0,0,0,0,1461746857748,9317
-0.8421472878,11.8978654334,-0.52507210665,-1.747277,-1.931920,0.766548,0,0,0,0,0,0,1461746857758,9327
-1.06376551125,9.67472054835,1.0470061173,-1.705343,-1.160566,0.976947,0,0,0,0,0,0,1461746857767,9336
-1.2976419222,8.01047056095,1.2916599267,-1.659355,-0.283870,1.081572,0,0,0,0,0,0,1461746857777,9346
-1.8750908124,7.0851146964,0.5986898775,-1.569218,0.506267,1.045908,0,0,0,0,0,0,1461746857787,9356
-2.61937853775,6.6402503622,-0.95228465085,-1.494061,1.012147,0.930306,0,0,0,0,0,0,1461746857796,9365
-2.17720119825,5.60402164335,-2.1787016004,-1.216771,1.276502,0.618568,0,0,0,0,0,0,1461746857806,9375
-1.4257350783,4.3336125105,-1.87074651075,-0.827417,1.718061,0.320550,0,0,0,0,0,0,1461746857816,9385
-1.19903706195,3.12080705235,-1.83050042955,-0.485458,2.306565,0.224354,0,0,0,0,0,0,1461746857825,9394
-1.19903706195,3.12080705235,-1.83050042955,-0.272516,2.961135,0.256234,0,0,0,0,0,0,1461746857835,9404
-1.03473812325,2.26563666615,-2.1755635044,-0.251920,3.418223,0.294466,0,0,0,0,0,0,1461746857844,9413
-0.93822205815,2.01425556345,-2.9057788305,-0.386763,3.543093,0.219415,0,0,0,0,0,0,1461746857854,9423
-0.7469845266,1.81702622985,-3.62507946645,-0.561157,3.391985,0.090728,0,0,0,0,0,0,1461746857864,9433
-0.6536065575,1.688491779,-4.28766882375,-0.652621,3.108481,0.001242,0,0,0,0,0,0,1461746857873,9442
-0.66154005645,1.789499244,-4.80735713445,-0.627303,2.782041,-0.078097,0,0,0,0,0,0,1461746857883,9452
-0.63684716355,1.636124802,-5.1438885108,-0.433254,2.433074,-0.122488,0,0,0,0,0,0,1461746857893,9462
-0.63684716355,1.636124802,-5.1438885108,-0.162696,2.066907,-0.151289,0,0,0,0,0,0,1461746857902,9471
-0.7664407218,1.4592538662,-5.21346598305,0.136672,1.715206,-0.146535,0,0,0,0,0,0,1461746857912,9481
-1.07139500715,1.3539119061,-5.0255234523,0.453052,1.390575,-0.156494,0,0,0,0,0,0,1461746857921,9490
-1.4160069807,1.31530351875,-4.8576353163,0.699890,1.112733,-0.160643,0,0,0,0,0,0,1461746857931,9500
-1.77183764745,1.29674952615,-4.5164654418,0.911959,0.934973,-0.133749,0,0,0,0,0,0,1461746857940,9509
-2.2388549781,1.89618470145,-3.84894338985,1.028861,0.904862,-0.144592,0,0,0,0,0,0,1461746857950,9519
-2.4466949988,2.87495684385,-1.7818697481,0.953688,1.137549,-0.151717,0,0,0,0,0,0,1461746857960,9529
-2.7278684004,4.72011806565,1.2856779312,0.580268,1.540469,-0.194080,0,0,0,0,0,0,1461746857969,9538
-2.7278684004,4.72011806565,1.2856779312,-0.072312,2.260633,-0.311240,0,0,0,0,0,0,1461746857979,9548
-3.1639068396,8.40565491285,7.0961960979,0.139033,3.299154,-0.446798,0,0,0,0,0,0,1461746857989,9558
-0.61036947855,19.1722759644,20.1865085916,-1.118816,0.993515,0.264723,0,0,0,0,0,0,1461746858008,9577
-1.39475618685,19.1896335579,20.1749858954,-1.686246,2.242720,0.554010,0,0,0,0,0,0,1461746858017,9586
-1.49576365185,17.6627439163,20.1715437963,-1.254400,2.767986,0.639350,0,0,0,0,0,0,1461746858027,9596
-2.1067215234,12.1797743262,4.3259830146,-0.612765,1.974187,0.656392,0,0,0,0,0,0,1461746858037,9606
-3.94695005055,6.54358719885,1.81837953375,-0.098401,0.730818,0.599784,0,0,0,0,0,0,1461746858046,9615
-4.8726001116,3.616851771,-0.3347367777,0.019061,-0.490149,0.473336,0,0,0,0,0,0,1461746858056,9625
-4.8726001116,3.616851771,-0.3347367777,-0.040071,-1.389020,0.213230,0,0,0,0,0,0,1461746858066,9635
-3.6883807467,3.8462465886,-3.5312602026,0.473535,-0.822191,0.094822,0,0,0,0,0,0,1461746858075,9644
-1.81149533565,6.69696164085,-4.4622940596,1.283858,0.463027,-0.017550,0,0,0,0,0,0,1461746858085,9654
-2.0506084443,12.029390882,-0.3984793527,2.239530,1.456600,-0.195833,0,0,0,0,0,0,1461746858094,9663
1.9942011687,17.5033776723,0.44756113545,0.496911,-1.410976,0.245094,0,0,0,0,0,0,1461746858104,9673
0.81342390285,19.0013870241,-4.74526205985,-1.388410,-3.614413,0.237692,0,0,0,0,0,0,1461746858114,9683
-1.9126498989,19.069620999,-3.3995778492,-1.212706,-2.904166,-0.236605,0,0,0,0,0,0,1461746858124,9693
-2.32145554875,6.18341223045,-3.8158658967,0.296038,-0.487409,-0.082187,0,0,0,0,0,0,1461746858142,9711
-2.32145554875,6.18341223045,-3.8158658967,0.850196,0.172169,0.120742,0,0,0,0,0,0,1461746858152,9721
-1.9849241724,3.8336745915,-2.3608092339,1.248286,0.016363,0.125809,0,0,0,0,0,0,1461746858161,9730
-1.63986109755,4.49162545065,-3.15358054245,1.542207,-0.693008,-0.028471,0,0,0,0,0,0,1461746858171,9740
-1.6958270784,7.76462035245,-3.7856421096,1.712186,-1.368953,-0.202902,0,0,0,0,0,0,1461746858181,9750
-1.33175890965,9.75163332,-3.18111733485,1.740857,-1.723001,-0.374494,0,0,0,0,0,0,1461746858190,9759
-0.8301832968,11.3168273458,-3.13337904945,1.719110,-1.873050,-0.448022,0,0,0,0,0,0,1461746858200,9769
-0.2078400207,12.5682313848,-3.0359705883,1.770004,-1.842198,-0.447954,0,0,0,0,0,0,1461746858210,9779
0.59181548595,13.4500363608,-2.52256827615,2.007965,-1.606559,-0.409405,0,0,0,0,0,0,1461746858219,9788
1.33938840555,13.7180395657,-2.24184597585,2.391127,-1.318161,-0.326302,0,0,0,0,0,0,1461746858229,9798
1.33938840555,13.7180395657,-2.24184597585,2.774035,-1.096472,-0.176800,0,0,0,0,0,0,1461746858238,9807
2.0414883528,13.4950778449,-2.1549109101,3.057826,-0.995310,-0.023093,0,0,0,0,0,0,1461746858248,9817
2.90204253495,12.9583359438,-1.9117476963,3.164466,-1.083768,0.061179,0,0,0,0,0,0,1461746858258,9827
3.61595937495,12.1690067343,-1.7866553445,3.033450,-1.386950,0.059903,0,0,0,0,0,0,1461746858267,9836
4.102275996,11.2165749852,-1.3765061973,2.637236,-1.736644,-0.026262,0,0,0,0,0,0,1461746858277,9846
3.88650247635,9.9130883592,-0.7365111312,2.101740,-1.933955,-0.110131,0,0,0,0,0,0,1461746858286,9855
3.12216035625,8.7821381739,-0.0851404671,1.674038,-1.889117,-0.143548,0,0,0,0,0,0,1461746858296,9865
2.1269230164,8.22189977895,0.3803764614,1.461706,-1.710004,-0.140606,0,0,0,0,0,0,1461746858306,9875
1.1628214728,8.13032621505,0.44306973555,1.423990,-1.542698,-0.086478,0,0,0,0,0,0,1461746858315,9884
0.52552320795,8.1511259076,-0.0665864745,1.536988,-1.453301,0.008322,0,0,0,0,0,0,1461746858325,9894
0.52552320795,8.1511259076,-0.0665864745,1.683998,-1.552308,0.067430,0,0,0,0,0,0,1461746858335,9904
-0.09546676425,8.03635985295,-1.124811285,1.819629,-1.681238,0.052974,0,0,0,0,0,0,1461746858344,9913
-0.17627273625,7.95061137975,-1.5976635129,1.865400,-1.743762,-0.006309,0,0,0,0,0,0,1461746858354,9923
-0.21308652495,7.7276594655,-1.10775769455,1.826651,-1.905636,-0.074906,0,0,0,0,0,0,1461746858364,9933
-0.64253496255,8.12434421955,-1.08471230205,1.758237,-2.160841,-0.175394,0,0,0,0,0,0,1461746858373,9942
-0.49365192045,8.6606350194,-0.79322240985,1.649749,-2.334121,-0.324524,0,0,0,0,0,0,1461746858383,9952
-0.33129467865,8.6016780408,-0.5886675834,1.512724,-2.390971,-0.469806,0,0,0,0,0,0,1461746858392,9961
-0.33129467865,8.6016780408,-0.5886675834,1.422067,-2.501704,-0.607188,0,0,0,0,0,0,1461746858402,9971
-0.10040926545,8.44680319665,-0.33533497725,1.405342,-2.618985,-0.717673,0,0,0,0,0,0,1461746858412,9981
0.11686465635,8.4067042137,0.13916475105,1.452230,-2.676744,-0.768214,0,0,0,0,0,0,1461746858421,9990
0.15920933925,7.99430936655,0.8225538009,1.561126,-2.547995,-0.783565,0,0,0,0,0,0,1461746858431,10000
0.0100222941,7.99295606265,1.63821359715,1.710423,-2.213078,-0.805657,0,0,0,0,0,0,1461746858441,10010
-0.1262887509,8.2742765625,2.5025138814,1.800802,-1.693821,-0.861555,0,0,0,0,0,0,1461746858450,10019
-0.09591786555,8.8253850594,3.2542840044,1.754959,-1.093002,-0.949463,0,0,0,0,0,0,1461746858459,10028
0.27547579605,9.26202169815,3.49116121965,1.580709,-0.593992,-1.029095,0,0,0,0,0,0,1461746858469,10038
0.27547579605,9.26202169815,3.49116121965,1.402376,-0.503537,-1.115471,0,0,0,0,0,0,1461746858479,10048
2.70946150605,10.1659796706,2.6814834189,1.260570,-0.956731,-1.192815,0,0,0,0,0,0,1461746858488,10057
4.51392554535,10.9620361734,1.99689796995,1.060192,-1.705395,-1.220773,0,0,0,0,0,0,1461746858498,10067
5.7132568038,11.8381631569,1.44818227125,0.756306,-2.323328,-1.154897,0,0,0,0,0,0,1461746858507,10076
6.20720292075,12.514815107,1.1963402607,0.422882,-2.546434,-0.986533,0,0,0,0,0,0,1461746858517,10086
6.2474588085,12.761263515,1.52449684335,0.222247,-2.323872,-0.812970,0,0,0,0,0,0,1461746858527,10096
6.10335155625,12.5327709,2.30154825225,0.225865,-1.803863,-0.672107,0,0,0,0,0,0,1461746858536,10105
5.79046377195,12.0546819744,3.3452691753,0.361845,-1.172852,-0.580447,0,0,0,0,0,0,1461746858546,10115
5.2748255664,11.5180871715,4.8959397006,0.381586,-0.609575,-0.501338,0,0,0,0,0,0,1461746858556,10125
5.2748255664,11.5180871715,4.8959397006,0.132081,-0.267382,-0.363551,0,0,0,0,0,0,1461746858565,10134
4.73882896305,11.4260625063,6.60089667705,-0.466419,-0.206815,-0.187203,0,0,0,0,0,0,1461746858575,10144
4.91075739765,11.9940774954,7.58565081495,-1.419314,-0.285550,0.011831,0,0,0,0,0,0,1461746858584,10153
5.5262066691,13.1902706579,6.17203663245,-2.322896,-0.171597,0.305824,0,0,0,0,0,0,1461746858595,10164
4.65637549065,14.857511643,3.80359790265,-3.026520,0.687117,0.961975,0,0,0,0,0,0,1461746858613,10182
2.59872594345,14.8132252632,2.868219744,-3.430229,1.352831,1.188414,0,0,0,0,0,0,1461746858623,10192
0.4529449314,15.0493473741,2.75031559335,-3.846936,2.052257,1.353147,0,0,0,0,0,0,1461746858633,10202
-0.65675446005,15.2784381886,2.1665807046,-4.079055,2.840660,1.484337,0,0,0,0,0,0,1461746858642,10211
-0.65675446005,15.2784381886,2.1665807046,-4.008759,3.809833,1.679271,0,0,0,0,0,0,1461746858652,10221
-0.2778784008,15.6088404712,0.3152805825,-3.729952,4.843384,2.040329,0,0,0,0,0,0,1461746858661,10230
1.46418656085,15.4244871378,-2.0935611333,-3.422665,5.694835,2.440340,0,0,0,0,0,0,1461746858671,10240
2.10223993005,15.4421487344,-3.1332319512,-3.172104,6.118133,2.747932,0,0,0,0,0,0,1461746858680,10249
1.95035608365,16.0644822039,-3.8179644984,-2.903571,6.045524,2.793040,0,0,0,0,0,0,1461746858691,10260
1.13064618225,17.1536859059,-4.78146784245,-2.608935,5.554750,2.576435,0,0,0,0,0,0,1461746858700,10269
-0.9374669538,19.0335623146,-5.96434371,-2.187829,3.737607,1.525241,0,0,0,0,0,0,1461746858719,10288
-1.51716154395,19.0510670064,-5.16439400685,-2.006231,2.682415,0.914384,0,0,0,0,0,0,1461746858728,10297
-2.7043719066,19.092960588,-2.4104892162,-1.667854,0.871810,0.436475,0,0,0,0,0,0,1461746858739,10308
-2.4335346087,15.1418231406,1.02381362655,-1.725573,-1.756410,-0.024403,0,0,0,0,0,0,1461746858757,10326
-1.83842412195,11.8006040704,0.04714008585,-2.069650,-2.014584,-0.005500,0,0,0,0,0,0,1461746858767,10336
-1.4773567575,9.6058883739,-1.0954897005,-2.312279,-2.058615,0.110811,0,0,0,0,0,0,1461746858777,10346
-1.74520305765,8.46671049315,-1.66843738425,-2.433524,-1.888748,0.267271,0,0,0,0,0,0,1461746858786,10355
-1.8637152144,7.6592685858,-1.3727600952,-2.419999,-1.453302,0.433291,0,0,0,0,0,0,1461746858796,10365
-1.8637152144,7.6592685858,-1.3727600952,-2.222742,-0.683056,0.529830,0,0,0,0,0,0,1461746858805,10374
-1.88137681095,7.12178138685,-1.33534810695,-1.911441,0.277955,0.543304,0,0,0,0,0,0,1461746858815,10384
-1.9880622684,6.79302660465,-1.4623919622,-1.526182,1.136518,0.491964,0,0,0,0,0,0,1461746858825,10394
-1.6343203968,6.028086285,-1.82361623145,-1.115782,1.731789,0.488684,0,0,0,0,0,0,1461746858834,10403
-1.22880974775,5.04528365055,-2.10747662775,-0.814915,2.045370,0.517794,0,0,0,0,0,0,1461746858844,10413
-0.8171601984,4.12995988665,-2.13171841935,-0.716940,2.025037,0.582942,0,0,0,0,0,0,1461746858853,10422
-0.45444533355,2.93077572645,-2.43562340385,-0.807290,1.722498,0.657263,0,0,0,0,0,0,1461746858864,10433
-0.13677195285,2.76631988295,-3.5858826861,-0.962513,1.352249,0.681499,0,0,0,0,0,0,1461746858874,10443
0.1355657472,2.60800293975,-3.7839946092,-0.970240,1.086826,0.595509,0,0,0,0,0,0,1461746858892,10461
0.3525454725,2.3196609501,-3.86779157895,-0.805020,1.243715,0.515560,0,0,0,0,0,0,1461746858901,10470
0.28969529355,2.07635063805,-3.7247434341,-0.559585,1.457305,0.403496,0,0,0,0,0,0,1461746858911,10480
-0.11896325805,1.9074132012,-3.50971521225,-0.290094,1.608156,0.213618,0,0,0,0,0,0,1461746858921,10490
-0.67336675575,1.82675432745,-3.2676012993,-0.039489,1.709249,-0.013961,0,0,0,0,0,0,1461746858930,10499
-0.67336675575,1.82675432745,-3.2676012993,0.178013,1.835025,-0.221236,0,0,0,0,0,0,1461746858940,10509
-1.0441622178,1.6198067028,-2.9366106237,0.395280,1.885866,-0.359714,0,0,0,0,0,0,1461746858950,10519
-1.33266111225,1.27639112835,-3.0181618935,0.596248,1.885345,-0.411671,0,0,0,0,0,0,1461746858959,10528
-1.6412045949,0.89736797085,-2.8501168527,0.724904,1.887247,-0.393659,0,0,0,0,0,0,1461746858969,10538
-1.93584238965,1.1140436931,-2.40210461595,0.734831,1.941966,-0.306160,0,0,0,0,0,0,1461746858979,10548
-2.3612603352,3.9912462369,-1.0094470308,0.651598,1.956058,-0.244711,0,0,0,0,0,0,1461746858989,10558
-3.52901450265,11.3862577198,17.1506851015,0.721159,1.658154,-0.113989,0,0,0,0,0,0,1461746859007,10576
-3.52901450265,11.3862577198,17.1506851015,1.656706,0.684350,-0.117702,0,0,0,0,0,0,1461746859017,10586
-0.31438818645,17.8442533503,20.1891955863,1.112968,-0.581457,0.074298,0,0,0,0,0,0,1461746859027,10596
1.51267014405,19.1249887803,20.2177816796,-0.676951,1.747050,0.325114,0,0,0,0,0,0,1461746859036,10605
1.6656032913,19.1216937795,20.2200273795,-0.746930,3.764738,0.567767,0,0,0,0,0,0,1461746859046,10615
0.51146061525,18.638525061,11.9072895279,-0.437749,3.133757,0.716163,0,0,0,0,0,0,1461746859056,10625
-3.0248891868,8.2319318796,0.18884473335,-0.087447,-0.287510,0.587865,0,0,0,0,0,0,1461746859074,10643
-3.792977409,4.3436348046,-1.08785039805,-0.324851,-1.417810,0.553610,0,0,0,0,0,0,1461746859084,10653
-3.792977409,4.3436348046,-1.08785039805,-0.624608,-1.588161,0.457657,0,0,0,0,0,0,1461746859094,10663
-3.0840030702,4.95833877825,-3.11676675375,-0.164577,-0.278603,0.365935,0,0,0,0,0,0,1461746859103,10672
-2.4197662125,8.3779710222,-3.33374647905,0.931050,1.637608,0.221464,0,0,0,0,0,0,1461746859113,10682
0.7873875126,19.0441828083,2.8179513687,1.126905,1.300813,0.243046,0,0,0,0,0,0,1461746859123,10692
0.1837551339,19.0142532177,-4.97584347,-0.872283,-2.006563,0.377481,0,0,0,0,0,0,1461746859133,10702
-2.9140163325,11.6184964369,-8.15815720395,-1.060303,-1.702121,-0.539090,0,0,0,0,0,0,1461746859152,10721
-2.4230612133,6.1588664358,-6.90644916195,-0.680578,-1.167810,-0.474517,0,0,0,0,0,0,1461746859161,10730
-2.4230612133,6.1588664358,-6.90644916195,-0.338995,-0.797632,-0.264854,0,0,0,0,0,0,1461746859171,10740
-2.36050523085,3.85702398705,-4.7527444575,0.133367,-0.664027,-0.152756,0,0,0,0,0,0,1461746859180,10749
-2.05046134605,3.6874785441,-3.4589859291,0.744859,-0.845130,-0.218607,0,0,0,0,0,0,1461746859190,10759
-2.2445427771,5.28470076225,-3.83517499365,1.273180,-1.336202,-0.476148,0,0,0,0,0,0,1461746859199,10768
-2.6817776154,7.84287662145,-3.8866495746,1.649583,-1.716525,-0.793893,0,0,0,0,0,0,1461746859209,10778
-2.7022733049,10.3669354932,-3.2487531102,1.829795,-1.813797,-1.064200,0,0,0,0,0,0,1461746859219,10788
-2.44774429965,12.2221288157,-2.94438721785,1.964267,-1.729216,-1.203151,0,0,0,0,0,0,1461746859228,10797
-1.8964887045,13.2393524406,-2.8581974499,2.130695,-1.504596,-1.178026,0,0,0,0,0,0,1461746859238,10807
-1.16716577445,13.5722946197,-2.89515833685,2.368114,-1.223160,-0.960072,0,0,0,0,0,0,1461746859248,10817
-0.44726693895,13.4612648605,-2.96145061485,2.656858,-0.816794,-0.560902,0,0,0,0,0,0,1461746859257,10826
-0.44726693895,13.4612648605,-2.96145061485,3.031863,-0.281264,-0.088746,0,0,0,0,0,0,1461746859267,10836
0.609771279,13.2389013393,-3.061408779,3.586161,0.252333,0.309180,0,0,0,0,0,0,1461746859276,10845
2.25771297375,13.1607921685,-1.99793746425,4.212783,0.319847,0.467026,0,0,0,0,0,0,1461746859286,10855
5.8259340633,11.2563699651,0.79471300545,4.335606,-0.547750,0.370346,0,0,0,0,0,0,1461746859296,10865
6.2384760087,10.2104131486,1.05927411135,3.444491,-2.072152,0.116561,0,0,0,0,0,0,1461746859305,10874
5.49748328415,9.11268755475,0.9988167306,2.051391,-3.132569,-0.101265,0,0,0,0,0,0,1461746859315,10884
3.75227041995,8.3884444176,1.23210474855,1.038822,-3.063320,-0.111613,0,0,0,0,0,0,1461746859324,10893
2.1323166189,8.1692287989,1.1405213781,0.686644,-2.253372,-0.021840,0,0,0,0,0,0,1461746859334,10903
0.7198988355,8.17027809975,0.74428772535,0.900866,-1.406741,0.038138,0,0,0,0,0,0,1461746859344,10913
0.7198988355,8.17027809975,0.74428772535,1.361559,-0.887821,0.022623,0,0,0,0,0,0,1461746859353,10922
-0.3742375611,8.09770962975,0.26619879975,1.757076,-0.691865,-0.008373,0,0,0,0,0,0,1461746859363,10932
-0.82838869815,7.93684298355,0.08618976795,1.900783,-0.716028,-0.030470,0,0,0,0,0,0,1461746859373,10942
-1.0776810057,7.4526249642,0.2741322987,1.815409,-0.859043,-0.057632,0,0,0,0,0,0,1461746859383,10952
-1.13394118305,7.25824933665,0.73501072905,1.656668,-1.061605,-0.140963,0,0,0,0,0,0,1461746859392,10961
-1.09593099525,8.0167565595,-0.17746913535,1.370744,-1.555392,-0.395688,0,0,0,0,0,0,1461746859411,10980
-0.53793830025,8.76867378075,-0.25498010655,1.313437,-1.573974,-0.504937,0,0,0,0,0,0,1461746859420,10989
-0.53793830025,8.76867378075,-0.25498010655,1.308072,-1.595611,-0.575960,0,0,0,0,0,0,1461746859430,10999
0.3564288663,8.65195622265,-0.64582996335,1.344581,-1.715994,-0.656925,0,0,0,0,0,0,1461746859440,11009
0.561130791,8.5609808583,-0.9317791548,1.402089,-1.919819,-0.731415,0,0,0,0,0,0,1461746859449,11018
0.75999781845,8.5856737512,-0.75566332335,1.530884,-2.110111,-0.765117,0,0,0,0,0,0,1461746859459,11028
0.6920678466,8.47673278725,-0.27547579605,1.795630,-2.327803,-0.764999,0,0,0,0,0,0,1461746859469,11038
0.47898132165,8.25123117,0.789035013,2.198633,-2.518825,-0.746658,0,0,0,0,0,0,1461746859478,11047
0.22834551675,8.2751787651,2.35377793755,2.563536,-2.621730,-0.727202,0,0,0,0,0,0,1461746859488,11057
-0.0743728752,8.40520381155,4.17799236855,2.584756,-2.461598,-0.739299,0,0,0,0,0,0,1461746859498,11067
-0.2015638287,8.8617477468,5.92812812085,2.013003,-1.970282,-0.802106,0,0,0,0,0,0,1461746859508,11077
0.2548330083,9.78694670655,6.1380765498,0.173896,-0.462968,-1.021851,0,0,0,0,0,0,1461746859526,11095
1.8144863334,11.4003203125,3.8148264024,-0.258622,-0.070029,-1.111238,0,0,0,0,0,0,1461746859536,11105
3.9710447439,12.9786845351,0.98086093755,-0.142311,-0.187403,-1.146599,0,0,0,0,0,0,1461746859546,11115
6.36836376345,13.5223106343,-0.29134279395,0.745183,-0.935192,-0.915353,0,0,0,0,0,0,1461746859565,11134
6.81846479535,13.0012788262,1.16745997095,0.963033,-1.384943,-0.703718,0,0,0,0,0,0,1461746859575,11144
7.09379349315,12.6512830567,3.81766049535,0.467913,-2.850668,-0.118934,0,0,0,0,0,0,1461746859593,11162
6.7408067259,12.8010683014,7.28637452205,-0.418927,-2.737620,0.207271,0,0,0,0,0,0,1461746859603,11172
6.2820170907,13.8709629064,9.40776664425,-1.429974,-1.580859,0.552487,0,0,0,0,0,0,1461746859613,11182
5.7163948998,15.3824366514,9.09323135955,-2.058733,-0.137952,0.800623,0,0,0,0,0,0,1461746859622,11191
4.86437241615,15.866213376,7.80127723635,-2.276670,0.859658,0.863109,0,0,0,0,0,0,1461746859632,11201
3.8579163831,15.3929100468,6.89089597365,-2.705117,1.570812,0.831706,0,0,0,0,0,0,1461746859641,11210
3.8579163831,15.3929100468,6.8908861671,-3.471055,1.907308,0.824165,0,0,0,0,0,0,1461746859651,11220
2.10208302525,14.7457365861,5.69979241065,-4.216264,2.114784,0.879780,0,0,0,0,0,0,1461746859661,11230
0.11372656035,14.1244524174,4.82277303105,-4.667320,2.924564,1.020991,0,0,0,0,0,0,1461746859670,11239
-1.58060992245,13.8036311342,4.79717793555,-4.492231,4.412844,1.321479,0,0,0,0,0,0,1461746859680,11249
-0.50651811405,13.7274636603,0.54033109845,-3.982989,5.832016,1.807187,0,0,0,0,0,0,1461746859690,11259
2.02472895885,14.0856969318,-2.95291891635,-3.603098,6.795165,2.323558,0,0,0,0,0,0,1461746859699,11268
3.4004800518,14.667176314,-3.20131882785,-3.365618,7.187695,2.614740,0,0,0,0,0,0,1461746859709,11278
2.8210894647,15.4991542095,-3.56492608875,-3.223234,7.108451,2.635561,0,0,0,0,0,0,1461746859718,11287
2.11300752195,16.7088117651,-4.4401508697,-3.051509,6.633632,2.429680,0,0,0,0,0,0,1461746859728,11297
1.40493538575,18.2880683836,-5.0647300392,-2.853345,5.790538,2.037159,0,0,0,0,0,0,1461746859738,11307
1.40493538575,18.2880683836,-5.0647300392,-2.640667,4.692435,1.510188,0,0,0,0,0,0,1461746859747,11316
0.3230669832,19.0070748231,-5.7051762066,-2.313319,3.256148,0.836209,0,0,0,0,0,0,1461746859757,11326
-0.78543600915,19.0310126116,-5.84673375585,-1.614147,0.835872,0.286734,0,0,0,0,0,0,1461746859766,11335
-2.63508863085,19.0823400943,-4.0262556204,-1.068997,-1.678394,-0.106395,0,0,0,0,0,0,1461746859776,11345
-3.0319302897,19.102090486,-2.0688682404,-1.047315,-3.366307,-0.284468,0,0,0,0,0,0,1461746859786,11355
-2.71663990065,14.8055957673,-1.14576788235,-1.367368,-4.201640,-0.338827,0,0,0,0,0,0,1461746859796,11365
-2.14099541565,11.0732228373,0.4073052477,-1.841627,-4.132461,-0.200287,0,0,0,0,0,0,1461746859805,11374
-1.9373427918,8.46790689225,1.1575847751,-2.240021,-3.419260,0.088749,0,0,0,0,0,0,1461746859815,11384
-2.18049619905,7.02646172085,0.6904203462,-2.407346,-2.469556,0.369163,0,0,0,0,0,0,1461746859825,11394
-2.18049619905,7.02646172085,0.6904203462,-2.381588,-1.388585,0.594069,0,0,0,0,0,0,1461746859834,11403
-2.2662348657,5.4765266868,-0.0342640857,-2.198691,-0.269565,0.755216,0,0,0,0,0,0,1461746859843,11412
-1.8448670253,5.22694018275,-0.75970362195,-1.863038,0.679796,0.769688,0,0,0,0,0,0,1461746859853,11422
-1.6715852868,4.89938179965,-1.27699913445,-1.493958,1.442662,0.673939,0,0,0,0,0,0,1461746859863,11432
-1.5261345372,4.1931042621,-2.0938553298,-1.157426,1.932130,0.556853,0,0,0,0,0,0,1461746859872,11441
-1.21519825635,3.32282198235,-2.85999204855,-0.834870,2.240412,0.469001,0,0,0,0,0,0,1461746859882,11451
-0.48870941925,2.5498010655,-3.1872464286,-0.592339,2.388606,0.448213,0,0,0,0,0,0,1461746859891,11460
0.1373701524,1.9587406839,-3.42890924025,-0.578638,2.178407,0.525464,0,0,0,0,0,0,1461746859901,11470
0.1373701524,1.9587406839,-3.42890924025,-0.654934,1.705323,0.614080,0,0,0,0,0,0,1461746859910,11479
0.2495963106,2.1900771984,-3.7827982101,-0.687246,1.296824,0.639784,0,0,0,0,0,0,1461746859920,11489
0.2495963106,2.1900771984,-3.7827982101,-0.609059,1.100124,0.559053,0,0,0,0,0,0,1461746859930,11499
0.0472871841,2.29795905495,-3.8628588843,-0.353839,1.108712,0.411245,0,0,0,0,0,0,1461746859939,11508
-0.27563270085,2.1273741177,-3.64647735855,-0.012823,1.281147,0.229932,0,0,0,0,0,0,1461746859949,11518
-0.71855533815,1.7793200451,-3.48980791575,0.324364,1.513532,0.036840,0,0,0,0,0,0,1461746859959,11528
-1.14127648245,1.355853603,-3.26535559935,0.559286,1.738513,-0.130964,0,0,0,0,0,0,1461746859969,11538
-1.5746181204,0.99837543585,-3.09940916025,0.696108,1.826681,-0.262434,0,0,0,0,0,0,1461746859978,11547
-1.9494636876,0.7405514298,-3.39389985675,0.767093,1.768007,-0.288256,0,0,0,0,0,0,1461746859988,11557
-1.9024707,1.09114539885,-2.99810749875,0.784282,1.760594,-0.162926,0,0,0,0,0,0,1461746859998,11567
-1.9868658693,2.03265265125,-2.0455286514,0.560211,1.727822,0.050326,0,0,0,0,0,0,1461746860016,11585
-2.5433679687,7.3327693101,5.07356574075,-0.142097,1.208764,0.039718,0,0,0,0,0,0,1461746860026,11595
-4.2373906419,13.2197491471,19.7983457295,-0.376539,0.604287,-0.063596,0,0,0,0,0,0,1461746860036,11605
-2.09296293375,19.2051965527,20.1646595982,0.614983,-0.600117,-0.089886,0,0,0,0,0,0,1461746860045,11614
0.24046641255,19.1532708705,20.1990707822,0.096971,-0.499799,0.173450,0,0,0,0,0,0,1461746860055,11624
1.6464412926,19.1219977826,20.2198704747,-1.166770,1.822700,0.573149,0,0,0,0,0,0,1461746860064,11633
1.76660094975,18.1315558456,15.7263033271,-1.061063,3.375260,0.851052,0,0,0,0,0,0,1461746860074,11643
1.1236148859,13.3551677961,6.299531589,-0.435896,3.042310,0.974890,0,0,0,0,0,0,1461746860084,11653
1.1236148859,13.3551677961,6.299531589,0.076863,1.718239,1.008147,0,0,0,0,0,0,1461746860093,11662
-0.6697677519,8.42436581025,1.850103723,0.318253,0.405188,0.936026,0,0,0,0,0,0,1461746860103,11672
-2.9838978078,4.88202420615,0.5123530113,0.347797,-0.517873,0.693859,0,0,0,0,0,0,1461746860112,11681
-4.33285740615,4.37745759555,-0.55694339415,0.213112,-0.769932,0.383751,0,0,0,0,0,0,1461746860122,11691
-3.7630478184,5.83086675795,-1.7110860702,0.312623,-0.207647,0.231341,0,0,0,0,0,0,1461746860132,11701
-2.48575448745,8.82029545995,-2.1504195102,0.859209,0.914063,0.353416,0,0,0,0,0,0,1461746860141,11710
-1.04266181565,13.4982257475,1.3021333221,1.865890,1.715972,0.567990,0,0,0,0,0,0,1461746860151,11720
2.3907388245,19.0111151217,3.3035128854,1.439775,-0.287650,0.914442,0,0,0,0,0,0,1461746860160,11729
2.3907388245,19.0111151217,3.3035128854,-1.270068,-2.584321,0.741219,0,0,0,0,0,0,1461746860170,11739
-1.88586821085,19.0853310921,-0.4930537209,-2.064391,-2.821943,-0.173016,0,0,0,0,0,0,1461746860180,11749
-4.00396533225,13.7048693691,-9.04759167585,-1.614438,-2.809269,-0.781491,0,0,0,0,0,0,1461746860189,11758
-4.4410530723,7.57547161605,-9.76390131405,-0.920398,-2.668409,-1.014607,0,0,0,0,0,0,1461746860199,11768
-4.5879944175,3.6032402796,-6.7011490377,-0.373467,-2.181061,-0.865631,0,0,0,0,0,0,1461746860208,11777
-4.25220833895,0.670964151,1.9704104784,0.883135,-0.266980,-0.507713,0,0,0,0,0,0,1461746860218,11787
-3.558796995,2.06093474145,-1.5681850236,1.911310,0.311851,-0.408653,0,0,0,0,0,0,1461746860228,11797
-3.217921317,4.8797785062,-4.2252697461,2.263207,-0.510477,-0.600440,0,0,0,0,0,0,1461746860238,11807
-3.1505895447,7.3727211948,-3.74014952415,2.288500,-1.648037,-1.078426,0,0,0,0,0,0,1461746860257,11826
-3.0536223783,9.90127146645,-3.5143537104,2.085158,-1.818209,-1.222077,0,0,0,0,0,0,1461746860266,11835
-2.5307959716,13.2017933541,-3.64692845985,1.943599,-1.777413,-1.176208,0,0,0,0,0,0,1461746860276,11845
-0.70074664335,13.9255853899,-3.65740185525,1.989193,-1.549827,-0.950400,0,0,0,0,0,0,1461746860286,11855
1.15414267605,14.3373820376,-3.60083767485,2.524945,-0.624698,-0.023938,0,0,0,0,0,0,1461746860305,11874
1.15414267605,14.3373820376,-3.6008474814,2.785719,0.019407,0.387802,0,0,0,0,0,0,1461746860314,11883
2.0546487429,14.2420623716,-3.5683681878,2.998054,0.514814,0.578303,0,0,0,0,0,0,1461746860324,11893
3.28810679535,13.2420492418,-1.92491789295,3.506880,0.396147,0.404281,0,0,0,0,0,0,1461746860334,11903
5.64471882585,10.728757962,3.65904935565,3.601571,-1.109273,-0.026963,0,0,0,0,0,0,1461746860343,11912
5.95117351335,9.2238644121,4.1236738881,2.666281,-2.864078,-0.387310,0,0,0,0,0,0,1461746860354,11923
2.89874753415,9.32621537445,0.10429265925,0.707816,-3.088558,-0.332681,0,0,0,0,0,0,1461746860372,11941
1.9569362787,8.7697230816,-0.2180192196,0.561897,-2.142786,-0.136907,0,0,0,0,0,0,1461746860381,11950
1.03054091985,8.5757887488,0.2201178213,0.951265,-1.117401,-0.051085,0,0,0,0,0,0,1461746860392,11961
0.2729358996,8.187488595,0.3625677666,1.525479,-0.447253,-0.066829,0,0,0,0,0,0,1461746860402,11971
0.2729358996,8.187488595,0.3625677666,1.932325,-0.290233,-0.121897,0,0,0,0,0,0,1461746860411,11980
-0.2035055256,7.35596180085,-0.00150040215,2.094664,-0.552446,-0.201252,0,0,0,0,0,0,1461746860420,11989
-0.1506874473,7.32318831075,-0.6164985723,2.013000,-1.130139,-0.278959,0,0,0,0,0,0,1461746860430,11999
-0.06030047595,7.7521954536,-1.1728437669,1.752019,-1.863949,-0.333793,0,0,0,0,0,0,1461746860439,12008
0.18509863125,8.28579925875,-1.01453663025,1.466990,-2.412996,-0.379117,0,0,0,0,0,0,1461746860449,12018
0.38217106005,8.35836772875,-0.7230369315,1.268893,-2.629504,-0.400270,0,0,0,0,0,0,1461746860458,12027
0.6516648606,8.2210073829,-0.55545279855,1.219568,-2.700488,-0.419404,0,0,0,0,0,0,1461746860468,12037
0.6516648606,8.2210073829,-0.55545279855,1.302937,-2.782729,-0.459202,0,0,0,0,0,0,1461746860478,12047
0.69460774305,8.3260551465,-0.179263734,1.536591,-2.937557,-0.552700,0,0,0,0,0,0,1461746860487,12056
0.6322086654,8.3311349394,0.51220591305,1.870688,-3.078703,-0.604314,0,0,0,0,0,0,1461746860497,12066
0.34147387755,8.5988341413,1.595721816,2.133700,-3.074278,-0.666471,0,0,0,0,0,0,1461746860506,12075
0.03935368515,8.8120677645,3.09268186695,2.274978,-2.803098,-0.710313,0,0,0,0,0,0,1461746860516,12085
-0.10833295785,8.97457210455,4.5630073281,2.146672,-2.232126,-0.801832,0,0,0,0,0,0,1461746860526,12095
0.017063397,9.0802180677,5.41173481095,1.694118,-1.392152,-0.927439,0,0,0,0,0,0,1461746860536,12105
0.36271486485,9.5153543043,5.23456967865,1.051665,-0.493028,-1.048988,0,0,0,0,0,0,1461746860546,12115
1.7227558647,10.7345928593,2.56161795825,0.405351,0.464058,-1.319012,0,0,0,0,0,0,1461746860564,12133
3.12200345145,11.6371975278,0.7166038347,0.423702,0.370527,-1.423213,0,0,0,0,0,0,1461746860574,12143
4.1907114639,12.2278068081,-0.7582032198,0.418254,0.231609,-1.419670,0,0,0,0,0,0,1461746860584,12153
4.9481693859,12.2560888983,-1.1414235807,0.659844,-0.372524,-1.056941,0,0,0,0,0,0,1461746860602,12171
5.36819372895,11.9969213949,-0.26949380055,0.958230,-1.337732,-0.882172,0,0,0,0,0,0,1461746860612,12181
5.92977562125,11.9845063026,1.4611955631,0.998802,-2.588846,-0.670584,0,0,0,0,0,0,1461746860622,12191
5.92977562125,11.9845063026,1.4611955631,0.556140,-3.629696,-0.343785,0,0,0,0,0,0,1461746860631,12200
6.5159033082,12.2792813891,4.21255065075,-0.262139,-3.801799,0.080976,0,0,0,0,0,0,1461746860642,12211
6.579802788,14.4371832969,8.88344964195,-1.575387,-1.506241,0.741568,0,0,0,0,0,0,1461746860660,12229
6.06594937455,15.2111064164,10.2240344466,-1.919684,-0.014763,0.811105,0,0,0,0,0,0,1461746860670,12239
5.5113987786,14.9094373252,9.77288411385,-2.523858,1.174117,0.883747,0,0,0,0,0,0,1461746860679,12248
4.30233942255,14.8151669601,6.6369553614,-3.290854,2.151331,0.928895,0,0,0,0,0,0,1461746860689,12258
2.86567984755,15.1383810415,4.6916888772,-3.870425,2.822163,0.969894,0,0,0,0,0,0,1461746860699,12268
1.1486019753,14.7572592823,3.9536871504,-4.201587,3.414893,1.138050,0,0,0,0,0,0,1461746860709,12278
-0.32201768235,14.3539943333,3.59456148285,-4.215706,4.643028,1.397003,0,0,0,0,0,0,1461746860719,12288
0.41778844965,13.9415896796,0.2850567954,-3.935313,6.127411,1.749108,0,0,0,0,0,0,1461746860728,12297
2.6299990314,14.0053420611,-3.08864156835,-3.663674,7.216831,2.206462,0,0,0,0,0,0,1461746860738,12307
2.6299990314,14.0053420611,-3.08864156835,-3.485665,7.709597,2.574786,0,0,0,0,0,0,1461746860748,12317
2.71469820375,15.5488341918,-3.54727429875,-3.220574,7.352036,2.611956,0,0,0,0,0,0,1461746860766,12335
2.0248760571,16.7866267394,-4.3835866893,-3.013718,6.609431,2.283813,0,0,0,0,0,0,1461746860775,12344
0.97982144325,18.6718869441,-5.6284105332,-2.827244,5.407579,1.752158,0,0,0,0,0,0,1461746860785,12354
-0.3230669832,19.018146418,-6.28232109375,-2.641090,3.954342,1.113501,0,0,0,0,0,0,1461746860795,12364
-1.13917788075,19.0387990124,-5.84224235595,-2.377341,2.603686,0.439496,0,0,0,0,0,0,1461746860805,12374
-1.13917788075,19.0387990124,-5.84224235595,-1.832006,0.852491,-0.113381,0,0,0,0,0,0,1461746860814,12383
-3.0503273775,18.0049630917,-4.22602485045,-1.210977,-1.161752,-0.419648,0,0,0,0,0,0,1461746860824,12393
-3.0503273775,18.0049630917,-4.22602485045,-0.909717,-2.794734,-0.494177,0,0,0,0,0,0,1461746860834,12403
-1.97026338015,10.3802527881,-1.33266111225,-1.302858,-4.376900,0.025505,0,0,0,0,0,0,1461746860852,12421
-1.9792363734,8.0484709422,0.2617172064,-1.754590,-4.164744,0.433813,0,0,0,0,0,0,1461746860862,12431
-2.4701914926,6.9329366535,1.36931799615,-2.096042,-3.297773,0.799968,0,0,0,0,0,0,1461746860872,12441
-2.64811172925,6.4790895195,2.23227478305,-2.131492,-2.010272,0.962734,0,0,0,0,0,0,1461746860881,12450
-2.7980440722,6.45230783145,1.8738944133,-1.889363,-0.534047,0.963313,0,0,0,0,0,0,1461746860891,12460
-2.0911683351,5.5351894689,-0.63774936615,-1.507354,0.743625,0.917623,0,0,0,0,0,0,1461746860900,12469
-2.0911683351,5.5351894689,-0.63774936615,-1.102608,1.626893,0.847806,0,0,0,0,0,0,1461746860910,12479
-1.71707787225,4.926614589,-1.6627593918,-0.795712,2.142356,0.770902,0,0,0,0,0,0,1461746860920,12489
-1.2855210264,4.21435505595,-2.3886402228,-0.631009,2.331281,0.733535,0,0,0,0,0,0,1461746860930,12499
-0.42422154645,2.6894071113,-3.2725438005,-0.742148,1.858928,0.775119,0,0,0,0,0,0,1461746860948,12517
-0.0544655787,2.46270909495,-3.49833961425,-0.783703,1.629245,0.787832,0,0,0,0,0,0,1461746860958,12527
0.2244523164,2.4366727047,-3.67730915175,-0.712540,1.531729,0.762846,0,0,0,0,0,0,1461746860968,12537
0.40970785245,2.318464551,-3.8381659914,-0.571528,1.568751,0.737675,0,0,0,0,0,0,1461746860977,12546
0.39099695505,2.27222666775,-3.7328240313,-0.377849,1.673797,0.627219,0,0,0,0,0,0,1461746860987,12556
0.39099695505,2.27222666775,-3.7328240313,-0.154367,1.782068,0.440854,0,0,0,0,0,0,1461746860997,12566
0.1219542558,2.2792579641,-3.5538544938,0.085464,1.891210,0.189805,0,0,0,0,0,0,1461746861006,12575
-0.2983740903,2.2045908924,-3.38685875385,0.275477,1.909758,-0.012242,0,0,0,0,0,0,1461746861016,12585
-0.6193424718,1.95814248435,-3.19951442265,0.418376,1.940459,-0.112039,0,0,0,0,0,0,1461746861025,12594
-1.19409456075,2.2203009855,-2.48575448745,0.536191,2.014992,-0.145398,0,0,0,0,0,0,1461746861035,12604
-1.6268478057,3.12828945,-2.2024922907,0.687895,2.067487,-0.150580,0,0,0,0,0,0,1461746861045,12614
-1.8782289084,4.3645815954,-1.49246865105,0.852135,2.056417,-0.165188,0,0,0,0,0,0,1461746861054,12623
-2.13440541405,6.16754523255,0.8632509834,0.916979,1.909756,-0.134744,0,0,0,0,0,0,1461746861064,12633
-2.13440541405,6.16754523255,0.8632509834,0.697164,1.552230,-0.096382,0,0,0,0,0,0,1461746861073,12642
-2.9773078062,9.7007569386,6.5230817028,0.696856,0.916304,-0.134105,0,0,0,0,0,0,1461746861083,12652
-4.7636689542,15.366275457,20.0916400269,1.252563,0.067873,-0.128386,0,0,0,0,0,0,1461746861093,12662
-2.55204676545,19.2153659451,20.1579224983,0.301937,-0.235692,0.072009,0,0,0,0,0,0,1461746861103,12672
0.6901261497,19.1432387698,20.2056607837,-1.557034,3.368630,0.725442,0,0,0,0,0,0,1461746861122,12691
0.740394525,15.6212555635,11.6761001116,-1.100191,3.419830,0.850422,0,0,0,0,0,0,1461746861131,12700
0.740394525,15.6212555635,11.6761001116,-0.547915,2.336895,0.818911,0,0,0,0,0,0,1461746861141,12710
-0.59540468325,10.6482559931,4.8467108196,-0.029897,0.782929,0.791336,0,0,0,0,0,0,1461746861150,12719
-3.36022416405,2.76182848305,-2.04567574965,0.323169,-0.804905,0.744354,0,0,0,0,0,0,1461746861161,12730
-2.2654895679,2.55967626135,-3.46362442725,0.593789,-1.830382,0.506117,0,0,0,0,0,0,1461746861179,12748
-1.7826150459,5.13326801715,-3.7998616071,0.761714,-1.202643,0.417418,0,0,0,0,0,0,1461746861189,12758
-1.9675665789,9.1044598593,-3.25892250255,1.416351,-0.302612,0.391253,0,0,0,0,0,0,1461746861198,12767
-2.30649075345,16.0891750968,0.4780889256,2.874500,1.182774,0.158444,0,0,0,0,0,0,1461746861208,12777
-2.30649075345,16.0891750968,0.4780889256,3.361375,1.380027,-0.322788,0,0,0,0,0,0,1461746861218,12787
-1.5596533251,19.0552544033,-4.58769041445,-1.308704,-2.513266,0.243858,0,0,0,0,0,0,1461746861227,12796
0.94226235675,19.0685716981,7.82432262885,-3.060211,-4.281671,-0.160992,0,0,0,0,0,0,1461746861237,12806
-3.2055062247,19.1291761772,2.0853236313,-1.395892,-3.425441,-0.846248,0,0,0,0,0,0,1461746861247,12816
-5.0482746483,10.907717693,-7.0453197165,0.502202,-1.921869,-0.949368,0,0,0,0,0,0,1461746861266,12835
-4.31834371215,6.31149558,-5.73150679335,0.608668,-1.769162,-0.694830,0,0,0,0,0,0,1461746861275,12844
-3.1962292284,4.40558278095,-4.5143668401,0.847165,-1.891770,-0.520874,0,0,0,0,0,0,1461746861285,12854
-2.58960585195,5.72746649475,-3.7242923328,1.177780,-2.247774,-0.472834,0,0,0,0,0,0,1461746861295,12864
-2.58960585195,5.72746649475,-3.7242923328,1.499017,-2.578246,-0.479151,0,0,0,0,0,0,1461746861304,12873
-1.6430090001,7.3327693101,-3.1885997325,1.762729,-2.566422,-0.485321,0,0,0,0,0,0,1461746861314,12883
-1.04909491245,8.55679346145,-3.0245949903,1.996050,-2.167022,-0.421425,0,0,0,0,0,0,1461746861323,12892
-0.45160143405,9.73173583005,-3.2067026238,2.298573,-1.554023,-0.325820,0,0,0,0,0,0,1461746861333,12902
0.0484835832,10.5499453293,-3.4197793422,2.670677,-0.744114,-0.233471,0,0,0,0,0,0,1461746861343,12912
0.34745587305,11.3358324397,-3.46242802815,2.914551,0.053042,-0.202737,0,0,0,0,0,0,1461746861352,12921
0.7218405324,12.2321511097,-3.70588543845,3.006680,0.693635,-0.246191,0,0,0,0,0,0,1461746861362,12931
1.28253002865,12.8706457737,-3.792977409,2.924044,1.204494,-0.387042,0,0,0,0,0,0,1461746861372,12941
2.2303232796,12.839519784,-3.87542107485,2.725217,1.615906,-0.528351,0,0,0,0,0,0,1461746861382,12951
3.01905428955,11.7176994967,-3.8362242945,2.879576,0.097112,-0.682954,0,0,0,0,0,0,1461746861401,12970
5.35397423145,8.81550986355,-2.10178882875,3.576301,-4.896042,-0.942525,0,0,0,0,0,0,1461746861410,12979
6.31105428525,7.33081780665,-0.4728522279,3.142018,-7.635472,-0.796308,0,0,0,0,0,0,1461746861420,12989
6.23623030875,7.7619235512,2.04732325005,2.109237,-7.260883,-0.318771,0,0,0,0,0,0,1461746861429,12998
2.7269661978,8.9009543337,2.69000531085,1.208736,-5.387972,0.202373,0,0,0,0,0,0,1461746861439,13008
1.7773783482,9.49022011665,1.32936611145,0.712745,-3.814394,0.343112,0,0,0,0,0,0,1461746861449,13018
1.7773783482,9.49022011665,1.32936611145,0.645585,-2.936307,0.178695,0,0,0,0,0,0,1461746861458,13027
1.3416341055,9.1180713507,0.56218009185,0.882462,-2.431725,-0.088078,0,0,0,0,0,0,1461746861467,13036
0.88359957465,8.6280184341,0.5546976942,1.205940,-2.016124,-0.342550,0,0,0,0,0,0,1461746861477,13046
0.41449344885,7.658523288,0.87387147705,1.450689,-1.649525,-0.459220,0,0,0,0,0,0,1461746861487,13056
0.1405082484,7.1069636898,0.7344125295,1.517802,-1.436173,-0.467262,0,0,0,0,0,0,1461746861496,13065
-0.05476958175,7.44888866865,0.3085532892,1.511607,-1.433775,-0.454781,0,0,0,0,0,0,1461746861506,13075
-0.14469564525,8.08303903095,0.2793689964,1.474906,-1.562518,-0.496948,0,0,0,0,0,0,1461746861516,13085
-0.2778784008,8.3065989513,0.87402838185,1.428995,-1.764409,-0.558473,0,0,0,0,0,0,1461746861526,13095
-0.4441190364,8.6081111376,1.8342367251,1.310089,-1.720518,-0.604621,0,0,0,0,0,0,1461746861544,13113
-0.4465118346,8.97008070465,2.402408619,1.256257,-1.304314,-0.650934,0,0,0,0,0,0,1461746861554,13123
-0.19512092535,9.2573832,2.4739375947,1.195946,-0.714204,-0.746337,0,0,0,0,0,0,1461746861564,13133
0.6269719677,9.601396974,1.4376990693,1.247260,0.135042,-1.105484,0,0,0,0,0,0,1461746861583,13152
1.04909491245,9.58195058535,1.318588713,1.257801,0.210797,-1.242663,0,0,0,0,0,0,1461746861592,13161
1.60230201105,9.61695996885,1.38473389275,1.152383,-0.028955,-1.288133,0,0,0,0,0,0,1461746861602,13171
2.39014062495,9.9104013645,1.2907577241,0.919139,-0.550440,-1.293667,0,0,0,0,0,0,1461746861612,13181
3.47290142355,10.8372478246,0.8556214875,0.613769,-1.143553,-1.210128,0,0,0,0,0,0,1461746861621,13190
3.47290142355,10.8372478246,0.8556214875,0.325649,-1.434687,-1.037778,0,0,0,0,0,0,1461746861631,13200
4.2561015393,11.940063018,0.33937527585,0.214510,-1.428135,-0.835864,0,0,0,0,0,0,1461746861640,13209
4.60026241155,12.422633537,0.2391229152,0.401720,-1.480416,-0.672097,0,0,0,0,0,0,1461746861650,13219
4.8464166231,12.4561523248,0.47374462395,0.695942,-1.746625,-0.539685,0,0,0,0,0,0,1461746861660,13229
4.87753280625,12.3959989471,1.66739788995,0.802089,-2.117192,-0.383815,0,0,0,0,0,0,1461746861670,13239
4.6873543821,12.506881608,3.8588185857,0.596988,-2.514968,-0.196847,0,0,0,0,0,0,1461746861679,13248
4.33540710915,12.8324884876,6.6543129549,0.011778,-2.707397,-0.013275,0,0,0,0,0,0,1461746861688,13257
4.33540710915,12.8324884876,6.6543129549,-0.824967,-2.371354,0.158457,0,0,0,0,0,0,1461746861698,13267
4.4558609628,13.5118372389,10.5061002442,-1.748274,-1.460078,0.327952,0,0,0,0,0,0,1461746861708,13277
4.73986845735,13.9255853899,9.6639431499,-2.514769,-0.302006,0.498002,0,0,0,0,0,0,1461746861717,13286
4.50898304415,13.9634386729,7.06237330695,-3.074983,0.473075,0.633184,0,0,0,0,0,0,1461746861727,13296
3.5736048855,14.1795161957,4.82591112705,-3.595481,0.781442,0.646483,0,0,0,0,0,0,1461746861737,13306
2.2735701651,13.4433090675,3.00618809595,-4.046222,1.084780,0.747596,0,0,0,0,0,0,1461746861746,13315
1.30437902205,13.3297296054,2.48171418885,-4.270957,1.699159,1.105549,0,0,0,0,0,0,1461746861756,13325
1.30437902205,13.3297296054,2.48171418885,-4.160996,3.046483,1.709305,0,0,0,0,0,0,1461746861766,13335
1.28537392815,13.8037782324,1.06735470855,-3.834817,4.758320,2.264850,0,0,0,0,0,0,1461746861776,13345
2.77979408265,14.834172054,-1.12227138855,-3.577589,6.147600,2.678201,0,0,0,0,0,0,1461746861786,13355
3.8909840697,15.1071079536,-3.58812838605,-3.254436,6.779994,3.049745,0,0,0,0,0,0,1461746861804,13373
3.4468650333,15.4449828273,-4.0081527291,-3.042484,6.295561,2.976511,0,0,0,0,0,0,1461746861814,13383
2.7131978016,16.1979591559,-3.93153415395,-2.606781,5.194739,2.802509,0,0,0,0,0,0,1461746861823,13392
1.1502494757,19.0069277249,-2.39208232185,-1.761284,3.022236,2.625165,0,0,0,0,0,0,1461746861833,13402
-0.4982904186,19.0467227047,-1.8872117082,-1.149760,0.993717,2.301401,0,0,0,0,0,0,1461746861843,13412
-0.4982904186,19.0467227047,-1.8872117082,-1.076934,-0.233724,1.715378,0,0,0,0,0,0,1461746861852,13421
-2.69734061025,19.102090486,-0.73591293165,-1.368158,-0.775173,0.971871,0,0,0,0,0,0,1461746861861,13430
-3.91986435945,19.1354621757,0.34296447315,-1.812580,-0.994124,0.341853,0,0,0,0,0,0,1461746861871,13440
-4.3298664084,19.1435427729,0.1635536409,-2.106936,-1.055362,-0.018882,0,0,0,0,0,0,1461746861881,13450
-4.00351423095,15.2260712116,-0.2789178951,-2.280367,-0.920325,-0.134637,0,0,0,0,0,0,1461746861890,13459
-3.318928782,11.5460652586,-0.754319826,-2.386550,-0.643938,-0.092691,0,0,0,0,0,0,1461746861900,13469
-3.318928782,11.5460652586,-0.754319826,-2.422939,-0.223924,0.092056,0,0,0,0,0,0,1461746861909,13478
-2.56805105505,8.7059805066,-0.95842355115,-2.300365,0.198187,0.303362,0,0,0,0,0,0,1461746861919,13488
-2.26039996845,7.1183392878,-1.79323553955,-2.095456,0.527368,0.459854,0,0,0,0,0,0,1461746861929,13498
-2.19755959605,6.07687387125,-2.09176653465,-1.800907,0.899754,0.484641,0,0,0,0,0,0,1461746861939,13508
-2.3693409324,5.25806617245,-2.3744207253,-1.522900,1.322191,0.426787,0,0,0,0,0,0,1461746861948,13517
-1.92701649465,4.16422397235,-2.09984713185,-1.315912,1.600666,0.369024,0,0,0,0,0,0,1461746861958,13527
-1.6166686068,3.5897660799,-2.3171112471,-1.094374,1.828778,0.342966,0,0,0,0,0,0,1461746861967,13536
-1.45041816465,3.0374611839,-2.5270498695,-0.905952,2.031127,0.366505,0,0,0,0,0,0,1461746861977,13546
-1.5617519268,2.5286973699,-2.8085174676,-0.854783,2.055926,0.337930,0,0,0,0,0,0,1461746861986,13555
-1.5617519268,2.5286973699,-2.8085174676,-0.913600,1.829014,0.236447,0,0,0,0,0,0,1461746861996,13565
-1.60634230965,2.16717890415,-3.4929558183,-0.963019,1.669253,0.135620,0,0,0,0,0,0,1461746862006,13575
-0.9464497536,1.7365242609,-3.5990430762,-1.020908,1.627602,0.106897,0,0,0,0,0,0,1461746862015,13584
-0.5330056056,1.595721816,-3.51614830905,-0.977530,1.638626,0.144070,0,0,0,0,0,0,1461746862025,13594
-0.26829740145,1.70376057735,-3.40631494905,-0.812858,1.690286,0.186030,0,0,0,0,0,0,1461746862034,13603
-0.29777589075,1.77019014705,-3.4549456305,-0.528941,1.758842,0.201476,0,0,0,0,0,0,1461746862044,13613
-0.4441190364,1.86835371255,-3.3605281671,-0.187482,1.826208,0.168162,0,0,0,0,0,0,1461746862054,13623
-0.6844383507,1.80939673395,-3.0370100826,0.122516,1.880421,0.126170,0,0,0,0,0,0,1461746862063,13632
-0.6844383507,1.80939673395,-3.0370100826,0.437033,1.974788,0.101972,0,0,0,0,0,0,1461746862073,13642
-1.05643021185,1.61277540645,-2.56147086,0.717814,2.151766,0.139692,0,0,0,0,0,0,1461746862082,13651
-1.35241150395,2.00497856715,-1.10281519335,0.979646,2.396032,0.224184,0,0,0,0,0,0,1461746862092,13661
-2.11944061875,3.5845293822,-0.17866553445,1.233996,2.494057,0.269907,0,0,0,0,0,0,1461746862102,13671
-2.4495388983,6.03288168795,2.55204676545,1.338007,2.329791,0.277605,0,0,0,0,0,0,1461746862111,13680
-3.6047308752,10.7582364513,10.8745029081,1.497640,1.663612,0.170425,0,0,0,0,0,0,1461746862121,13690
-3.63855366615,17.7199062963,20.139819607,1.859992,0.124567,0.005868,0,0,0,0,0,0,1461746862131,13700
-3.63855366615,17.7199062963,20.139819607,0.902200,-1.330870,0.119683,0,0,0,0,0,0,1461746862140,13709
-3.0875922675,19.2273397426,20.1499889994,-0.857975,0.430138,0.333342,0,0,0,0,0,0,1461746862150,13719
-2.66695991835,19.2179156481,20.1561278997,-1.332228,2.303628,0.607577,0,0,0,0,0,0,1461746862159,13728
-2.21895748815,19.1870838549,16.4194204746,-1.240111,2.800742,0.786274,0,0,0,0,0,0,1461746862169,13738
-2.40345791985,13.8996960979,8.6057183394,-0.887840,2.214173,0.845458,0,0,0,0,0,0,1461746862179,13748
-3.77906191455,8.26036106805,3.94979395005,-0.440443,0.863793,0.862616,0,0,0,0,0,0,1461746862189,13758
-5.10333842655,1.95963307995,-0.53270160255,0.297884,-1.538712,0.697067,0,0,0,0,0,0,1461746862207,13776
-5.10333842655,1.95963307995,-0.53270160255,0.819473,-0.441788,0.630145,0,0,0,0,0,0,1461746862217,13786
-1.6078427118,8.4535402965,-3.46617413025,1.324433,1.034629,0.450485,0,0,0,0,0,0,1461746862227,13796
-0.89856436995,14.8256403555,1.2481188447,1.483494,1.162211,0.396352,0,0,0,0,0,0,1461746862236,13805
3.80091090795,18.9693686384,1.43829726885,-0.776809,-2.551346,0.735344,0,0,0,0,0,0,1461746862246,13815
0.1854026343,19.0423882096,0.08589557145,-2.054889,-3.796978,-0.037920,0,0,0,0,0,0,1461746862256,13825
-3.5216890098,19.0925192932,-5.76188748525,-1.595542,-2.881708,-1.106658,0,0,0,0,0,0,1461746862265,13834
-4.2351547485,12.9073124641,-9.0999684594,-0.862910,-2.071970,-1.533008,0,0,0,0,0,0,1461746862275,13844
-4.0488499116,6.8240054961,-7.51696573875,-0.368461,-1.529569,-1.388162,0,0,0,0,0,0,1461746862284,13853
-3.5692703904,2.7839814795,-2.2892802582,0.330972,-0.658374,-0.953879,0,0,0,0,0,0,1461746862294,13863
-2.76631988295,1.8234691332,-2.05734554415,1.371211,-0.098869,-0.550665,0,0,0,0,0,0,1461746862304,13873
-2.76631988295,1.8234691332,-2.05734554415,2.012428,-0.947532,-0.454675,0,0,0,0,0,0,1461746862314,13883
-2.6329998357,4.21959175365,-5.16064790475,2.398285,-1.923363,-0.553809,0,0,0,0,0,0,1461746862323,13892
-2.70781400565,6.5013896142,-4.22557374915,2.547837,-2.457924,-0.691866,0,0,0,0,0,0,1461746862332,13901
-2.47841918805,8.87013234705,-3.31458448035,2.506060,-2.701199,-0.787393,0,0,0,0,0,0,1461746862342,13911
-1.45820456535,12.8891997663,-2.9580085158,2.386235,-2.790113,-0.795178,0,0,0,0,0,0,1461746862352,13921
-0.7772083137,13.7042711696,-2.99481249795,2.283406,-2.806517,-0.699160,0,0,0,0,0,0,1461746862362,13931
-0.7772083137,13.7042711696,-2.99481249795,2.243473,-2.650264,-0.522128,0,0,0,0,0,0,1461746862371,13940
-0.2431632138,14.1093307173,-2.69763480675,2.283221,-2.234287,-0.285619,0,0,0,0,0,0,1461746862380,13949
0.6060251769,14.516939968,-2.3769704283,2.470079,-1.531680,-0.072941,0,0,0,0,0,0,1461746862390,13959
2.03145625215,14.1043980227,-1.25919043965,2.946424,-0.660069,0.017046,0,0,0,0,0,0,1461746862400,13969
3.57585058545,13.0012788262,0.02274138945,3.538492,-0.081937,-0.045724,0,0,0,0,0,0,1461746862410,13979
4.66849638645,11.4398309025,0.30630758925,3.860727,-0.287541,-0.237114,0,0,0,0,0,0,1461746862420,13989
5.15346951015,9.8424615861,0.1481377443,2.519355,-2.191674,-0.635506,0,0,0,0,0,0,1461746862438,14007
4.9456196829,7.76416925115,0.70029554205,1.489719,-2.518737,-0.561697,0,0,0,0,0,0,1461746862448,14017
3.17737123275,7.81175063175,0.462673029,0.904144,-2.256319,-0.303778,0,0,0,0,0,0,1461746862458,14027
2.07036864255,8.3058536535,0.0140625927,0.834655,-1.821011,-0.093854,0,0,0,0,0,0,1461746862467,14036
1.4592538662,8.3558278323,-0.2353768131,1.075955,-1.369579,0.002851,0,0,0,0,0,0,1461746862477,14046
0.7324708326,8.3070500526,-0.04413928155,1.401097,-1.020659,0.016057,0,0,0,0,0,0,1461746862486,14055
0.3625677666,8.18285009685,-0.1171686594,1.644930,-0.799769,-0.054919,0,0,0,0,0,0,1461746862496,14065
-0.03007668885,8.3498458368,-0.5172955125,1.783338,-0.927752,-0.110383,0,0,0,0,0,0,1461746862505,14074
-0.03007668885,8.3498458368,-0.5172955125,1.742323,-1.383930,-0.177081,0,0,0,0,0,0,1461746862515,14084
-0.2596186047,8.115508518,-1.1176328904,1.605380,-1.954439,-0.189824,0,0,0,0,0,0,1461746862526,14095
-0.3076510866,8.1539698071,-1.2048719592,1.496380,-2.247054,-0.213465,0,0,0,0,0,0,1461746862535,14104
-0.1143247599,8.31317914635,-0.67246455315,1.533435,-2.422956,-0.327310,0,0,0,0,0,0,1461746862553,14122
-0.0739217739,8.2457002758,-0.7586543211,1.623506,-2.592426,-0.391663,0,0,0,0,0,0,1461746862563,14132
-0.0794526681,8.39847651825,-0.4409809404,1.707785,-2.750387,-0.495627,0,0,0,0,0,0,1461746862573,14142
-0.16205323875,8.6630278176,0.97248614385,1.835602,-2.832896,-0.616414,0,0,0,0,0,0,1461746862583,14152
-0.16205323875,8.6630278176,0.97248614385,2.079663,-2.818342,-0.741739,0,0,0,0,0,0,1461746862592,14161
-0.44995393365,8.1021912231,4.1622724689,2.427756,-2.148884,-0.889304,0,0,0,0,0,0,1461746862612,14181
-0.4643205294,8.25273157215,5.7309085938,1.977733,-1.535095,-1.043385,0,0,0,0,0,0,1461746862621,14190
-0.014513694,9.00899309505,6.03676508175,1.084216,-0.882414,-1.228381,0,0,0,0,0,0,1461746862630,14199
-0.014513694,9.00899309505,6.03676508175,0.289763,-0.374017,-1.406687,0,0,0,0,0,0,1461746862640,14209
1.37141659785,10.5159754401,4.2306633486,0.044785,-0.238254,-1.540712,0,0,0,0,0,0,1461746862649,14218
3.5724084864,12.1980341223,1.5613008255,0.301947,-0.428794,-1.521634,0,0,0,0,0,0,1461746862659,14228
5.17875079605,13.6348407955,-0.0872390688,0.696642,-0.676649,-1.353502,0,0,0,0,0,0,1461746862669,14238
5.86603304625,13.8899680003,-0.69296024265,0.983394,-0.877397,-1.094873,0,0,0,0,0,0,1461746862678,14247
6.2914509918,13.5893482101,-0.436783737,1.139538,-1.273992,-0.802849,0,0,0,0,0,0,1461746862689,14258
4.59127961175,12.2083604195,7.50409954515,0.677976,-2.439184,-0.187751,0,0,0,0,0,0,1461746862707,14276
3.30830828835,12.7056015372,10.2668302308,-0.087701,-2.145778,0.081336,0,0,0,0,0,0,1461746862717,14286
3.03492128745,13.4938814458,10.0519491072,-1.023109,-1.150112,0.198347,0,0,0,0,0,0,1461746862726,14295
3.7618514193,14.3037161514,7.55213202705,-1.906833,-0.059597,0.188113,0,0,0,0,0,0,1461746862736,14305
4.4163601794,14.4365850973,5.20434589155,-2.487459,0.533676,0.253156,0,0,0,0,0,0,1461746862746,14315
4.4163601794,14.4365850973,5.20434589155,-2.764408,0.536617,0.377586,0,0,0,0,0,0,1461746862755,14324
4.325080812,14.5467224604,4.2697130307,-3.186148,0.461542,0.565294,0,0,0,0,0,0,1461746862765,14334
2.81719626435,14.0318197461,4.07339570625,-3.850706,0.473982,0.818507,0,0,0,0,0,0,1461746862775,14344
1.0042103331,14.2432587706,4.28782572855,-4.358442,1.212452,1.089719,0,0,0,0,0,0,1461746862784,14353
0.7731680151,14.4371832969,2.5812212517,-4.289934,3.114675,1.402534,0,0,0,0,0,0,1461746862794,14363
2.4592669959,14.9191654228,-0.7034434446,-3.863286,5.201576,1.797491,0,0,0,0,0,0,1461746862803,14372
2.4592669959,14.9191654228,-0.7034434446,-3.562003,6.746580,2.230889,0,0,0,0,0,0,1461746862813,14382
4.2201899532,14.9646580083,-2.40943991535,-3.411755,7.513317,2.567433,0,0,0,0,0,0,1461746862823,14392
4.78715564145,15.0150832884,-2.9592049149,-3.320462,7.604839,2.641242,0,0,0,0,0,0,1461746862832,14401
4.38942158655,15.4644390225,-3.49384821435,-3.170306,7.207987,2.498412,0,0,0,0,0,0,1461746862842,14411
3.17692013145,17.59855024,-4.80825933705,-2.929766,6.207973,2.210891,0,0,0,0,0,0,1461746862851,14420
1.7990704368,18.9792438342,-4.78835204055,-2.373106,3.659004,1.911772,0,0,0,0,0,0,1461746862861,14430
0.68578184805,19.0141061194,-2.96668731255,-1.846266,1.265230,1.603245,0,0,0,0,0,0,1461746862871,14440
-0.27323990265,19.0376026132,-2.60561014155,-1.649539,0.066247,1.149848,0,0,0,0,0,0,1461746862880,14449
-1.7845567428,19.0714155976,-2.5990299465,-1.628361,-0.610208,0.613344,0,0,0,0,0,0,1461746862890,14459
-2.5162822776,18.0574869735,-2.86134535245,-1.602557,-1.164782,0.178738,0,0,0,0,0,0,1461746862899,14468
-2.5162822776,18.0574869735,-2.86134535245,-1.490010,-1.705849,-0.033752,0,0,0,0,0,0,1461746862909,14478
-2.5658053551,15.1214745493,-3.1736349372,-1.366303,-2.116268,-0.061037,0,0,0,0,0,0,1461746862919,14488
-2.4856073892,11.972228502,-2.25247627605,-1.420785,-2.161594,0.081650,0,0,0,0,0,0,1461746862928,14497
-2.3256429456,8.94674111565,-0.8200040979,-1.643881,-1.791224,0.383611,0,0,0,0,0,0,1461746862938,14507
-2.2460333727,6.76894171785,-0.0516216792,-1.883089,-1.146481,0.712135,0,0,0,0,0,0,1461746862948,14517
-2.3132278533,5.46755369355,-0.1215031545,-2.005079,-0.478090,0.963281,0,0,0,0,0,0,1461746862957,14526
-2.3813049234,4.8612245136,-0.80653970475,-1.894865,0.143579,1.088521,0,0,0,0,0,0,1461746862967,14536
-2.40704711715,4.50853194285,-1.50982624455,-1.615433,0.644159,1.104787,0,0,0,0,0,0,1461746862976,14545
-2.31007995075,4.16377287105,-2.04777435135,-1.268020,1.045714,1.042638,0,0,0,0,0,0,1461746862986,14555
-2.31007995075,4.16377287105,-2.04777435135,-0.940945,1.431697,0.951851,0,0,0,0,0,0,1461746862995,14564
-2.0660243409,3.60891827205,-2.40090821685,-0.704223,1.879726,0.875834,0,0,0,0,0,0,1461746863005,14574
-1.6813133844,2.7580921875,-2.81001786975,-0.666093,2.255913,0.756574,0,0,0,0,0,0,1461746863015,14584
-1.57686382035,2.5536844593,-3.4630262277,-0.708256,2.432634,0.615747,0,0,0,0,0,0,1461746863024,14593
-1.1863179666,2.41826581035,-4.17903186285,-0.777236,2.358516,0.481125,0,0,0,0,0,0,1461746863034,14603
-0.95302994865,2.40090821685,-4.67612588235,-0.768062,2.154268,0.374568,0,0,0,0,0,0,1461746863044,14613
-0.9645526449,2.4121367166,-4.4166543759,-0.713407,2.046938,0.296134,0,0,0,0,0,0,1461746863053,14622
-1.29794592525,2.32549584735,-4.33495600785,-0.591776,2.006715,0.164638,0,0,0,0,0,0,1461746863063,14632
-1.64719639695,2.05120664385,-4.1384817786,-0.454085,1.969909,0.000792,0,0,0,0,0,0,1461746863073,14642
-1.8919973046,1.77513264825,-3.83427279105,-0.312728,1.940148,-0.169212,0,0,0,0,0,0,1461746863083,14652
-1.8919973046,1.77513264825,-3.83427279105,-0.163102,1.864829,-0.286306,0,0,0,0,0,0,1461746863092,14661
-2.0604934467,1.53481333395,-3.60623127735,-0.016011,1.722686,-0.354387,0,0,0,0,0,0,1461746863101,14670
-2.4000158208,1.4994999474,-2.84143805595,0.080522,1.682890,-0.393806,0,0,0,0,0,0,1461746863111,14680
-2.7718605837,1.78156574505,-1.14321817935,0.111376,1.892412,-0.422829,0,0,0,0,0,0,1461746863120,14689
-3.0828066711,2.6962913094,0.8449911873,0.089760,2.244644,-0.364361,0,0,0,0,0,0,1461746863130,14699
-3.1044987597,4.8034639341,2.8969529355,-0.025829,2.194905,-0.320813,0,0,0,0,0,0,1461746863140,14709
-3.52662170445,8.38515922335,7.071503205,-0.308201,1.585874,-0.359323,0,0,0,0,0,0,1461746863149,14718
-4.5734807235,12.7883492061,17.2813181541,0.021507,1.137292,-0.437743,0,0,0,0,0,0,1461746863159,14728
-1.9352441901,18.5411067933,20.1661501938,0.415434,0.308974,-0.284384,0,0,0,0,0,0,1461746863169,14738
1.08231950385,19.1345599731,20.211495681,-1.189908,2.324165,0.580996,0,0,0,0,0,0,1461746863188,14757
2.18812569495,17.3087078482,15.4044327431,-0.480463,2.883760,0.870317,0,0,0,0,0,0,1461746863197,14766
0.9949333368,12.0416686826,5.5069073787,0.240650,1.692234,1.050534,0,0,0,0,0,0,1461746863207,14776
-1.1785315659,7.2640842339,1.59092641305,0.797766,0.159095,1.128595,0,0,0,0,0,0,1461746863216,14785
-2.97865130355,4.0626183078,0.86743838025,0.886874,-1.133305,1.088518,0,0,0,0,0,0,1461746863226,14795
-4.0283542221,5.34081384135,0.76688201655,0.317285,-2.034590,0.834676,0,0,0,0,0,0,1461746863236,14805
-2.76392708475,8.8862837349,1.8099949335,-0.088220,-1.184431,0.602083,0,0,0,0,0,0,1461746863245,14814
-1.3223348151,14.6219877316,3.65710765875,0.201016,1.151298,0.586579,0,0,0,0,0,0,1461746863255,14824
1.21953275145,19.0111151217,-1.3711125948,1.323050,2.760438,0.649987,0,0,0,0,0,0,1461746863265,14834
1.21953275145,19.0111151217,-1.3711125948,-0.055168,-0.487621,0.755833,0,0,0,0,0,0,1461746863274,14843
-0.309298587,19.0072219213,-8.187488595,-1.871325,-3.316900,-0.026347,0,0,0,0,0,0,1461746863284,14853
-3.4371369357,19.0769562984,-8.20499328675,-1.769409,-3.256453,-1.031421,0,0,0,0,0,0,1461746863294,14863
-4.61312860515,7.41970437585,-7.9573484796,-0.857833,-2.292688,-1.435933,0,0,0,0,0,0,1461746863313,14882
-4.3714657935,3.3690598656,-5.5242649722,-0.179878,-1.278719,-1.126784,0,0,0,0,0,0,1461746863322,14891
-3.6612950556,0.23432751225,2.19979548945,1.192420,-0.089566,-0.821771,0,0,0,0,0,0,1461746863333,14902
-3.3261071766,4.2661238334,-4.6415577936,1.955545,-0.781848,-0.856461,0,0,0,0,0,0,1461746863342,14911
-3.54323400015,7.0957449966,-4.16975486655,2.846156,-2.573727,-1.402800,0,0,0,0,0,0,1461746863361,14930
-3.17542953585,10.0579409093,-2.98673190075,2.887867,-2.826576,-1.592035,0,0,0,0,0,0,1461746863370,14939
-2.8779478416,12.5824508823,-2.6907604152,2.748860,-2.857092,-1.662480,0,0,0,0,0,0,1461746863380,14949
-2.6684603205,14.427308101,-2.76227958435,2.611126,-2.842215,-1.623115,0,0,0,0,0,0,1461746863390,14959
-2.40898881405,15.2431248021,-2.71903269885,2.533565,-2.795298,-1.391126,0,0,0,0,0,0,1461746863400,14969
-1.1043155955,15.0254095855,-2.6708531187,2.479988,-2.083917,-0.497492,0,0,0,0,0,0,1461746863418,14987
-1.1043155955,15.0254095855,-2.6708531187,2.736181,-1.129081,-0.289974,0,0,0,0,0,0,1461746863428,14997
-0.56353339575,14.2686969613,-2.50999627905,2.986321,-0.185689,-0.220465,0,0,0,0,0,0,1461746863438,15007
0.44306973555,12.7090436362,-2.23706037945,3.402336,0.619960,-0.286180,0,0,0,0,0,0,1461746863447,15016
2.1887238945,10.7676605458,0.16295544135,3.866417,0.567809,-0.522650,0,0,0,0,0,0,1461746863457,15026
4.21510035375,8.09680742715,1.546492935,3.718689,-0.926972,-0.751278,0,0,0,0,0,0,1461746863466,15035
5.7536597898,8.06538724095,0.4049124495,2.814672,-2.702019,-0.781466,0,0,0,0,0,0,1461746863476,15045
5.0651811405,8.2661959653,-0.18225473175,1.686480,-3.286439,-0.553291,0,0,0,0,0,0,1461746863486,15055
3.99139333515,8.54302506525,-0.5826855879,0.839213,-2.614980,-0.190372,0,0,0,0,0,0,1461746863496,15065
2.85071505225,8.36780162985,-1.00390633005,0.787271,-1.126768,0.083920,0,0,0,0,0,0,1461746863514,15083
1.5904851183,8.1713274006,