-0.575056092,-4.4982056457,-5.5598823618,-1.501253,0.418665,1.580754,0,0,0,0,0,0,1462074592287,0
-0.393242655,-4.2330561468,-6.0563683752,-1.451917,0.465535,1.317517,0,0,0,0,0,0,1462074592297,10
0.04294288245,-4.2159927498,-6.09138756525,-1.285659,0.625448,0.263518,0,0,0,0,0,0,1462074592317,30
-0.53809520505,-4.85674292025,-5.99771539965,-1.226476,0.742500,-0.291170,0,0,0,0,0,0,1462074592327,40
-0.9229532598,-5.6191335369,-6.6588043548,-1.210553,0.644574,-0.734511,0,0,0,0,0,0,1462074592337,50
-0.8825502738,-6.6200488692,-7.89779330145,-1.197995,0.186953,-1.059673,0,0,0,0,0,0,1462074592347,60
0.1093822587,-6.1650053361,-7.87969041015,-1.195367,-0.287221,-1.178145,0,0,0,0,0,0,1462074592357,70
1.361541402,-4.55342632875,-6.5340061995,-1.282944,-0.422066,-1.034759,0,0,0,0,0,0,1462074592367,80
1.5448454346,-3.91013626185,-5.8564520469,-1.376591,-0.366652,-0.764856,0,0,0,0,0,0,1462074592377,90
1.37739859335,-4.15449587475,-5.348296239,-1.366979,-0.139239,-0.495317,0,0,0,0,0,0,1462074592387,100
1.0474572186,-4.77383834655,-6.03123418755,-1.234537,-0.029925,-0.328129,0,0,0,0,0,0,1462074592397,110
0.81416920065,-4.87678750845,-6.5142558078,-0.979814,0.039209,-0.225259,0,0,0,0,0,0,1462074592407,120
0.6148510719,-4.52230033905,-6.42043654395,-0.660885,0.148535,-0.125771,0,0,0,0,0,0,1462074592417,130
0.09995816415,-4.0276089243,-5.95521381195,-0.367797,0.177390,0.011561,0,0,0,0,0,0,1462074592427,140
0.6996973425,-4.3981003833,-6.3583316628,-0.213470,0.273030,0.062264,0,0,0,0,0,0,1462074592437,150
1.14651318015,-4.78431174195,-6.9422136498,-0.175450,0.417546,0.059014,0,0,0,0,0,0,1462074592447,160
2.0224832589,-4.6004095098,-8.27442366075,-0.085426,0.426413,0.144640,0,0,0,0,0,0,1462074592467,180
2.2557614703,-2.5126930803,-8.80503646815,0.025871,0.338246,0.058655,0,0,0,0,0,0,1462074592477,190
2.79864227175,-2.38894422585,-8.88748994055,0.188557,0.312443,-0.060235,0,0,0,0,0,0,1462074592487,200
2.73968529315,-3.78100361145,-9.03607878615,0.357408,0.506409,-0.231488,0,0,0,0,0,0,1462074592497,210
2.4466949988,-4.1368342782,-8.82837605715,0.517213,0.858535,-0.450216,0,0,0,0,0,0,1462074592507,220
2.8772025438,-4.0766809005,-8.38186422255,0.718555,1.126030,-0.589095,0,0,0,0,0,0,1462074592527,240
2.7823339791,-4.26791843205,-8.2633520658,0.723292,1.221771,-0.585048,0,0,0,0,0,0,1462074592537,250
2.57658275355,-4.6512858912,-8.2896924591,0.673045,1.441972,-0.600679,0,0,0,0,0,0,1462074592547,260
2.59798064565,-4.21959175365,-8.11506722325,0.563788,1.719599,-0.494831,0,0,0,0,0,0,1462074592557,270
2.457325299,-3.57390888855,-7.75877564865,0.388657,2.024309,-0.347659,0,0,0,0,0,0,1462074592567,280
2.4152748126,-2.91416343075,-7.65837618975,0.155533,2.296888,-0.254634,0,0,0,0,0,0,1462074592577,290
2.4306907092,-2.1285705168,-7.77658434345,-0.032531,2.433912,-0.209092,0,0,0,0,0,0,1462074592587,300
2.52764806905,-1.95155248275,-7.45008506775,-0.166530,2.584884,-0.271531,0,0,0,0,0,0,1462074592597,310
2.87376044475,-1.62744600525,-6.6834972477,-0.208165,2.760025,-0.483757,0,0,0,0,0,0,1462074592607,320
2.7977498757,-0.46582093155,-5.1087222225,0.046631,3.258643,-1.143174,0,0,0,0,0,0,1462074592627,340
3.05467167915,-0.46686042585,-4.29290552145,0.192175,3.598508,-1.445021,0,0,0,0,0,0,1462074592637,350
3.56986858995,-0.8144732037,-3.3543892668,0.262306,3.999344,-1.729658,0,0,0,0,0,0,1462074592647,360
3.8909840697,-0.68083934685,-3.49429931565,0.145690,4.334308,-1.933349,0,0,0,0,0,0,1462074592657,370
4.24457884305,-0.2014069239,-3.9625130454,-0.194333,4.543773,-2.079778,0,0,0,0,0,0,1462074592667,380
4.8024244398,0.503076015,-4.10481589245,-0.603774,4.523637,-2.235199,0,0,0,0,0,0,1462074592677,390
5.28544606005,1.44518146695,-3.8571710853,-0.955119,4.390468,-2.407098,0,0,0,0,0,0,1462074592687,400
5.82294306555,2.47692859245,-3.3087495831,-1.204749,4.355677,-2.612006,0,0,0,0,0,0,1462074592697,410
5.99396929755,3.24680160675,-2.5474082673,-1.364746,4.525006,-2.793415,0,0,0,0,0,0,1462074592707,420
6.01507299315,3.61999967355,-1.44518146695,-1.402561,4.936239,-2.861731,0,0,0,0,0,0,1462074592717,430
6.70998473925,3.97568324205,-0.51489290775,-1.253502,5.540996,-2.861664,0,0,0,0,0,0,1462074592727,440
7.62230769885,4.23530184675,-0.0887296644,-0.925875,6.213356,-2.853997,0,0,0,0,0,0,1462074592737,450
8.84424305505,4.7772804456,-0.0335187879,-0.498004,6.900060,-2.881174,0,0,0,0,0,0,1462074592747,460
10.2156596529,5.4491467992,-0.45489643485,-0.001353,7.511683,-2.967199,0,0,0,0,0,0,1462074592757,470
11.0111179561,5.5577837601,-1.2093633591,0.537432,7.773313,-3.045125,0,0,0,0,0,0,1462074592767,480
11.5276681709,6.0442474794,-1.56325232895,0.968424,7.592697,-3.136885,0,0,0,0,0,0,1462074592777,490
11.8444393489,5.55883306095,-2.5049066796,1.247286,7.253278,-3.188299,0,0,0,0,0,0,1462074592787,500
11.7221908966,5.03584974945,-2.49832648455,1.371616,6.741921,-3.251691,0,0,0,0,0,0,1462074592797,510
11.240963875,5.1830950977,-2.39522041785,1.407891,6.083254,-3.277320,0,0,0,0,0,0,1462074592807,520
10.8899188047,5.47039759305,-2.3579653344,1.455732,5.416859,-3.337225,0,0,0,0,0,0,1462074592817,530
10.7752900417,6.07028386965,-1.81463343165,1.573021,4.838987,-3.482173,0,0,0,0,0,0,1462074592827,540
10.7055654712,6.831634992,-1.000464231,1.746333,4.412705,-3.674157,0,0,0,0,0,0,1462074592837,550
11.4115488123,7.63442859465,-0.44471723595,1.925476,4.113847,-3.892716,0,0,0,0,0,0,1462074592847,560
12.6161167685,7.75877564865,-0.51369650865,2.104365,3.737549,-4.083218,0,0,0,0,0,0,1462074592857,570
13.330631808,7.44155336925,-0.8813538747,2.221473,3.132984,-4.242267,0,0,0,0,0,0,1462074592867,580
13.5707942175,7.15394687085,-1.22522055045,2.225901,2.326205,-4.318022,0,0,0,0,0,0,1462074592877,590
13.6095497031,8.2234001811,-1.162076175,2.086578,1.510047,-4.571660,0,0,0,0,0,0,1462074592887,600
14.1144203167,8.66242961805,-1.0688551107,1.822164,0.761148,-4.694627,0,0,0,0,0,0,1462074592897,610
14.0406554476,6.7654996188,-0.62682486945,1.555630,0.181714,-4.477085,0,0,0,0,0,0,1462074592907,620
13.7134010676,6.1626125379,0.08409116625,1.357538,-0.262857,-4.115006,0,0,0,0,0,0,1462074592917,630
14.3824235217,6.76803951525,0.54766639785,1.241354,-0.390917,-3.927612,0,0,0,0,0,0,1462074592927,640
14.7274865965,7.5151711401,1.1212220877,1.218328,-0.340468,-3.873654,0,0,0,0,0,0,1462074592937,650
15.0053551908,7.5305870367,1.3732111965,1.310429,-0.334876,-3.798735,0,0,0,0,0,0,1462074592947,660
15.5492852931,6.9718490439,1.425283977,1.471081,-0.323754,-3.666810,0,0,0,0,0,0,1462074592957,670
15.7536832147,6.0040013982,1.2282115482,1.521315,-0.293351,-3.414379,0,0,0,0,0,0,1462074592967,680
16.2661931308,5.73450759765,1.0311391194,1.395944,-0.271060,-3.031537,0,0,0,0,0,0,1462074592977,690
17.158324404,6.15183513945,0.6250302708,1.204449,-0.281190,-2.599396,0,0,0,0,0,0,1462074592987,700
17.3708029229,6.34622057355,0.3230669832,1.134943,-0.267703,-2.381249,0,0,0,0,0,0,1462074592997,710
17.5327090634,6.9842641362,0.124347054,1.257954,-0.349793,-2.211497,0,0,0,0,0,0,1462074593007,720
17.7543174802,7.03738621755,-0.1158153555,1.495107,-0.447062,-2.035419,0,0,0,0,0,0,1462074593017,730
17.8687893384,6.52981880265,-0.39338975325,1.698364,-0.715483,-1.860638,0,0,0,0,0,0,1462074593027,740
17.8865980332,6.03243058665,-0.2934315891,1.698599,-1.051270,-1.670862,0,0,0,0,0,0,1462074593037,750
17.7610545801,5.5594312605,-0.17387993805,1.498310,-1.397880,-1.441073,0,0,0,0,0,0,1462074593047,760
17.3639187248,4.857184215,0.28730249535,1.181792,-1.719730,-1.217502,0,0,0,0,0,0,1462074593057,770
17.069584933,4.51871114175,0.76209642015,0.845466,-1.951039,-0.983324,0,0,0,0,0,0,1462074593067,780
16.638184992,4.3179024174,1.2545519415,0.578978,-2.079411,-0.753059,0,0,0,0,0,0,1462074593077,790
16.2308797443,4.15329947565,1.61816900895,0.365109,-2.136688,-0.524723,0,0,0,0,0,0,1462074593087,800
15.7515944196,3.77906191455,2.1258835221,0.240656,-2.023983,-0.287057,0,0,0,0,0,0,1462074593097,810
15.1567879359,3.46811582715,2.2747665642,0.141162,-1.823075,-0.049853,0,0,0,0,0,0,1462074593107,820
14.9891939964,2.6894071113,3.2797221951,0.016601,-1.640085,0.346200,0,0,0,0,0,0,1462074593117,830
15.0272041842,2.30739295605,2.57134605585,-0.011013,-1.496696,0.747436,0,0,0,0,0,0,1462074593127,840
14.6860343097,1.33550501175,2.69763480675,-0.139915,-1.382368,1.206834,0,0,0,0,0,0,1462074593137,850
14.3655170295,0.76015472325,2.6023249473,-0.234048,-1.418692,1.732736,0,0,0,0,0,0,1462074593147,860
13.8325114239,0.6283252716,2.66621462055,-0.534175,-1.592435,2.146183,0,0,0,0,0,0,1462074593157,870
10.561762222,1.78231104285,5.29591945545,-2.138122,-1.938875,2.565112,0,0,0,0,0,0,1462074593177,890
12.4151511393,0.97937034195,3.66952275105,-1.298349,-1.847642,2.431823,0,0,0,0,0,0,1462074593167,880
8.9816034009,2.02831815615,6.31225068435,-2.572456,-1.746904,2.607981,0,0,0,0,0,0,1462074593187,900
7.16936276745,3.0735296748,6.0708820692,-2.263143,-1.537554,2.854493,0,0,0,0,0,0,1462074593197,910
6.3011790894,3.17976403095,5.70651970395,-1.438255,-1.119801,3.153875,0,0,0,0,0,0,1462074593207,920
6.4148958432,3.9875001348,4.9489146837,-0.663594,-0.242611,3.427062,0,0,0,0,0,0,1462074593217,930
6.048287778,4.94262868515,4.17065706915,-0.040074,0.787591,3.618793,0,0,0,0,0,0,1462074593227,940
5.88309644325,4.95445538445,3.82903609335,0.587916,1.735010,3.690350,0,0,0,0,0,0,1462074593237,950
5.24953447395,5.03226055215,3.5094112092,1.203945,2.470280,3.689697,0,0,0,0,0,0,1462074593247,960
5.43478020345,4.7029075704,2.2421499789,1.801775,3.089676,3.543180,0,0,0,0,0,0,1462074593257,970
5.8727701461,4.75214625795,0.73756043205,2.153062,3.762469,3.326835,0,0,0,0,0,0,1462074593267,980
6.13283004555,5.16035370825,0.96634724355,1.980201,4.192021,3.090410,0,0,0,0,0,0,1462074593277,990
6.5566004907,4.6453038957,1.2286626495,1.437719,4.118256,2.819480,0,0,0,0,0,0,1462074593287,1000
7.1692156692,5.1500274111,1.1551919769,0.789500,3.780136,2.572589,0,0,0,0,0,0,1462074593297,1010
7.5415115334,5.767428186,0.55245199425,0.365725,3.260773,2.357227,0,0,0,0,0,0,1462074593307,1020
7.8268625253,6.28681249365,0.1053419601,0.249313,2.812248,2.060983,0,0,0,0,0,0,1462074593317,1030
8.2866916548,6.1201109502,-0.52866130395,0.270244,2.541832,1.740687,0,0,0,0,0,0,1462074593327,1040
8.5431721635,5.5953428466,-0.70478694195,0.267745,2.242044,1.467216,0,0,0,0,0,0,1462074593337,1050
8.1827029986,4.11260229315,-0.3399734754,0.107574,1.947424,1.255913,0,0,0,0,0,0,1462074593347,1060
7.93564658445,4.02416682525,0.57041759385,-0.106053,1.846638,1.058604,0,0,0,0,0,0,1462074593357,1070
7.2603381318,1.5310770384,-0.24689950935,-0.133720,1.681479,1.006151,0,0,0,0,0,0,1462074593367,1080
6.79991080275,1.75612755435,-0.7368053277,0.177834,1.231417,1.257165,0,0,0,0,0,0,1462074593377,1090
7.49766644835,3.34496517225,-0.39952865355,0.428188,0.871545,1.307056,0,0,0,0,0,0,1462074593387,1100
7.291169925,4.56958752315,-0.4074621525,0.724291,0.758040,1.028455,0,0,0,0,0,0,1462074593397,1110
5.9796027018,5.69604630855,-0.2094875211,1.001941,0.679869,0.628847,0,0,0,0,0,0,1462074593407,1120
4.7687487471,6.14824594215,0.0594080799,1.209437,0.463393,0.195524,0,0,0,0,0,0,1462074593417,1130
4.2963476205,6.1214642541,0.58522548435,1.296399,0.301155,-0.287402,0,0,0,0,0,0,1462074593427,1140
4.1482098762,5.88458703885,1.03907261835,1.283611,0.241461,-0.750387,0,0,0,0,0,0,1462074593437,1150
4.1922020595,5.61659364045,1.44937867035,1.218219,0.283469,-1.143759,0,0,0,0,0,0,1462074593447,1160
4.1655674697,5.57050285545,2.1273741177,1.149623,0.511956,-1.490605,0,0,0,0,0,0,1462074593457,1170
4.8580864176,5.7822360765,2.8165980648,1.062349,0.827930,-1.807700,0,0,0,0,0,0,1462074593467,1180
5.52964876815,6.07881556815,2.9188019289,0.964117,1.029530,-2.060751,0,0,0,0,0,0,1462074593477,1190
6.0915346635,6.70623863715,2.4782720898,0.892073,1.062500,-2.236734,0,0,0,0,0,0,1462074593487,1200
6.9926389299,7.80441533235,1.35570650475,0.891084,0.924676,-2.322203,0,0,0,0,0,0,1462074593497,1210
8.12374602,7.7500968519,0.42975244065,0.997847,0.639023,-2.509102,0,0,0,0,0,0,1462074593507,1220
9.3184387803,6.98321483535,-0.03860838735,1.149319,0.392051,-2.770633,0,0,0,0,0,0,1462074593517,1230
10.5641550203,5.06458294095,2.0099112618,1.228623,0.702617,-3.325828,0,0,0,0,0,0,1462074593527,1240
10.5331859353,3.4330966371,4.10856199455,1.184661,1.520314,-3.813415,0,0,0,0,0,0,1462074593537,1250
11.7340077894,3.3745907598,7.3860384897,0.932115,3.075198,-4.224118,0,0,0,0,0,0,1462074593547,1260
13.1115632876,3.746886624,13.2320171412,0.080069,5.548841,-4.318376,0,0,0,0,0,0,1462074593557,1270
16.9953689626,6.03243058665,20.7189061911,-1.887431,-0.627672,-1.174222,0,0,0,0,0,0,1462074593577,1290
9.3802396584,6.3502510656,9.5008406103,-1.106650,-1.860028,-0.075569,0,0,0,0,0,0,1462074593587,1300
8.35073823285,7.6520901912,6.81367919895,-0.081924,-1.694208,0.324173,0,0,0,0,0,0,1462074593597,1310
7.87684651065,7.8458676192,4.8935469024,0.717392,-1.251882,0.335185,0,0,0,0,0,0,1462074593607,1320
7.55377952745,7.27590112665,4.2988973235,0.911442,-0.778587,0.265428,0,0,0,0,0,0,1462074593617,1330
9.04400247855,10.4933811489,3.22675701855,0.076258,-0.110357,0.113724,0,0,0,0,0,0,1462074593637,1350
10.1378446786,12.0199667874,1.65362949375,-0.198205,0.116627,0.062807,0,0,0,0,0,0,1462074593647,1360
10.5126804393,12.620157067,0.16056264315,0.110328,0.486955,-0.079246,0,0,0,0,0,0,1462074593657,1370
10.5056491429,13.0306102173,0.199465227,0.533359,0.913400,-0.210050,0,0,0,0,0,0,1462074593667,1380
8.69565420945,10.5508377254,-0.00344209905,0.740006,1.022650,-0.168202,0,0,0,0,0,0,1462074593677,1390
6.31389818475,7.5617130264,1.22447525265,0.808935,1.217619,-0.241591,0,0,0,0,0,0,1462074593687,1400
5.26120426845,7.21186435515,2.61743684085,0.794086,1.647008,-0.729849,0,0,0,0,0,0,1462074593697,1410
3.8926315701,6.93682985385,3.3947922528,0.533838,1.868759,-1.496065,0,0,0,0,0,0,1462074593707,1420
3.20610442425,6.95299104825,3.7413557298,0.212920,1.383923,-2.188396,0,0,0,0,0,0,1462074593717,1430
4.4094759813,7.962134076,1.92372149385,0.562202,0.372193,-2.519515,0,0,0,0,0,0,1462074593727,1440
5.3259961443,8.49409038075,1.4538602637,1.117082,-0.150978,-2.717854,0,0,0,0,0,0,1462074593737,1450
4.6222585032,7.79409884175,0.88434487245,1.431612,-0.387396,-2.778213,0,0,0,0,0,0,1462074593747,1460
3.27867289425,6.7524765204,0.12045385365,1.555367,-0.548108,-2.596409,0,0,0,0,0,0,1462074593757,1470
2.1314144163,6.2909998905,0.2334351162,1.623094,-0.554960,-2.194204,0,0,0,0,0,0,1462074593767,1480
1.6157664042,6.3870648543,0.49394611695,1.707803,-0.437771,-1.694009,0,0,0,0,0,0,1462074593777,1490
1.63746829935,6.64084856175,0.46970432535,1.794077,-0.230051,-1.175932,0,0,0,0,0,0,1462074593787,1500
1.2125014551,7.08018200175,0.5306128074,1.712812,0.336357,-0.544352,0,0,0,0,0,0,1462074593797,1510
1.2743023332,7.51263124365,0.25019451015,1.596622,0.830807,-0.022910,0,0,0,0,0,0,1462074593807,1520
2.4868037883,8.33218424025,-1.01857692885,1.505347,0.775041,0.170269,0,0,0,0,0,0,1462074593817,1530
3.9653569449,9.372904359,-1.68504967995,1.384209,0.357164,-0.008416,0,0,0,0,0,0,1462074593827,1540
5.43283850655,10.6027634076,-2.3810107269,1.188360,-0.253139,-0.498377,0,0,0,0,0,0,1462074593837,1550
5.80258466775,9.18496182825,-1.45536066585,0.858409,-0.960292,-1.050952,0,0,0,0,0,0,1462074593857,1570
6.02464418595,8.5783384518,-1.06810000635,0.950798,-1.245930,-1.094914,0,0,0,0,0,0,1462074593867,1580
6.40996314855,8.9211558267,-0.3088474857,1.148759,-1.467695,-1.235118,0,0,0,0,0,0,1462074593877,1590
6.4961529165,8.4571294938,0.19647422925,1.336495,-1.621130,-1.343691,0,0,0,0,0,0,1462074593887,1600
6.08479756365,7.2875807277,0.68982214665,1.292710,-1.713852,-1.240794,0,0,0,0,0,0,1462074593907,1620
5.83849625385,7.45561596195,1.049693112,1.071398,-1.640302,-1.161448,0,0,0,0,0,0,1462074593917,1630
5.9315702199,7.95720138135,1.20905935605,0.818787,-1.583116,-1.151256,0,0,0,0,0,0,1462074593927,1640
5.808419565,8.40536071635,1.13080308705,0.603132,-1.556281,-1.204548,0,0,0,0,0,0,1462074593937,1650
5.3340767415,8.34116704005,1.35855040425,0.451849,-1.473124,-1.238693,0,0,0,0,0,0,1462074593947,1660
4.90057819875,7.70550646905,1.8089554392,0.387727,-1.289793,-1.210850,0,0,0,0,0,0,1462074593957,1670
4.5495331284,6.92276726115,2.11630252275,0.387668,-1.143496,-1.130622,0,0,0,0,0,0,1462074593967,1680
3.8146694976,6.328558977,2.36993913195,0.427327,-1.008492,-0.978373,0,0,0,0,0,0,1462074593977,1690
3.0293805867,5.84777325015,3.08415016845,0.495446,-0.784755,-0.752008,0,0,0,0,0,0,1462074593987,1700
2.3988194217,5.6331961296,3.3762382602,0.546183,-0.646937,-0.500713,0,0,0,0,0,0,1462074593997,1710
2.2756687668,5.6010306456,2.95246781505,0.595880,-0.708196,-0.274709,0,0,0,0,0,0,1462074594007,1720
2.9829956052,6.2235112134,2.3584164357,0.684870,-0.913157,-0.195327,0,0,0,0,0,0,1462074594017,1730
3.91462766175,7.0717974015,1.60485171405,0.795981,-1.285148,-0.259439,0,0,0,0,0,0,1462074594027,1740
4.61552140335,7.70266256955,0.92849396055,0.904600,-1.679925,-0.386621,0,0,0,0,0,0,1462074594037,1750
5.2791600615,7.68934527465,0.9048503685,0.989535,-1.933878,-0.464327,0,0,0,0,0,0,1462074594047,1760
5.77879397745,7.24777594125,1.19079955995,1.034897,-2.014053,-0.501704,0,0,0,0,0,0,1462074594057,1770
6.2531466075,6.7638521184,1.7990704368,0.921293,-1.654304,-0.513353,0,0,0,0,0,0,1462074594067,1780
6.4940543148,6.39784225275,2.2424441754,0.635259,-1.001310,-0.490932,0,0,0,0,0,0,1462074594077,1790
6.26376710115,6.1816176318,2.01978645765,0.383818,-0.528812,-0.410808,0,0,0,0,0,0,1462074594087,1800
5.808419565,6.5013896142,1.8650685183,0.218898,-0.236568,-0.365088,0,0,0,0,0,0,1462074594097,1810
5.730163296,7.21260965295,1.928359992,0.134061,-0.088772,-0.405604,0,0,0,0,0,0,1462074594107,1820
5.83341646095,7.77299514615,2.10912412815,0.114152,-0.119509,-0.545332,0,0,0,0,0,0,1462074594117,1830
6.4980946134,8.5645700556,2.1258835221,0.135048,-0.253077,-0.768435,0,0,0,0,0,0,1462074594127,1840
7.06955170155,9.5716242882,2.1451828125,0.193481,-0.268314,-1.085617,0,0,0,0,0,0,1462074594137,1850
7.21590465375,10.0559894058,2.3558667327,0.274016,-0.206142,-1.572793,0,0,0,0,0,0,1462074594147,1860
7.2172481511,9.49635901695,2.4297885066,0.392178,-0.037077,-2.117919,0,0,0,0,0,0,1462074594157,1870
7.34862650145,10.0292077177,2.5824176508,0.456295,0.026335,-2.440813,0,0,0,0,0,0,1462074594167,1880
6.7804644141,10.1385899764,2.59678424655,0.406652,0.012823,-2.564135,0,0,0,0,0,0,1462074594177,1890
5.6364911304,10.2093736543,2.6006774469,0.163505,-0.075795,-2.415768,0,0,0,0,0,0,1462074594187,1900
4.7422710621,10.9327145889,2.4354763056,-0.335785,-0.246125,-1.905703,0,0,0,0,0,0,1462074594197,1910
4.2601418379,12.4298217381,2.39492622135,-1.072435,-0.509541,-1.127997,0,0,0,0,0,0,1462074594207,1920
3.9108913662,14.3497971298,2.35646493225,-1.893921,-0.730609,-0.264962,0,0,0,0,0,0,1462074594217,1930
3.561935091,15.8847673686,2.10059242965,-2.511265,-0.696517,0.372727,0,0,0,0,0,0,1462074594227,1940
3.27178869615,16.2403038389,1.997790366,-2.860430,-0.318866,0.680892,0,0,0,0,0,0,1462074594237,1950
3.1202088528,15.918580353,2.33432174235,-3.079664,0.263554,0.678629,0,0,0,0,0,0,1462074594247,1960
3.0091790937,14.2004629864,1.97908927515,-3.038834,0.782578,0.399610,0,0,0,0,0,0,1462074594257,1970
2.9587538136,13.1774044642,0.7969587054,-2.862032,1.173530,0.115018,0,0,0,0,0,0,1462074594267,1980
3.2471056098,13.5293419307,0.40476535125,-2.718673,1.316118,0.035165,0,0,0,0,0,0,1462074594277,1990
3.2304933141,10.8138984291,-0.6310122663,-2.563668,1.179061,0.264876,0,0,0,0,0,0,1462074594287,2000
2.9511243177,8.317523448,-1.1514458748,-2.368722,1.146056,0.485616,0,0,0,0,0,0,1462074594297,2010
2.6244681372,8.2039439859,-0.5882164821,-2.251590,1.384276,0.675453,0,0,0,0,0,0,1462074594307,2020
2.35422903885,8.4692503896,-0.0553677813,-2.242186,1.572295,0.939298,0,0,0,0,0,0,1462074594317,2030
1.7015148774,8.1273352173,-0.0242417916,-2.332746,1.831895,1.206811,0,0,0,0,0,0,1462074594327,2040
1.0803680004,8.4031150164,1.05358631235,-2.523230,2.201107,1.442110,0,0,0,0,0,0,1462074594337,2050
0.66124585995,9.10295945715,1.90561860255,-2.427625,2.352587,1.688878,0,0,0,0,0,0,1462074594347,2060
0.1708889403,8.6941538073,0.4610255286,-2.217621,2.233282,2.041904,0,0,0,0,0,0,1462074594357,2070
0.50577281625,12.2605802982,4.4171054772,-2.587206,1.940588,2.304576,0,0,0,0,0,0,1462074594367,2080
2.676992019,18.3916255516,10.4306780682,-2.528702,1.499809,1.973842,0,0,0,0,0,0,1462074594377,2090
5.51034947775,22.8132126222,10.5396190322,-2.089248,0.451157,1.281367,0,0,0,0,0,0,1462074594387,2100
5.4762324903,13.8238326272,-0.7861911135,-1.595646,-0.894471,0.872347,0,0,0,0,0,0,1462074594397,2110
4.6497952956,8.2350699756,-0.4804817238,-0.963723,-1.662135,1.016369,0,0,0,0,0,0,1462074594407,2120
3.7037966433,6.7512801213,0.62682486945,-0.383909,-1.663384,1.371537,0,0,0,0,0,0,1462074594417,2130
2.35048293675,6.74230712805,1.8182324355,-0.339207,-0.985322,1.610859,0,0,0,0,0,0,1462074594427,2140
1.3432816059,6.35130036645,1.80461113755,-0.756766,0.110124,1.578860,0,0,0,0,0,0,1462074594437,2150
0.49933971945,5.8566089517,1.03173731895,-1.169893,0.975264,1.324067,0,0,0,0,0,0,1462074594447,2160
0.0209467908,5.80633076985,0.6965592465,-1.268882,1.551604,0.972196,0,0,0,0,0,0,1462074594457,2170
0.0537202809,6.69890333775,1.00480853265,-1.007788,1.915921,0.715398,0,0,0,0,0,0,1462074594467,2180
0.8696840802,7.61871850155,1.16267437455,-0.524292,1.956981,0.413157,0,0,0,0,0,0,1462074594477,2190
2.1887238945,7.93040988675,1.4523696681,-0.043280,1.975271,0.049977,0,0,0,0,0,0,1462074594487,2200
3.35588966895,7.54495363245,1.25873933835,0.314896,2.081239,-0.445603,0,0,0,0,0,0,1462074594497,2210
3.41604304665,6.3233222793,1.85189832165,0.668935,2.326481,-0.804500,0,0,0,0,0,0,1462074594507,2220
2.84638055715,5.2730211612,2.04806854785,1.031727,2.648897,-0.931484,0,0,0,0,0,0,1462074594517,2230
2.1989030934,4.7886560436,2.9943712032,1.402650,3.195868,-0.890191,0,0,0,0,0,0,1462074594527,2240
2.07111394035,4.5642037272,3.9725353395,1.891667,4.100023,-0.827418,0,0,0,0,0,0,1462074594537,2250
2.23137258045,4.0062110322,4.3966097877,2.492395,5.192868,-0.806493,0,0,0,0,0,0,1462074594547,2260
1.5396087369,3.2313955167,0.0884354679,2.814428,5.284091,-0.710398,0,0,0,0,0,0,1462074594557,2270
0.1020469593,3.3892613586,-1.27923502785,2.871808,4.630030,-0.532607,0,0,0,0,0,0,1462074594567,2280
-0.68503655025,3.5857257813,-1.1982819576,2.881304,3.950000,-0.288563,0,0,0,0,0,0,1462074594577,2290
-1.1575847751,3.6714742545,-1.19499676335,2.822179,3.363264,0.032615,0,0,0,0,0,0,1462074594587,2300
-1.0235096235,4.1583890751,-1.36408129845,2.689274,2.748007,0.350973,0,0,0,0,0,0,1462074594597,2310
-0.7598507202,5.11022262465,-1.19170176255,2.511713,2.031068,0.563263,0,0,0,0,0,0,1462074594607,2320
-0.77062811865,6.1573758402,0.02723278935,2.248652,1.193052,0.618504,0,0,0,0,0,0,1462074594617,2330
-1.2291137508,7.21814054715,4.6201599015,1.521389,-0.207213,0.541466,0,0,0,0,0,0,1462074594627,2340
-1.0912924971,8.85112725315,8.74548129,0.786123,-2.378917,0.709905,0,0,0,0,0,0,1462074594637,2350
0.24929230755,11.7247307931,11.5827319491,0.024990,-4.153977,1.149766,0,0,0,0,0,0,1462074594647,2360
1.39954178325,13.4036513793,15.266925299,-0.988265,-3.942612,1.579400,0,0,0,0,0,0,1462074594657,2370
1.5116208432,16.0966476879,20.3988400122,-2.346711,-1.275877,1.653344,0,0,0,0,0,0,1462074594667,2380
2.0422336506,17.0592586359,16.9027460979,-2.978303,0.795938,1.385037,0,0,0,0,0,0,1462074594677,2390
3.38611345605,16.2440401344,12.856583181,-2.697470,1.221437,0.919748,0,0,0,0,0,0,1462074594687,2400
4.8678145152,12.5477356953,8.3211126453,-1.943982,0.352535,0.354103,0,0,0,0,0,0,1462074594697,2410
4.5306849393,9.6349157619,5.5651190595,-1.060961,-0.940630,-0.143080,0,0,0,0,0,0,1462074594707,2420
3.15881724015,9.87748077615,5.3238975426,-0.203053,-1.865141,-0.414936,0,0,0,0,0,0,1462074594717,2430
2.26563666615,12.2272086086,5.7527575872,0.425300,-2.244525,-0.556092,0,0,0,0,0,0,1462074594727,2440
1.86925591515,14.0120693544,4.6360268994,0.683248,-2.272199,-0.601226,0,0,0,0,0,0,1462074594737,2450
1.9618787799,15.0119353859,5.01984545985,0.679893,-1.641341,-0.583603,0,0,0,0,0,0,1462074594747,2460
3.48637562325,15.2464198029,7.1219284851,0.487214,-0.081511,-0.435256,0,0,0,0,0,0,1462074594757,2470
5.90045403675,14.9977256949,6.10515596145,0.176279,1.651794,-0.173426,0,0,0,0,0,0,1462074594767,2480
7.24134284445,10.8677658082,-2.0926589307,-0.712694,1.608841,0.144051,0,0,0,0,0,0,1462074594777,2490
6.62468736735,6.89552466525,-6.24191810775,-0.885716,0.319419,0.029115,0,0,0,0,0,0,1462074594787,2500
3.23483761575,6.2308465128,-5.61239643705,-0.260224,-0.569371,0.042042,0,0,0,0,0,0,1462074594797,2510
1.18481756445,6.27378939525,-4.4151637803,0.543112,-0.856705,0.051558,0,0,0,0,0,0,1462074594807,2520
0.4902098214,5.6611840233,-2.75659178535,1.055034,-0.842963,-0.046559,0,0,0,0,0,0,1462074594817,2530
-0.77915981715,5.9001500337,-1.350165804,1.312834,-0.612727,-0.167092,0,0,0,0,0,0,1462074594827,2540
-3.38417175915,6.4122088485,3.7275873336,1.112385,0.571697,-0.454870,0,0,0,0,0,0,1462074594837,2550
-4.2104618556,6.43181214195,5.3055004548,0.693795,1.739090,-0.832563,0,0,0,0,0,0,1462074594847,2560
-2.63599083345,7.4737286598,1.73159156625,0.394781,1.969470,-1.158202,0,0,0,0,0,0,1462074594857,2570
-0.61829317095,7.84766221785,0.28371329805,0.291648,1.747256,-1.335223,0,0,0,0,0,0,1462074594867,2580
0.48182522115,7.60779400485,-0.8071379043,0.354737,1.312137,-1.323835,0,0,0,0,0,0,1462074594877,2590
0.94255655325,7.6245533988,-0.9343288578,0.477298,0.777195,-1.267000,0,0,0,0,0,0,1462074594887,2600
0.9358194534,8.2590175707,-1.13484338565,0.576624,0.231163,-1.135462,0,0,0,0,0,0,1462074594897,2610
0.8665459842,9.58703037825,-1.03338481935,0.641565,-0.150866,-0.989310,0,0,0,0,0,0,1462074594907,2620
0.74309132625,10.7365345561,-0.6687282576,0.691438,-0.331845,-0.845419,0,0,0,0,0,0,1462074594917,2630
0.93522125385,11.4577866955,-0.312436683,0.760991,-0.397089,-0.720872,0,0,0,0,0,0,1462074594927,2640
1.0651090086,12.0326858827,-0.0592511751,0.922441,-0.443400,-0.588422,0,0,0,0,0,0,1462074594937,2650
1.4842409556,12.8226132918,0.2603639025,1.271243,-0.557547,-0.494471,0,0,0,0,0,0,1462074594947,2660
2.1067215234,13.3325735049,0.812374602,1.795610,-0.946089,-0.473877,0,0,0,0,0,0,1462074594957,2670
2.0955028302,12.9186782556,1.24138174485,2.177817,-1.394734,-0.438749,0,0,0,0,0,0,1462074594967,2680
1.72784546415,12.2309547106,1.48978165635,2.290521,-1.718322,-0.427821,0,0,0,0,0,0,1462074594977,2690
1.42588217655,11.4889126852,1.7850078441,2.236434,-1.840755,-0.465791,0,0,0,0,0,0,1462074594987,2700
1.21400185725,10.4224503727,2.21970278595,2.110451,-1.768782,-0.565271,0,0,0,0,0,0,1462074594997,2710
0.95063715045,9.213842118,2.27611006155,1.962498,-1.612643,-0.654186,0,0,0,0,0,0,1462074595007,2720
0.8601128874,8.4354374052,2.13485651535,1.796844,-1.401871,-0.696610,0,0,0,0,0,0,1462074595017,2730
0.89003267145,7.76581675155,1.7660027502,1.700423,-1.234777,-0.720860,0,0,0,0,0,0,1462074595027,2740
1.14845487705,7.0698557046,1.4475840717,1.697089,-1.207591,-0.786655,0,0,0,0,0,0,1462074595037,2750
0.94255655325,6.0159653892,1.01049633165,1.839005,-1.392405,-0.840767,0,0,0,0,0,0,1462074595047,2760
0.482874522,5.57783815485,0.6298158672,2.075291,-1.716735,-0.882078,0,0,0,0,0,0,1462074595057,2770
0.2277473172,5.3345278428,0.49394611695,2.187299,-2.028048,-0.792163,0,0,0,0,0,0,1462074595067,2780
0.28655719755,5.7084712074,0.2365732122,2.192519,-2.409829,-0.635897,0,0,0,0,0,0,1462074595077,2790
1.01004523035,6.33005937915,-0.09801646725,2.156758,-2.827068,-0.545681,0,0,0,0,0,0,1462074595087,2800
1.50294204645,6.6875375463,-0.27712329645,2.061783,-3.129252,-0.453879,0,0,0,0,0,0,1462074595097,2810
1.78754774055,6.89687796915,-0.30420898755,1.909878,-3.266557,-0.382428,0,0,0,0,0,0,1462074595107,2820
1.65437479155,6.6216963696,-0.4396276365,1.756823,-3.391358,-0.347086,0,0,0,0,0,0,1462074595117,2830
0.65869615695,5.37672542745,-0.78559291395,1.668014,-3.629667,-0.391161,0,0,0,0,0,0,1462074595127,2840
-0.74997552435,2.6970366072,-0.8948280744,1.704288,-3.953177,-0.546891,0,0,0,0,0,0,1462074595137,2850
-1.3284737154,-0.03890258385,-0.71331864045,1.784359,-4.074619,-0.394183,0,0,0,0,0,0,1462074595147,2860
-0.34984867125,1.76660094975,0.7393550307,1.842381,-3.613599,-0.305137,0,0,0,0,0,0,1462074595157,2870
0.818062401,6.1852068291,1.2876196281,1.751327,-2.665428,-0.713300,0,0,0,0,0,0,1462074595167,2880
2.24514097665,11.2075921854,1.7393681604,1.423597,-1.494520,-1.595857,0,0,0,0,0,0,1462074595177,2890
3.14100854535,16.8931650985,1.88616240735,0.946892,-0.319063,-2.644399,0,0,0,0,0,0,1462074595187,2900
2.7818828778,19.9976638583,0.5370459042,0.550892,0.410606,-3.532599,0,0,0,0,0,0,1462074595197,2910
3.09701636205,20.5761620493,-1.59227971695,0.263260,0.781435,-3.846373,0,0,0,0,0,0,1462074595207,2920
3.46213383165,21.0452681751,-2.5029649827,0.023421,1.018669,-3.789855,0,0,0,0,0,0,1462074595217,2930
2.7369884919,21.2453316017,-2.6689114218,-0.018678,1.295794,-3.433077,0,0,0,0,0,0,1462074595227,2940
2.1390439122,19.6722040769,-1.3045261203,0.275126,1.655660,-2.970811,0,0,0,0,0,0,1462074595237,2950
2.42395360935,16.9099244925,-0.22265771775,0.676851,2.073629,-2.812686,0,0,0,0,0,0,1462074595247,2960
2.6798359185,14.6504169201,0.68368324635,1.149709,2.419016,-2.661186,0,0,0,0,0,0,1462074595257,2970
2.5396218666,13.2418923371,1.08516340335,1.456364,2.737801,-2.138666,0,0,0,0,0,0,1462074595267,2980
1.8156827325,12.3370419685,0.62129397525,1.297823,2.580596,-1.294665,0,0,0,0,0,0,1462074595277,2990
2.0883244356,10.8845252022,-1.87119761205,0.574552,1.762977,-0.520100,0,0,0,0,0,0,1462074595287,3000
2.38639452285,12.0008145952,-0.9509411535,-0.222459,-2.569669,0.106229,0,0,0,0,0,0,1462074595297,3010
-0.2615603016,13.7048693691,4.6780773858,-1.001277,-6.699984,0.773717,0,0,0,0,0,0,1462074595307,3020
-0.67456315485,12.9164325556,7.1425810794,-1.799335,-7.312967,1.283330,0,0,0,0,0,0,1462074595317,3030
0.22909081455,12.9451657471,8.2661959653,-2.526884,-6.301018,1.491984,0,0,0,0,0,0,1462074595327,3040
0.26380600155,13.5709413157,8.1632468034,-3.043581,-4.506466,1.463091,0,0,0,0,0,0,1462074595337,3050
-0.38530915605,14.2806707589,8.73890109495,-3.252121,-2.357035,1.215270,0,0,0,0,0,0,1462074595347,3060
-1.71856846785,14.7369106911,7.6939837728,-3.352567,-0.760450,0.896352,0,0,0,0,0,0,1462074595357,3070
-2.8239333642,13.9465321807,6.86979227805,-3.517832,0.712571,0.525692,0,0,0,0,0,0,1462074595367,3080
-3.54129230325,12.8422165853,4.6013117124,-3.723342,1.429656,0.325264,0,0,0,0,0,0,1462074595377,3090
-3.61266437415,13.3587569934,2.25322157385,-3.874034,2.031296,0.360950,0,0,0,0,0,0,1462074595387,3100
-2.076046635,14.3090999473,-0.42975244065,-3.870431,2.352238,0.618623,0,0,0,0,0,0,1462074595397,3110
0.0731764761,15.4855427181,-2.8589427477,-3.955518,2.618398,0.912793,0,0,0,0,0,0,1462074595407,3120
1.66529928825,16.2347631381,-3.515255913,-4.288323,3.118962,1.163343,0,0,0,0,0,0,1462074595417,3130
2.01141166395,15.8584269753,-2.90773033395,-4.625814,3.448123,1.242882,0,0,0,0,0,0,1462074595427,3140
0.26066790555,15.5265340971,-2.8311117588,-4.690855,3.509578,1.184337,0,0,0,0,0,0,1462074595437,3150
-2.4387713064,15.2535981975,-0.71690783775,-4.023607,3.372253,1.144211,0,0,0,0,0,0,1462074595447,3160
-5.0692214391,15.0412667769,1.72664906505,-2.968112,2.986843,1.078147,0,0,0,0,0,0,1462074595457,3170
-6.3426215697,14.7072851035,0.5499120978,-1.999674,1.905118,0.878469,0,0,0,0,0,0,1462074595467,3180
-6.64204496085,14.2176734817,-1.7992273416,-1.277099,0.429322,0.505678,0,0,0,0,0,0,1462074595477,3190
-6.4359995388,13.1396982795,-2.6318034366,-0.800045,-0.765562,0.050246,0,0,0,0,0,0,1462074595487,3200
-5.99157649935,11.4972874789,-2.1047798265,-0.471234,-1.571077,-0.306486,0,0,0,0,0,0,1462074595497,3210
-5.23815887595,10.038484714,-1.7923431435,-0.226387,-2.250412,-0.457751,0,0,0,0,0,0,1462074595507,3220
-3.3793763562,7.40968208175,-0.97533004335,-0.121041,-2.733886,-0.497272,0,0,0,0,0,0,1462074595517,3230
-2.85370605,6.65865725655,0.19108062675,-0.214362,-2.851529,-0.477304,0,0,0,0,0,0,1462074595527,3240
-2.6259587328,5.40649811325,1.42662747435,-0.629017,-2.309898,-0.463325,0,0,0,0,0,0,1462074595537,3250
-3.05018027925,3.1820097309,1.5779131212,-1.339727,-1.158177,-0.480524,0,0,0,0,0,0,1462074595547,3260
-3.65141985975,3.61790107185,2.03190735345,-1.767182,-0.227731,-0.389278,0,0,0,0,0,0,1462074595557,3270
-3.6843404481,4.82426362665,1.66739788995,-2.024894,0.517966,-0.332136,0,0,0,0,0,0,1462074595567,3280
-3.4126009476,5.2190066838,0.7614982206,-2.236760,1.161169,-0.163376,0,0,0,0,0,0,1462074595577,3290
-2.95605701235,5.25402587385,-0.12778915305,-2.339289,1.641657,0.051943,0,0,0,0,0,0,1462074595587,3300
-3.1199146563,5.03420224905,-0.49814332035,-2.291202,1.929167,0.264155,0,0,0,0,0,0,1462074595597,3310
-3.17901873315,4.5202115439,-0.35867456625,-2.127081,2.146220,0.487490,0,0,0,0,0,0,1462074595607,3320
-2.59513674615,4.69752377445,-0.3399734754,-1.901807,2.251023,0.657026,0,0,0,0,0,0,1462074595617,3330
-1.9711557762,5.6453170254,-0.87716647785,-1.628895,2.135823,0.721786,0,0,0,0,0,0,1462074595627,3340
-1.43890527495,6.1157764551,-0.66722785545,-1.344987,1.935941,0.700402,0,0,0,0,0,0,1462074595637,3350
-1.61203010865,5.16872850195,-0.58208738835,-1.065634,1.832391,0.760952,0,0,0,0,0,0,1462074595647,3360
-2.3510811363,4.35755029905,-0.63580766925,-0.724540,1.729264,1.051173,0,0,0,0,0,0,1462074595657,3370
-1.593172113,5.4793705863,-0.2362790157,-0.351892,1.653679,1.192169,0,0,0,0,0,0,1462074595667,3380
-1.3967076903,5.7128057025,0.26664990105,0.058695,1.564458,1.228263,0,0,0,0,0,0,1462074595677,3390
-2.1192935205,5.40290891595,0.7788558141,0.456429,1.519307,1.469505,0,0,0,0,0,0,1462074595687,3400
-2.4552266973,5.47473208815,1.3881759918,0.845298,1.545122,1.812732,0,0,0,0,0,0,1462074595697,3410
-2.353179738,6.0625072755,2.3292321429,1.292965,1.660585,2.075283,0,0,0,0,0,0,1462074595707,3420
-2.223144885,6.663746856,4.238587041,1.891310,1.927831,2.208978,0,0,0,0,0,0,1462074595717,3430
-2.31457135065,6.7429053276,6.3863195565,2.713924,2.251658,2.315668,0,0,0,0,0,0,1462074595727,3440
-1.88810410425,6.99863073195,8.9012485302,3.621932,2.278250,2.242998,0,0,0,0,0,0,1462074595737,3450
-1.98073677555,8.9644027122,11.202806589,3.758165,0.878021,1.933566,0,0,0,0,0,0,1462074595747,3460
-2.1460850151,14.59999164,12.841765484,2.629560,-1.470469,1.618863,0,0,0,0,0,0,1462074595757,3470
-2.60800293975,17.4846765814,17.3357837328,0.524676,-2.885345,1.317085,0,0,0,0,0,0,1462074595767,3480
-3.65096875845,11.3705476268,20.3379413367,-1.358214,-2.354007,1.664546,0,0,0,0,0,0,1462074595777,3490
-2.0639257392,9.288960291,16.7173434636,-2.075665,-0.601448,1.923700,0,0,0,0,0,0,1462074595787,3500
0.82270089915,11.2485933709,12.5064305067,-2.130559,1.001773,1.511726,0,0,0,0,0,0,1462074595797,3510
0.65300835795,11.9327277186,9.02664488505,-1.860106,1.698665,1.066104,0,0,0,0,0,0,1462074595807,3520
-0.6471734607,12.2366425097,5.76023998485,-1.429661,1.336911,0.782958,0,0,0,0,0,0,1462074595817,3530
-1.6468923939,11.972532505,3.4263693438,-0.997559,0.508371,0.665975,0,0,0,0,0,0,1462074595827,3540
-1.89214440285,12.4709700219,2.95905781665,-0.418883,-0.037492,0.574859,0,0,0,0,0,0,1462074595837,3550
-1.6889428803,12.3759543589,2.38878732105,0.215067,-0.117113,0.411932,0,0,0,0,0,0,1462074595847,3560
-1.9970450682,11.9306389234,2.07185923815,0.790496,0.120810,0.452832,0,0,0,0,0,0,1462074595857,3570
-0.84154908825,12.428625339,2.93061882165,1.112004,0.310033,0.569027,0,0,0,0,0,0,1462074595867,3580
0.4251139425,12.4543577262,3.6042797739,0.869827,0.173957,0.480345,0,0,0,0,0,0,1462074595877,3590
0.19272812715,11.7112663999,1.8168791316,0.123924,-0.020791,0.457318,0,0,0,0,0,0,1462074595887,3600
-1.0142326272,11.1231970161,-0.2068005264,-0.760959,-0.164086,0.579857,0,0,0,0,0,0,1462074595897,3610
-3.02325149295,11.1869395911,-2.0712610386,-1.618799,-0.156005,0.614045,0,0,0,0,0,0,1462074595907,3620
-3.8664480816,9.85233678195,-3.19876912485,-2.023308,0.199052,0.717856,0,0,0,0,0,0,1462074595917,3630
-3.58916788035,10.2059315553,-1.8767383128,-1.988087,0.736234,0.886675,0,0,0,0,0,0,1462074595927,3640
-1.7580790578,9.37948455405,0.6392497683,-1.282102,1.372688,1.082551,0,0,0,0,0,0,1462074595937,3650
-0.10833295785,7.2212884497,0.9593159472,-0.071004,1.671189,1.227188,0,0,0,0,0,0,1462074595947,3660
0.3202230837,7.17744336465,-1.14680737665,1.035713,1.363658,1.067615,0,0,0,0,0,0,1462074595957,3670
0.59734638015,8.1430453104,-3.0165143931,1.691022,0.506642,0.488015,0,0,0,0,0,0,1462074595967,3680
0.33458967945,8.6967035103,-4.7998747368,1.654504,-0.628166,-0.104133,0,0,0,0,0,0,1462074595977,3690
-0.17911663575,8.29193815905,-5.12279462175,1.255836,-1.508985,-0.285775,0,0,0,0,0,0,1462074595987,3700
-0.97846813935,8.20664078715,-3.3831224583,1.173762,-2.011218,-0.201276,0,0,0,0,0,0,1462074595997,3710
-0.60513278085,8.54496676215,-1.2505116429,1.691800,-2.386954,-0.177310,0,0,0,0,0,0,1462074596007,3720
0.55409949465,8.70089090715,0.4635752316,2.452384,-2.593083,-0.280703,0,0,0,0,0,0,1462074596017,3730
0.6832419516,9.7495347183,-0.0754123695,2.849403,-3.001933,-0.325266,0,0,0,0,0,0,1462074596027,3740
1.1939474625,11.2222529776,-0.5240228058,2.768641,-3.600567,-0.333330,0,0,0,0,0,0,1462074596037,3750
1.64884389735,11.776205374,-0.4755392226,2.480277,-4.351480,-0.303703,0,0,0,0,0,0,1462074596047,3760
1.8472598235,11.7833935752,0.72783233445,2.260643,-4.821483,-0.230495,0,0,0,0,0,0,1462074596057,3770
1.46418656085,10.925673486,1.1920057656,2.125170,-4.847344,-0.184794,0,0,0,0,0,0,1462074596067,3780
0.9706915452,10.6326929982,1.2545519415,1.934474,-4.442493,-0.314718,0,0,0,0,0,0,1462074596077,3790
0.7344125295,10.7411730543,1.52479103985,1.712283,-3.851013,-0.535353,0,0,0,0,0,0,1462074596087,3800
0.7793069154,10.1964976542,1.30796821935,1.583597,-3.332251,-0.772399,0,0,0,0,0,0,1462074596097,3810
0.7933695081,9.7363743282,1.3530097035,1.491289,-2.837676,-0.956699,0,0,0,0,0,0,1462074596107,3820
0.9217568607,9.52403310105,1.5782073177,1.411364,-2.255498,-1.082740,0,0,0,0,0,0,1462074596117,3830
1.0514975172,9.43200843585,1.64913809385,1.345588,-1.669700,-1.143859,0,0,0,0,0,0,1462074596127,3840
1.00929993255,9.1722427329,1.60873510785,1.329693,-1.224794,-1.106542,0,0,0,0,0,0,1462074596137,3850
1.419596178,9.0039034956,1.4140652838,1.331796,-0.891980,-0.972375,0,0,0,0,0,0,1462074596147,3860
2.28838786215,9.12810345135,1.1963402607,1.294364,-0.621356,-0.776628,0,0,0,0,0,0,1462074596157,3870
2.90294473755,9.89632896525,0.7728738186,1.203501,-0.554053,-0.626004,0,0,0,0,0,0,1462074596167,3880
3.3847699587,9.89603476875,0.01795579305,1.121147,-0.719698,-0.474424,0,0,0,0,0,0,1462074596177,3890
3.6855368472,9.40702134645,-0.4384312374,1.073176,-1.063058,-0.321600,0,0,0,0,0,0,1462074596187,3900
3.50777351535,8.6889171096,-0.95557965165,1.063196,-1.496937,-0.168884,0,0,0,0,0,0,1462074596197,3910
2.7435784935,9.7088375358,-0.37050126555,1.052477,-1.709827,-0.196349,0,0,0,0,0,0,1462074596207,3920
1.86311701485,10.2280747452,0.1845004317,1.076039,-1.838220,-0.291536,0,0,0,0,0,0,1462074596217,3930
1.10446269375,9.93673195125,0.433645641,1.125693,-1.859314,-0.393413,0,0,0,0,0,0,1462074596227,3940
0.4614766299,9.6814576482,0.9436058541,1.188860,-1.738916,-0.485563,0,0,0,0,0,0,1462074596237,3950
0.208291122,9.4418836317,1.35600070125,1.286663,-1.540757,-0.547451,0,0,0,0,0,0,1462074596247,3960
0.205153026,9.28432179285,1.6442053992,1.411235,-1.336188,-0.594591,0,0,0,0,0,0,1462074596257,3970
0.1868932299,8.98594770255,1.69956337395,1.513257,-1.181366,-0.617486,0,0,0,0,0,0,1462074596267,3980
0.10474376055,8.61678993435,1.54454143155,1.536637,-1.174230,-0.650662,0,0,0,0,0,0,1462074596277,3990
0.12465105705,8.77361628195,1.33744670865,1.403403,-1.335766,-0.686175,0,0,0,0,0,0,1462074596287,4000
0.2974718877,9.15054083775,1.33534810695,1.156970,-1.517150,-0.717690,0,0,0,0,0,0,1462074596297,4010
0.56337649095,9.1985831262,1.89110490855,0.906147,-1.529140,-0.712420,0,0,0,0,0,0,1462074596307,4020
0.93896735595,9.3494078652,2.098797831,0.683379,-1.470001,-0.714193,0,0,0,0,0,0,1462074596317,4030
1.48842835245,9.7238023311,1.6727816859,0.527635,-1.467322,-0.701089,0,0,0,0,0,0,1462074596327,4040
2.14248601125,10.4769159514,1.1405213781,0.427376,-1.500673,-0.647238,0,0,0,0,0,0,1462074596337,4050
2.43891840465,11.2321281735,0.55141249995,0.322548,-1.408186,-0.549546,0,0,0,0,0,0,1462074596347,4060
2.56850215635,11.8894808331,0.2365732122,0.265284,-1.174489,-0.466941,0,0,0,0,0,0,1462074596357,4070
2.772311685,12.3265685731,0.15203094465,0.348339,-1.066625,-0.372873,0,0,0,0,0,0,1462074596367,4080
3.28555709235,13.0759458979,0.1117750569,0.491833,-1.233642,-0.319192,0,0,0,0,0,0,1462074596377,4090
3.9023596677,13.6406756928,-0.02797808715,0.559393,-1.614627,-0.321193,0,0,0,0,0,0,1462074596387,4100
4.14596417625,13.5570258213,-0.00418739685,0.508354,-2.055632,-0.287551,0,0,0,0,0,0,1462074596397,4110
4.5490820271,13.7741526449,0.84439298775,0.309631,-2.418042,-0.182617,0,0,0,0,0,0,1462074596407,4120
4.83085362825,13.8299617209,1.66888848555,0.026023,-2.782485,0.047732,0,0,0,0,0,0,1462074596417,4130
4.9320081915,12.9313973509,2.0358005538,-0.290680,-2.983574,0.350229,0,0,0,0,0,0,1462074596427,4140
5.30923675035,13.3951196808,3.1351736481,-0.679938,-2.936794,0.630086,0,0,0,0,0,0,1462074596437,4150
5.54551576605,13.6363313911,3.8336745915,-1.178039,-2.655755,0.902412,0,0,0,0,0,0,1462074596447,4160
5.46351339495,13.6493544895,4.1669207736,-1.707394,-2.201358,1.160638,0,0,0,0,0,0,1462074596457,4170
5.17441630095,13.5377265309,4.4166543759,-2.179450,-1.762489,1.354275,0,0,0,0,0,0,1462074596467,4180
4.86421551135,13.0940585958,4.6791168801,-2.609473,-1.363945,1.431002,0,0,0,0,0,0,1462074596477,4190
4.30906671585,12.593071376,4.6319866008,-3.006499,-0.902384,1.411044,0,0,0,0,0,0,1462074596487,4200
3.3472108722,11.5691106511,4.67163448245,-3.287478,-0.482784,1.371567,0,0,0,0,0,0,1462074596497,4210
2.1031323261,10.1345496778,5.0675739387,-3.395470,0.121919,1.406910,0,0,0,0,0,0,1462074596507,4220
1.1798848698,9.62788446555,5.5221663705,-3.258978,1.320315,1.568211,0,0,0,0,0,0,1462074596517,4230
1.0615198113,10.3982085811,4.35111720225,-2.910043,2.869030,1.869472,0,0,0,0,0,0,1462074596527,4240
1.77632904735,11.2427584737,1.7564315574,-2.538230,4.226780,2.246557,0,0,0,0,0,0,1462074596537,4250
2.8408398564,11.6885250105,-0.26755210365,-2.309549,5.098933,2.631027,0,0,0,0,0,0,1462074596547,4260
2.9773078062,12.1724488333,-0.98819623695,-2.175705,5.306747,3.034653,0,0,0,0,0,0,1462074596557,4270
2.66621462055,12.6313757602,-1.09308709575,-2.042301,5.030092,3.365567,0,0,0,0,0,0,1462074596567,4280
2.7916109754,13.4008074798,-1.1123961927,-1.895484,4.397543,3.466044,0,0,0,0,0,0,1462074596577,4290
2.09206073115,14.5836833473,-1.18811256525,-1.733175,3.422697,3.305287,0,0,0,0,0,0,1462074596587,4300
1.448623566,14.7180526954,-2.17031700015,-1.665967,2.126630,2.957993,0,0,0,0,0,0,1462074596597,4310
0.57879238755,15.5557183899,-3.3367374768,-1.705234,0.569088,2.445064,0,0,0,0,0,0,1462074596607,4320
0.1065383592,14.7458836843,-4.0953917979,-1.625017,-0.811893,1.980698,0,0,0,0,0,0,1462074596617,4330
-0.1280931561,12.1378807446,-2.4900987891,-1.393252,-1.819294,1.612276,0,0,0,0,0,0,1462074596627,4340
0.16774103775,11.0138147574,-1.28043142695,-1.110804,-2.346438,1.342734,0,0,0,0,0,0,1462074596637,4350
0.4489046328,10.4760235554,-0.1086369609,-0.853564,-2.410194,1.161918,0,0,0,0,0,0,1462074596647,4360
0.8337724941,9.65002765545,0.9617087454,-0.723865,-2.243979,1.107982,0,0,0,0,0,0,1462074596657,4370
0.8708804793,7.99880076645,2.01904115985,-0.652287,-1.803612,1.141298,0,0,0,0,0,0,1462074596667,4380
0.88599237285,6.88101097125,2.84922445665,-0.621248,-1.168192,1.215149,0,0,0,0,0,0,1462074596677,4390
0.8427552939,6.814571595,3.108087957,-0.612539,-0.510414,1.283008,0,0,0,0,0,0,1462074596687,4400
0.50083031505,6.97513423815,2.6546919243,-0.582027,0.057616,1.304015,0,0,0,0,0,0,1462074596697,4410
0.2401624095,7.10067769125,1.633575099,-0.519179,0.502933,1.283099,0,0,0,0,0,0,1462074596707,4420
0.1628083431,6.98052784065,0.557992695,-0.438013,0.783130,1.233843,0,0,0,0,0,0,1462074596717,4430
0.0302237871,6.8266924908,-0.1708889403,-0.321160,0.973562,1.140810,0,0,0,0,0,0,1462074596727,4440
-0.2700920001,6.57335988465,-0.5442242988,-0.161851,1.131817,1.027925,0,0,0,0,0,0,1462074596737,4450
-0.55649229285,6.32676437835,-0.76135112235,0.023939,1.264325,0.895386,0,0,0,0,0,0,1462074596747,4460
-0.74564102925,6.0749223678,-0.9067920654,0.189035,1.339194,0.726255,0,0,0,0,0,0,1462074596757,4470
-0.8692329789,5.84434095765,-0.8749207779,0.318728,1.374812,0.557066,0,0,0,0,0,0,1462074596767,4480
-1.04072011875,5.6400803277,-0.77706121545,0.418651,1.420208,0.404215,0,0,0,0,0,0,1462074596777,4490
-1.1875143657,5.48820628785,-0.6965592465,0.507854,1.462384,0.242900,0,0,0,0,0,0,1462074596787,4500
-1.2282115482,5.5064562774,-0.57384988635,0.567266,1.532227,0.071445,0,0,0,0,0,0,1462074596797,4510
-1.220130951,5.2800622641,-0.33892417455,0.674533,1.601625,-0.141995,0,0,0,0,0,0,1462074596807,4520
-1.16416497015,5.53908266925,-0.05357318265,0.834597,1.601308,-0.414095,0,0,0,0,0,0,1462074596817,4530
-0.9968750337,5.8726132413,0.56906428995,1.078612,1.551594,-0.717228,0,0,0,0,0,0,1462074596827,4540
-1.12421308545,6.17038913205,1.4248328757,1.480395,1.420962,-0.968133,0,0,0,0,0,0,1462074596837,4550
-1.43396277375,6.06100687335,2.24843597745,2.070404,1.080840,-1.137365,0,0,0,0,0,0,1462074596847,4560
-1.0586759118,7.61183430345,4.7703962475,2.740847,0.645414,-1.362538,0,0,0,0,0,0,1462074596857,4570
0.2596186047,8.64866122185,8.7918662715,3.130865,-0.018462,-1.523450,0,0,0,0,0,0,1462074596867,4580
4.46334336045,11.7789021753,16.7581975509,2.544180,-0.327010,-1.627789,0,0,0,0,0,0,1462074596877,4590
10.0140958242,10.2734104258,27.665169946,0.350533,0.728423,-1.149116,0,0,0,0,0,0,1462074596887,4600
11.0367032451,10.9759516679,19.4818687479,-1.160404,1.079402,-0.442081,0,0,0,0,0,0,1462074596897,4610
8.79979977045,13.0330030155,8.97382680675,-0.864447,0.389877,-0.071663,0,0,0,0,0,0,1462074596907,4620
9.21204751935,12.8945933688,5.1353568123,-0.196682,-0.013297,0.335485,0,0,0,0,0,0,1462074596917,4630
9.81028629555,12.541900798,3.192032025,0.258350,-0.343756,0.563981,0,0,0,0,0,0,1462074596927,4640
9.4254282408,11.932129519,2.8976982333,0.319752,-0.784385,0.694698,0,0,0,0,0,0,1462074596937,4650
6.55496279685,11.9801620009,3.49071011835,0.052874,-1.334917,0.791015,0,0,0,0,0,0,1462074596947,4660
4.3303175097,13.0208821197,2.79056167455,-0.226524,-1.812134,0.872136,0,0,0,0,0,0,1462074596957,4670
3.08609186535,13.617483202,2.4799195902,-0.254330,-1.645722,0.928281,0,0,0,0,0,0,1462074596967,4680
1.8068568375,13.8999902944,4.13115628575,0.128379,-1.024885,0.893424,0,0,0,0,0,0,1462074596977,4690
1.63911579975,14.6360503244,5.44450830105,0.521490,-0.355007,0.732107,0,0,0,0,0,0,1462074596987,4700
3.06439977675,13.8805439058,3.0212999895,0.467935,0.045160,0.744823,0,0,0,0,0,0,1462074596997,4710
4.11693678825,11.107486923,1.0134873294,0.069722,0.348333,0.883266,0,0,0,0,0,0,1462074597007,4720
3.49280872005,10.2838936278,-1.00361213355,-0.423961,0.351587,0.985645,0,0,0,0,0,0,1462074597017,4730
1.86027311535,10.6029105058,-2.5433679687,-0.735007,0.060722,0.937687,0,0,0,0,0,0,1462074597027,4740
0.20290732605,10.2270254443,-3.14504884395,-0.790326,-0.154630,0.699566,0,0,0,0,0,0,1462074597037,4750
-1.60559701185,9.37065865905,0.21457712055,-0.405900,0.114641,0.439744,0,0,0,0,0,0,1462074597047,4760
-3.3903008529,8.2847499579,5.78403067515,0.027274,0.746606,0.199925,0,0,0,0,0,0,1462074597057,4770
-3.05496587565,8.36644832595,4.6695456873,-0.148009,1.216767,-0.157599,0,0,0,0,0,0,1462074597067,4780
-1.73039516715,8.9735228037,0.05790767775,-0.552853,1.121463,-0.409678,0,0,0,0,0,0,1462074597077,4790
-0.81866060055,8.92100872845,-3.95069615265,-0.824335,0.459784,-0.534968,0,0,0,0,0,0,1462074597087,4800
0.1921299276,8.5044166779,-5.8646895489,-0.831629,-0.308969,-0.651831,0,0,0,0,0,0,1462074597097,4810
0.24450671115,8.95242891465,-4.70411377605,-0.527090,-0.864345,-0.699084,0,0,0,0,0,0,1462074597107,4820
0.22595271855,9.39864655275,-4.15120087395,-0.061914,-1.379102,-0.653570,0,0,0,0,0,0,1462074597117,4830
0.2213142204,9.83782308795,-3.4755982248,0.426418,-1.722799,-0.623719,0,0,0,0,0,0,1462074597127,4840
0.1397629506,10.2282218434,-2.6394329325,0.866217,-1.664806,-0.662179,0,0,0,0,0,0,1462074597137,4850
-0.16221014355,10.5096894415,-2.25561437205,1.174116,-1.296855,-0.692343,0,0,0,0,0,0,1462074597147,4860
-0.21861741915,11.288996357,-2.11151692635,1.383016,-0.845911,-0.758174,0,0,0,0,0,0,1462074597157,4870
-0.06853797795,11.3114435499,-1.6703888877,1.669506,-0.491723,-0.788280,0,0,0,0,0,0,1462074597167,4880
0.40237255305,11.3235644457,-0.53121100695,2.145117,-0.275635,-0.865013,0,0,0,0,0,0,1462074597177,4890
1.12391888895,11.4163344087,0.27802549905,2.488219,-0.291302,-0.980052,0,0,0,0,0,0,1462074597187,4900
1.70091667785,11.4687111922,0.67036595145,2.524465,-0.629627,-1.125262,0,0,0,0,0,0,1462074597197,4910
2.2530744756,11.1508809067,2.1415936152,2.354026,-1.132103,-1.256345,0,0,0,0,0,0,1462074597207,4920
2.61638754,10.3359664083,3.48576761715,1.969733,-1.571618,-1.298654,0,0,0,0,0,0,1462074597217,4930
2.93556132285,9.6103797738,4.15284837435,1.424910,-1.716573,-1.267549,0,0,0,0,0,0,1462074597227,4940
3.1218563532,9.03847158435,4.17754126725,0.905239,-1.526397,-1.213295,0,0,0,0,0,0,1462074597237,4950
2.8945601373,8.8529218518,3.3931447524,0.523274,-1.117384,-1.140086,0,0,0,0,0,0,1462074597247,4960
2.402408619,8.9138205273,2.23197078,0.336039,-0.606793,-1.061233,0,0,0,0,0,0,1462074597257,4970
2.04357714795,8.83571135655,1.20337155705,0.340041,-0.028886,-1.008997,0,0,0,0,0,0,1462074597267,4980
1.9098059994,8.8770067386,0.45370003575,0.470796,0.513417,-0.975248,0,0,0,0,0,0,1462074597277,4990
2.05824774675,8.99567580015,-0.00299099775,0.664791,0.913851,-0.972145,0,0,0,0,0,0,1462074597287,5000
2.24753377485,8.98879160205,-0.4489046328,0.863462,0.961045,-0.984093,0,0,0,0,0,0,1462074597297,5010
2.50595598045,9.02395789035,-0.8696840802,1.036617,0.601795,-1.026245,0,0,0,0,0,0,1462074597307,5020
2.84383085415,9.0462481785,-1.0591270131,1.134919,-0.020962,-1.061672,0,0,0,0,0,0,1462074597317,5030
3.084748368,8.9468882139,-1.04999711505,1.129773,-0.666494,-1.052713,0,0,0,0,0,0,1462074597327,5040
3.14191074795,8.73994058925,-0.8164149006,1.076401,-1.145814,-1.023670,0,0,0,0,0,0,1462074597337,5050
3.12814235175,8.52117607185,-0.5039782176,1.020539,-1.477261,-0.991098,0,0,0,0,0,0,1462074597347,5060
3.0168085896,8.4571294938,-0.1170117546,0.987798,-1.656693,-0.960509,0,0,0,0,0,0,1462074597357,5070
2.90802453045,8.43558450345,0.2240012151,0.998219,-1.710956,-0.958974,0,0,0,0,0,0,1462074597367,5080
2.709157503,8.52835446645,0.48107992335,1.049302,-1.709253,-0.996704,0,0,0,0,0,0,1462074597377,5090
2.59274394795,8.6194867356,0.68009404905,1.114231,-1.704477,-1.045184,0,0,0,0,0,0,1462074597387,5100
2.49189338775,8.7354589959,0.8277904986,1.181238,-1.727224,-1.074755,0,0,0,0,0,0,1462074597397,5110
2.51717467365,8.82643436025,1.06810000635,1.249269,-1.769037,-1.093854,0,0,0,0,0,0,1462074597407,5120
2.57224825845,8.85336314655,1.3950601899,1.282193,-1.790510,-1.108196,0,0,0,0,0,0,1462074597417,5130
2.5384254675,8.89392303735,1.81553563425,1.216281,-1.735024,-1.110303,0,0,0,0,0,0,1462074597427,5140
2.5322865672,8.9869970034,2.1350036136,1.022791,-1.583387,-1.105076,0,0,0,0,0,0,1462074597437,5150
2.67908081415,9.2190788157,2.3151695502,0.764580,-1.358114,-1.092205,0,0,0,0,0,0,1462074597447,5160
3.13651714545,9.80220569835,2.3344688406,0.554035,-1.231699,-1.051894,0,0,0,0,0,0,1462074597457,5170
3.75915461805,10.4142226773,1.93584238965,0.387792,-1.221295,-1.004522,0,0,0,0,0,0,1462074597467,5180
4.148955174,10.9729606701,1.31395021485,0.209090,-1.145900,-0.946845,0,0,0,0,0,0,1462074597477,5190
4.20207725535,11.544574663,0.7624004232,0.046197,-0.922399,-0.846362,0,0,0,0,0,0,1462074597487,5200
4.04540781255,12.0223595856,0.419131947,-0.017587,-0.719474,-0.756526,0,0,0,0,0,0,1462074597497,5210
4.27674432705,12.5911296791,0.1545708411,0.042201,-0.749127,-0.714692,0,0,0,0,0,0,1462074597507,5220
4.7542350531,12.9915507286,-0.14873594385,0.147383,-1.080170,-0.708031,0,0,0,0,0,0,1462074597517,5230
5.3405098383,13.1069247894,-0.3929484585,0.202652,-1.618187,-0.662362,0,0,0,0,0,0,1462074597527,5240
5.59639214745,13.1432874768,-0.22863971325,0.106880,-2.164350,-0.481167,0,0,0,0,0,0,1462074597537,5250
5.7644273817,12.9933453273,0.16040573835,-0.093803,-2.593925,-0.252147,0,0,0,0,0,0,1462074597547,5260
5.94609372045,13.2101681478,1.40777928525,-0.379421,-2.938097,-0.014132,0,0,0,0,0,0,1462074597557,5270
5.95776351495,13.1530155744,2.42589530625,-0.843859,-3.014286,0.291879,0,0,0,0,0,0,1462074597567,5280
5.58097625085,13.2541603311,3.54443039925,-1.435878,-2.595016,0.667557,0,0,0,0,0,0,1462074597577,5290
5.2544671686,12.9806262319,4.2891692259,-1.974497,-1.907104,1.002640,0,0,0,0,0,0,1462074597587,5300
5.02178715675,13.0559013098,4.66206328965,-2.331014,-1.305833,1.343857,0,0,0,0,0,0,1462074597597,5310
4.27645013055,10.6473537904,3.66159905865,-2.519611,-0.775911,1.594490,0,0,0,0,0,0,1462074597607,5320
4.1543487765,11.1167639193,3.5592480963,-2.730168,-0.182717,1.614632,0,0,0,0,0,0,1462074597617,5330
3.8878459737,11.7022934067,4.12068289035,-2.915472,0.442440,1.505895,0,0,0,0,0,0,1462074597627,5340
3.2801732964,11.7230930993,4.58604291405,-2.911969,1.275512,1.397448,0,0,0,0,0,0,1462074597637,5350
2.59603894875,11.420227609,3.83382168975,-2.616592,2.167586,1.622724,0,0,0,0,0,0,1462074597647,5360
2.28674036175,11.2285389762,1.50743344635,-2.191940,3.118430,2.084021,0,0,0,0,0,0,1462074597657,5370
1.83887522325,12.325372174,-0.41284594845,-1.846948,3.684590,2.560550,0,0,0,0,0,0,1462074597667,5380
3.01785789045,12.4817474203,-1.3159017183,-1.646906,3.907036,2.955210,0,0,0,0,0,0,1462074597677,5390
3.27508369695,12.4471793316,-0.9875980374,-1.500084,4.005626,3.262855,0,0,0,0,0,0,1462074597687,5400
1.95006188715,12.7100929371,-0.2241581199,-1.395183,3.875141,3.498392,0,0,0,0,0,0,1462074597697,5410
0.76898061825,13.2998000148,-0.16968273465,-1.358537,3.754595,3.463912,0,0,0,0,0,0,1462074597707,5420
0.00344209905,14.6098668359,-0.15322734375,-1.389164,3.366675,3.199458,0,0,0,0,0,0,1462074597717,5430
-1.2597886392,14.6204971361,-2.1209410209,-1.465382,2.723526,2.775292,0,0,0,0,0,0,1462074597727,5440
-1.71572456835,14.2190169791,-2.801339073,-1.537508,1.888300,2.266174,0,0,0,0,0,0,1462074597737,5450
-1.5289784367,13.1133578862,-3.21583252185,-1.559861,0.929908,1.806633,0,0,0,0,0,0,1462074597747,5460
-0.82434839955,11.440125099,-2.8372506591,-1.493843,0.026606,1.499239,0,0,0,0,0,0,1462074597757,5470
-0.0929268678,11.1067416252,-1.70450587515,-1.303245,-0.534146,1.251499,0,0,0,0,0,0,1462074597767,5480
0.40431424995,9.74340562455,-1.23928314315,-1.035440,-0.856308,1.082043,0,0,0,0,0,0,1462074597777,5490
1.0646579073,8.8508232501,-0.3658627674,-0.735401,-0.983254,1.004711,0,0,0,0,0,0,1462074597787,5500
1.5803059194,8.08423543005,0.53360380515,-0.459821,-0.947752,1.025023,0,0,0,0,0,0,1462074597797,5510
1.7992273416,7.51412183925,1.2964455231,-0.268698,-0.802782,1.146205,0,0,0,0,0,0,1462074597807,5520
1.6352225994,7.21066795605,1.8463576209,-0.186569,-0.487095,1.297634,0,0,0,0,0,0,1462074597817,5530
0.6944606448,7.76701315065,2.05689444285,-0.199305,-0.060204,1.345414,0,0,0,0,0,0,1462074597827,5540
-0.34790697435,7.89016380555,1.6026060141,-0.246821,0.352991,1.250556,0,0,0,0,0,0,1462074597837,5550
-0.4340967423,7.59373141215,2.6014227447,-0.176967,1.044024,1.089054,0,0,0,0,0,0,1462074597847,5560
-0.8862963759,6.7812097119,1.4595480627,0.014382,1.796623,0.813030,0,0,0,0,0,0,1462074597857,5570
-1.06121580825,6.46472292375,0.03246948705,0.171237,2.289461,0.490127,0,0,0,0,0,0,1462074597867,5580
-1.06286330865,6.4041282513,-1.4276767752,0.241188,2.252700,0.142803,0,0,0,0,0,0,1462074597877,5590
-1.20307736055,7.1775904629,-1.37290719345,0.223162,1.930803,-0.252236,0,0,0,0,0,0,1462074597887,5600
-0.5491668,5.81845166565,-1.17554056815,0.268625,1.638146,-0.549506,0,0,0,0,0,0,1462074597897,5610
-0.2374754148,5.0143047591,-1.29270922755,0.349818,1.327335,-0.695917,0,0,0,0,0,0,1462074597907,5620
-0.3076510866,5.34918863505,-1.0748371062,0.463456,1.041464,-0.763512,0,0,0,0,0,0,1462074597917,5630
-0.60736867425,6.039461883,-0.73710933075,0.657294,0.867430,-0.923486,0,0,0,0,0,0,1462074597927,5640
-1.13064618225,6.1323887508,-0.73471653255,0.933577,0.569390,-1.136489,0,0,0,0,0,0,1462074597937,5650
-1.67128128375,6.25898150475,-0.21338072145,1.276927,0.269800,-1.389523,0,0,0,0,0,0,1462074597947,5660
-2.12228451825,5.74452989175,0.4707536262,1.631113,-0.029521,-1.601084,0,0,0,0,0,0,1462074597957,5670
-1.23285004635,6.26406129765,2.67145131825,1.971288,-0.126763,-1.819169,0,0,0,0,0,0,1462074597967,5680
0.0432468855,6.22530581205,6.07267666785,2.279921,0.067818,-1.995897,0,0,0,0,0,0,1462074597977,5690
0.93014146095,6.51336341175,10.4088388814,2.378063,0.275027,-1.983100,0,0,0,0,0,0,1462074597987,5700
3.48472812285,7.40683818225,13.2588086358,1.785521,0.185425,-1.671835,0,0,0,0,0,0,1462074597997,5710
8.85785454645,8.3194651449,23.2019736838,-0.356719,1.191307,-0.818923,0,0,0,0,0,0,1462074598007,5720
10.7372896605,10.2348118451,18.7004730374,-1.452593,1.983326,0.152912,0,0,0,0,0,0,1462074598017,5730
9.03771648,13.0365922128,7.8536540199,-0.805241,1.331273,0.552592,0,0,0,0,0,0,1462074598027,5740
9.104008758,14.2390713738,4.36129640115,-0.040322,0.880608,0.757023,0,0,0,0,0,0,1462074598037,5750
9.59362037985,14.4572376916,2.8942659408,0.379782,0.487679,0.863745,0,0,0,0,0,0,1462074598047,5760
9.64120176045,13.7629241451,1.21549245285,0.454505,-0.538894,1.014472,0,0,0,0,0,0,1462074598057,5770
7.33770200475,12.728794028,1.80745503705,0.261377,-1.510888,1.103028,0,0,0,0,0,0,1462074598067,5780
4.7356810605,13.4171157724,2.70661760655,0.021850,-2.043237,1.077778,0,0,0,0,0,0,1462074598077,5790
2.94723111735,14.6329122283,3.38536815825,0.027565,-1.963479,1.078471,0,0,0,0,0,0,1462074598087,5800
1.27235082975,14.9284424191,4.9836298707,0.241194,-1.461098,1.067431,0,0,0,0,0,0,1462074598097,5810
0.71031783615,15.1581314332,6.85961307915,0.432437,-0.922755,1.019618,0,0,0,0,0,0,1462074598107,5820
2.5082016804,14.4285045001,4.4610976605,0.381023,-0.380398,1.133821,0,0,0,0,0,0,1462074598117,5830
4.00920202995,12.0210160883,1.656326295,-0.104316,0.476990,1.247272,0,0,0,0,0,0,1462074598127,5840
3.29932548855,10.8008851372,-1.1221242903,-0.549859,1.158013,1.110413,0,0,0,0,0,0,1462074598137,5850
0.9269935584,10.9535142814,-3.29079379005,-0.678084,1.586043,0.828823,0,0,0,0,0,0,1462074598147,5860
-0.35987096535,11.7486783882,-3.463477329,-0.474441,1.586335,0.511587,0,0,0,0,0,0,1462074598157,5870
-1.76256065115,10.7661699502,0.1167175581,-0.085774,0.908240,0.296201,0,0,0,0,0,0,1462074598167,5880
-3.43249843755,8.25018186915,5.4874511835,0.229497,-0.003135,0.149623,0,0,0,0,0,0,1462074598177,5890
-3.04853277885,7.33576030785,5.59623524265,-0.251785,0.409375,-0.068290,0,0,0,0,0,0,1462074598187,5900
-0.9560209464,8.1147632202,1.6545218898,-0.868293,1.293849,-0.232674,0,0,0,0,0,0,1462074598197,5910
0.26021680425,8.82882715845,-3.5818423875,-1.140939,1.484399,-0.320182,0,0,0,0,0,0,1462074598207,5920
1.00121933535,8.74817809125,-5.5323455694,-1.139043,1.351267,-0.490894,0,0,0,0,0,0,1462074598217,5930
0.6416425665,9.14979553995,-5.223949185,-0.889515,0.907819,-0.819053,0,0,0,0,0,0,1462074598227,5940
0.4008721509,10.5450028281,-4.57288252395,-0.401156,0.216874,-1.445745,0,0,0,0,0,0,1462074598237,5950
-1.5355684383,9.8945343666,-4.21151115645,0.078355,-0.313614,-1.803361,0,0,0,0,0,0,1462074598247,5960
-3.2031134265,10.4867911473,-3.44911073325,0.393463,-0.545822,-1.723004,0,0,0,0,0,0,1462074598257,5970
-4.11528928785,10.6181793042,-3.16375974135,0.688933,-0.533567,-1.234146,0,0,0,0,0,0,1462074598267,5980
-3.96311124495,10.7248647616,-2.3845999242,1.166255,-0.172192,-0.783056,0,0,0,0,0,0,1462074598277,5990
-2.3132278533,11.30695215,0.94106595765,2.093354,0.678058,-0.789611,0,0,0,0,0,0,1462074598287,6000
-1.06451080905,10.9146018911,2.09969022705,2.891409,1.626904,-0.892175,0,0,0,0,0,0,1462074598297,6010
-0.5038213128,10.622062698,1.86386231265,3.282037,2.297041,-0.872288,0,0,0,0,0,0,1462074598307,6020
0.141410451,11.1878417937,0.57639958935,3.064324,1.673912,-0.940137,0,0,0,0,0,0,1462074598317,6030
1.3130578188,10.8137513309,-1.37410359255,2.427429,-0.148693,-1.139126,0,0,0,0,0,0,1462074598327,6040
2.02308145845,9.74369982105,2.9461818165,1.853805,-1.323979,-1.223934,0,0,0,0,0,0,1462074598337,6050
2.8125577662,8.92489212225,3.7720306182,1.304496,-2.168986,-1.221686,0,0,0,0,0,0,1462074598347,6060
3.2228638182,8.8981104342,3.3180265794,0.864341,-2.554346,-1.152164,0,0,0,0,0,0,1462074598357,6070
2.53737616665,8.81835376305,2.7043719066,0.614985,-2.404447,-0.969550,0,0,0,0,0,0,1462074598367,6080
1.95394528095,8.6969977068,1.85234942295,0.586066,-1.862003,-0.834228,0,0,0,0,0,0,1462074598377,6090
1.63821359715,8.8705736418,1.21594355415,0.702666,-1.188531,-0.758636,0,0,0,0,0,0,1462074598387,6100
1.49605784835,9.2359853079,0.7432384245,0.885852,-0.634530,-0.703919,0,0,0,0,0,0,1462074598397,6110
1.5194072439,9.323675478,0.28235999415,1.045070,-0.378544,-0.686937,0,0,0,0,0,0,1462074598407,6120
1.642400994,9.2639732016,-0.17701803405,1.126952,-0.424654,-0.706197,0,0,0,0,0,0,1462074598417,6130
1.93374378795,9.18855102555,-0.32531268315,1.122653,-0.626988,-0.742147,0,0,0,0,0,0,1462074598427,6140
2.28987845775,9.1460592444,-0.2527344066,1.070015,-0.901462,-0.771952,0,0,0,0,0,0,1462074598437,6150
2.6139947418,9.12406315275,-0.17342883675,1.017231,-1.221541,-0.784063,0,0,0,0,0,0,1462074598447,6160
2.7226317027,9.01811318655,0.0071783946,1.008564,-1.504184,-0.749316,0,0,0,0,0,0,1462074598457,6170
2.7612302835,8.96335341135,0.42945824415,1.039886,-1.698506,-0.692780,0,0,0,0,0,0,1462074598467,6180
2.8484693523,8.90633812965,0.70388473935,1.056784,-1.790618,-0.627707,0,0,0,0,0,0,1462074598477,6190
2.8001426739,8.93985691755,1.0990788978,1.033648,-1.784657,-0.548584,0,0,0,0,0,0,1462074598487,6200
2.7307122999,9.0398150817,1.3259240124,0.970219,-1.735929,-0.454857,0,0,0,0,0,0,1462074598497,6210
2.7923562732,9.2302975089,1.5158180466,0.918425,-1.699021,-0.373064,0,0,0,0,0,0,1462074598507,6220
2.88258633975,9.4673218224,1.5394518321,0.894277,-1.664485,-0.313916,0,0,0,0,0,0,1462074598517,6230
2.66666572185,10.2451283356,1.79009744355,0.852695,-1.679059,-0.287045,0,0,0,0,0,0,1462074598527,6240
2.71903269885,10.5982720077,1.9868658693,0.770690,-1.658480,-0.269088,0,0,0,0,0,0,1462074598537,6250
2.5001210832,10.6117462074,2.1981577956,0.675947,-1.572363,-0.312223,0,0,0,0,0,0,1462074598547,6260
2.6139947418,10.716489968,2.32294614435,0.548448,-1.465520,-0.297330,0,0,0,0,0,0,1462074598557,6270
3.0989678655,11.2951254507,2.08637293215,0.421738,-1.406638,-0.295679,0,0,0,0,0,0,1462074598567,6280
3.48188422335,11.9274910209,1.97414677395,0.346164,-1.383920,-0.273494,0,0,0,0,0,0,1462074598577,6290
3.9309359544,12.2797324903,1.6711341855,0.280473,-1.384976,-0.152501,0,0,0,0,0,0,1462074598587,6300
4.2975440196,12.4561523248,1.292111028,0.172645,-1.331133,0.041842,0,0,0,0,0,0,1462074598597,6310
4.55103353055,12.8616727805,0.9440569554,0.086517,-1.226089,0.265248,0,0,0,0,0,0,1462074598607,6320
4.4781610575,13.1628907702,0.92610116235,0.065634,-1.154713,0.565573,0,0,0,0,0,0,1462074598617,6330
4.4489767647,13.397512479,0.9799685415,0.114486,-1.163895,0.785675,0,0,0,0,0,0,1462074598627,6340
4.5856016193,14.0240431519,1.1043155955,0.182639,-1.308826,0.921216,0,0,0,0,0,0,1462074598637,6350
4.4316191712,14.2543303656,1.09683319785,0.176798,-1.526952,1.053524,0,0,0,0,0,0,1462074598647,6360
4.43955267015,13.946679279,0.95393215125,0.120271,-1.586832,1.133391,0,0,0,0,0,0,1462074598657,6370
4.2948570249,14.5347486629,1.3981982859,0.009140,-1.493093,1.254596,0,0,0,0,0,0,1462074598667,6380
4.01877322275,14.065338534,1.69956337395,-0.259988,-1.199863,1.393954,0,0,0,0,0,0,1462074598677,6390
3.88185417165,13.8102113292,2.19859909035,-0.515550,-0.746067,1.533622,0,0,0,0,0,0,1462074598687,6400
3.7504758213,13.1628907702,3.0322244862,-0.800669,-0.086140,1.778845,0,0,0,0,0,0,1462074598697,6410
4.070698905,13.6384299928,3.59979818055,-1.121571,0.699230,2.001034,0,0,0,0,0,0,1462074598707,6420
4.3057815216,13.2849921243,3.7088764362,-1.382384,1.297491,2.259326,0,0,0,0,0,0,1462074598717,6430
4.52035864215,12.3140063826,2.2012958916,-1.415964,1.422881,2.522962,0,0,0,0,0,0,1462074598727,6440
4.5342741366,11.173779201,2.3575142331,-1.488884,1.900681,2.672987,0,0,0,0,0,0,1462074598737,6450
4.48189735305,10.4691393573,3.03611768655,-1.508905,2.145674,2.714874,0,0,0,0,0,0,1462074598747,6460
4.564949025,10.2666831325,3.01921119435,-1.160521,2.387901,2.817474,0,0,0,0,0,0,1462074598757,6470
4.93125308715,10.2415391383,2.4847051866,-0.762995,3.103032,3.177697,0,0,0,0,0,0,1462074598767,6480
4.9122577998,11.561334057,1.16028157635,-0.609109,4.356447,3.892490,0,0,0,0,0,0,1462074598777,6490
4.4420925666,12.5184043042,0.06404657805,-0.439817,5.401159,4.434684,0,0,0,0,0,0,1462074598787,6500
5.20344368895,12.4950647152,-0.76972591605,-0.387070,5.884277,4.781896,0,0,0,0,0,0,1462074598797,6510
5.87501584605,13.1055714855,-1.6412045949,-0.446313,5.650410,4.921982,0,0,0,0,0,0,1462074598807,6520
6.3507021669,14.3530921306,-2.5372290684,-0.568236,4.730396,4.873983,0,0,0,0,0,0,1462074598817,6530
5.527559973,16.1403456747,-3.28436069325,-0.689569,3.149915,4.684483,0,0,0,0,0,0,1462074598827,6540
4.48399595475,15.3231854763,-2.9204494293,-0.835901,1.559194,4.392790,0,0,0,0,0,0,1462074598837,6550
3.83352749325,13.0138508233,-2.64811172925,-0.969833,0.333093,4.371890,0,0,0,0,0,0,1462074598847,6560
3.64094646435,13.1681274679,-1.75732395345,-0.951204,0.030572,4.316690,0,0,0,0,0,0,1462074598857,6570
3.51255911175,13.0729549002,0.3727469655,-0.761119,0.371735,4.211633,0,0,0,0,0,0,1462074598867,6580
3.1030081641,11.5688164546,0.948097254,-0.461478,1.084866,4.110150,0,0,0,0,0,0,1462074598877,6590
2.8522154544,10.0838302013,0.70104083985,-0.163970,1.645278,3.922003,0,0,0,0,0,0,1462074598887,6600
2.3268393447,9.71347603395,0.88734567675,0.046163,1.765749,3.752904,0,0,0,0,0,0,1462074598897,6610
1.73143466145,9.0850036641,1.0646579073,0.058593,1.836735,3.573342,0,0,0,0,0,0,1462074598907,6620
1.55801563125,8.49858178065,0.8611523817,0.020883,2.058693,3.218705,0,0,0,0,0,0,1462074598917,6630
1.3182945165,6.99174653385,0.35149617165,0.006202,1.997163,3.088238,0,0,0,0,0,0,1462074598927,6640
2.2084742862,7.3116656145,0.03201838575,0.034046,1.768605,3.115710,0,0,0,0,0,0,1462074598937,6650
2.35766133135,6.01342549275,-0.30795508965,0.136140,1.525300,3.046480,0,0,0,0,0,0,1462074598947,6660
2.03565345555,6.20481012255,-0.03366588615,0.320485,1.492799,2.746159,0,0,0,0,0,0,1462074598957,6670
1.6696435899,5.4123330105,-0.16609353735,0.517278,1.538698,2.262082,0,0,0,0,0,0,1462074598967,6680
1.4980093518,4.73867205825,-0.1666917369,0.746692,1.268540,1.768386,0,0,0,0,0,0,1462074598977,6690
1.3715636961,3.3172812816,-0.0622519794,0.860138,0.793910,1.338808,0,0,0,0,0,0,1462074598987,6700
1.29151282845,2.19950129295,0.2733870009,0.785970,0.285406,1.002204,0,0,0,0,0,0,1462074598997,6710
1.514915844,2.31172745115,0.83750878965,0.572831,-0.274795,0.667395,0,0,0,0,0,0,1462074599007,6720
1.633575099,2.30484325305,1.18856366655,0.375002,-0.973389,0.321573,0,0,0,0,0,0,1462074599017,6730
1.77707434515,1.6913356785,1.28013723045,0.239528,-1.838828,0.020549,0,0,0,0,0,0,1462074599027,6740
3.04345298595,2.11720472535,2.0001831642,0.034710,-2.841108,-0.111688,0,0,0,0,0,0,1462074599037,6750
4.1155932909,2.16404080815,2.9913703989,-0.579478,-3.950035,-0.009018,0,0,0,0,0,0,1462074599047,6760
6.23264111145,1.62564160005,3.856719984,-1.413165,-4.860688,0.212511,0,0,0,0,0,0,1462074599057,6770
7.80965203005,0.25662760695,4.0654622073,-2.094200,-5.466068,0.351357,0,0,0,0,0,0,1462074599067,6780
8.66901961965,-1.03144312245,4.0651680108,-2.584260,-5.808646,0.433434,0,0,0,0,0,0,1462074599077,6790
9.47046972495,-1.7600207547,4.00471063005,-2.922874,-5.928451,0.496016,0,0,0,0,0,0,1462074599087,6800
10.4145168738,-1.96412447985,3.74134592325,-3.165561,-5.825370,0.532127,0,0,0,0,0,0,1462074599097,6810
10.9129543906,-1.83079462605,3.23513181225,-3.300541,-5.509908,0.565013,0,0,0,0,0,0,1462074599107,6820
11.2786700598,-1.33938840555,2.52645166995,-3.210414,-5.175187,0.557751,0,0,0,0,0,0,1462074599117,6830
11.6437777228,-0.68293794855,1.9986925686,-2.997428,-5.116689,0.643834,0,0,0,0,0,0,1462074599127,6840
12.0835622642,-0.53793830025,1.5018927456,-2.695146,-5.202491,0.814122,0,0,0,0,0,0,1462074599137,6850
12.4865330168,-0.90874356885,1.1753934699,-2.414175,-5.291336,0.996292,0,0,0,0,0,0,1462074599147,6860
12.9572866429,-1.44233756745,0.76419502185,-2.223609,-5.298169,1.157631,0,0,0,0,0,0,1462074599157,6870
13.4792206536,-2.88707773965,0.17372303325,-2.092220,-5.191989,1.332260,0,0,0,0,0,0,1462074599167,6880
14.0650443375,-3.18800153295,-1.1007263982,-1.944267,-5.175364,1.484596,0,0,0,0,0,0,1462074599177,6890
14.8630523437,-3.8115314016,-2.54875176465,-1.855261,-4.863055,1.759562,0,0,0,0,0,0,1462074599187,6900
15.7568311173,-4.46394156,-4.2135999516,-1.796372,-4.220318,2.119929,0,0,0,0,0,0,1462074599197,6910
15.7542814143,-4.5297827367,-5.8516664505,-1.765561,-3.414824,2.472464,0,0,0,0,0,0,1462074599207,6920
15.6235012635,-4.03448331585,-6.92920035795,-1.744472,-2.564174,2.741307,0,0,0,0,0,0,1462074599217,6930
15.71373133,-2.2714715634,-8.0938164294,-1.594378,-2.119761,2.924250,0,0,0,0,0,0,1462074599227,6940
16.1434837707,-0.87687228135,-9.4661254233,-1.238784,-2.370134,3.009413,0,0,0,0,0,0,1462074599237,6950
15.9260627506,-0.11731575765,-10.6291038009,-0.842898,-2.877168,3.065194,0,0,0,0,0,0,1462074599247,6960
14.9836631022,-0.2669539041,-11.0554141425,-0.523532,-3.084100,3.112710,0,0,0,0,0,0,1462074599257,6970
14.4066653133,-0.69864804165,-11.2114853857,-0.293516,-2.921338,3.063197,0,0,0,0,0,0,1462074599267,6980
14.1376128075,-0.80534330565,-11.4520988965,-0.003898,-2.791728,3.012856,0,0,0,0,0,0,1462074599277,6990
13.3321224036,-0.4752450261,-11.7009401028,0.373412,-2.756944,3.121800,0,0,0,0,0,0,1462074599287,7000
12.8583777796,0.09591786555,-11.8685340423,0.728469,-2.718647,3.266140,0,0,0,0,0,0,1462074599297,7010
12.3181937794,0.9079884645,-11.7703704768,1.028654,-2.722126,3.347689,0,0,0,0,0,0,1462074599307,7020
11.4999842802,1.45655706495,-11.5471145595,1.284290,-2.821822,3.343470,0,0,0,0,0,0,1462074599317,7030
10.6925423728,2.37966722955,-11.2315299739,1.494455,-2.961581,3.223106,0,0,0,0,0,0,1462074599327,7040
9.86490877905,3.12814235175,-10.890065903,1.658365,-3.103979,3.013596,0,0,0,0,0,0,1462074599337,7050
9.15263943945,3.37234505985,-10.701976274,1.795516,-3.217972,2.750229,0,0,0,0,0,0,1462074599347,7060
8.80309477125,3.23603401485,-10.555182027,1.916043,-3.233031,2.482599,0,0,0,0,0,0,1462074599357,7070
8.51519407635,2.48051778975,-10.4993631444,1.988464,-3.102751,2.290278,0,0,0,0,0,0,1462074599367,7080
8.3417652396,1.67457628455,-10.497715644,2.024209,-2.903652,2.186309,0,0,0,0,0,0,1462074599377,7090
8.424807105,1.3323571092,-10.6935916737,2.029031,-2.727614,2.116499,0,0,0,0,0,0,1462074599387,7100
8.3603192322,1.3829392941,-10.8954496989,2.004835,-2.610915,2.065573,0,0,0,0,0,0,1462074599397,7110
8.14962550545,1.3319060079,-11.1297772111,1.940626,-2.637416,2.052031,0,0,0,0,0,0,1462074599407,7120
7.846612917,1.26846743595,-11.2310886792,1.819492,-2.765643,2.067878,0,0,0,0,0,0,1462074599417,7130
7.38544029015,1.66455399045,-10.8255682236,1.665950,-2.918740,2.014503,0,0,0,0,0,0,1462074599427,7140
6.7077390393,1.7887539462,-10.746409752,1.459629,-3.135840,1.914097,0,0,0,0,0,0,1462074599437,7150
6.2900976879,1.899332604,-10.3691811931,1.245822,-3.288622,1.733357,0,0,0,0,0,0,1462074599447,7160
5.79705377355,1.99958496465,-10.1400903786,1.072599,-3.408777,1.520595,0,0,0,0,0,0,1462074599457,7170
5.371635828,2.1299238207,-9.910695561,0.967768,-3.493109,1.289453,0,0,0,0,0,0,1462074599467,7180
5.0366048538,1.87568901195,-9.7899377043,0.973823,-3.631727,1.097339,0,0,0,0,0,0,1462074599478,7191
4.92572219295,1.63986109755,-9.28671459105,1.058387,-3.668242,0.936398,0,0,0,0,0,0,1462074599487,7200
4.79284344045,1.81508453295,-8.67949301505,1.152235,-3.555800,0.786355,0,0,0,0,0,0,1462074599497,7210
4.6307902017,2.1128604237,-8.1867432972,1.239254,-3.320906,0.652431,0,0,0,0,0,0,1462074599508,7221
4.4236954788,2.1492231111,-7.61797320375,1.370287,-3.061415,0.554589,0,0,0,0,0,0,1462074599518,7231
3.7287837327,1.77019014705,-7.36837689315,1.565805,-2.945584,0.472967,0,0,0,0,0,0,1462074599527,7240
3.45269993055,1.33715251215,-6.7339225278,1.778116,-2.890417,0.392765,0,0,0,0,0,0,1462074599538,7251
3.6051819765,1.2569447397,-6.01462189185,1.945690,-2.817042,0.312057,0,0,0,0,0,0,1462074599548,7261
3.62119607265,1.2879138246,-5.35487643405,2.025339,-2.630451,0.260877,0,0,0,0,0,0,1462074599558,7271
3.5243760045,1.2196798497,-4.7163817701,2.012058,-2.270980,0.251549,0,0,0,0,0,0,1462074599568,7281
3.4206815448,1.1135925918,-4.21510035375,1.935416,-1.779353,0.253593,0,0,0,0,0,0,1462074599578,7291
3.1719874368,0.9202662651,-3.7720306182,1.899926,-1.340364,0.200436,0,0,0,0,0,0,1462074599588,7301
2.74417669305,0.37050126555,-3.58318588485,1.964514,-1.127585,0.087817,0,0,0,0,0,0,1462074599598,7311
2.4015064164,-0.2555783061,-3.78310221315,2.035224,-0.995479,-0.000027,0,0,0,0,0,0,1462074599608,7321
2.10822192555,-1.05613601535,-3.8474429877,2.049789,-0.866670,0.021294,0,0,0,0,0,0,1462074599618,7331
1.7736322461,-1.6784694849,-3.9354273543,2.014607,-0.689522,0.088260,0,0,0,0,0,0,1462074599628,7341
1.77797654775,-1.90681500165,-3.75931152285,1.970275,-0.579892,0.081140,0,0,0,0,0,0,1462074599638,7351
1.9119046011,-2.11555722495,-3.46093743255,1.897907,-0.475976,0.008134,0,0,0,0,0,0,1462074599648,7361
1.88690770515,-2.45433430125,-3.49280872005,1.748768,-0.392809,-0.023898,0,0,0,0,0,0,1462074599658,7371
1.61322650775,-3.05347528005,-3.7385118303,1.567618,-0.361211,0.006749,0,0,0,0,0,0,1462074599668,7381
1.55501482695,-3.34421987445,-4.09120440105,1.388927,-0.483870,0.033807,0,0,0,0,0,0,1462074599678,7391
1.44294557355,-3.23438651445,-4.3246297107,1.232136,-0.649698,-0.016462,0,0,0,0,0,0,1462074599688,7401
1.4870848551,-2.96413760955,-4.2480209421,1.104205,-0.748040,-0.135628,0,0,0,0,0,0,1462074599698,7411
1.5032460495,-2.9934690006,-4.0611277122,0.996938,-0.743453,-0.279595,0,0,0,0,0,0,1462074599708,7421
1.3691708979,-3.39299765415,-3.83756779185,0.917988,-0.647226,-0.388852,0,0,0,0,0,0,1462074599718,7431
1.2455691417,-4.0219211253,-3.7238412315,0.878223,-0.446381,-0.429267,0,0,0,0,0,0,1462074599728,7441
1.53077303535,-4.60999050915,-3.6803001495,0.865915,-0.149298,-0.388028,0,0,0,0,0,0,1462074599738,7451
2.08517653305,-5.11336072065,-3.99049113255,0.861079,0.087658,-0.274942,0,0,0,0,0,0,1462074599748,7461
2.26728416655,-5.49299188425,-4.753038654,0.871281,0.097150,-0.135327,0,0,0,0,0,0,1462074599758,7471
2.3251918443,-5.4386734038,-5.3494926381,0.885028,-0.018059,-0.029943,0,0,0,0,0,0,1462074599768,7481
2.3123256507,-5.26030206585,-5.31821955015,0.895417,-0.116672,0.015943,0,0,0,0,0,0,1462074599778,7491
2.08203843705,-5.3243486439,-5.0095191627,0.893263,-0.119864,0.014866,0,0,0,0,0,0,1462074599788,7501
1.6219053045,-5.7321049929,-4.64380349355,0.884988,-0.048712,-0.003584,0,0,0,0,0,0,1462074599798,7511
1.17195137085,-6.143607444,-4.40723028135,0.862934,0.061667,-0.044995,0,0,0,0,0,0,1462074599808,7521
0.85980888435,-6.58787357865,-4.29620052225,0.797408,0.222247,-0.074903,0,0,0,0,0,0,1462074599818,7531
0.94255655325,-6.932642457,-4.1519559783,0.688329,0.404409,-0.079719,0,0,0,0,0,0,1462074599828,7541
0.90784136625,-7.4333256738,-4.2975440196,0.534385,0.576077,-0.083175,0,0,0,0,0,0,1462074599838,7551
1.07857340175,-7.74441885945,-4.47112976115,0.299295,0.752126,-0.101871,0,0,0,0,0,0,1462074599848,7561
1.7704941501,-7.39216758345,-4.78880314185,-0.003371,0.852879,-0.117482,0,0,0,0,0,0,1462074599858,7571
2.5634125569,-6.8280457947,-5.54626106385,-0.303615,0.788762,-0.133583,0,0,0,0,0,0,1462074599868,7581
3.04329608115,-6.51155900655,-6.59879807535,-0.538346,0.578896,-0.134684,0,0,0,0,0,0,1462074599878,7591
3.33284427645,-6.31464348255,-7.5781684173,-0.651824,0.269781,-0.125914,0,0,0,0,0,0,1462074599888,7601
3.49280872005,-6.1618672401,-8.3941322166,-0.595929,-0.098381,-0.124498,0,0,0,0,0,0,1462074599898,7611
3.448963635,-6.062801472,-8.78962057155,-0.398979,-0.420218,-0.131339,0,0,0,0,0,0,1462074599908,7621
3.21942171915,-6.06475297545,-8.5262656713,-0.166039,-0.588908,-0.125345,0,0,0,0,0,0,1462074599918,7631
2.84398775895,-6.282468192,-7.7260119651,0.036868,-0.573422,-0.107784,0,0,0,0,0,0,1462074599928,7641
2.42769971145,-6.65775505395,-5.76622198035,0.176598,-0.377991,-0.089064,0,0,0,0,0,0,1462074599938,7651
2.4230612133,-6.9543345456,-5.0858337348,0.184716,-0.061715,-0.032904,0,0,0,0,0,0,1462074599948,7661
2.44205650065,-7.29370982145,-4.8362374242,0.058693,0.285063,0.068405,0,0,0,0,0,0,1462074599958,7671
2.49981708015,-7.34129120205,-5.00038926465,-0.157090,0.606581,0.170260,0,0,0,0,0,0,1462074599968,7681
2.53453226715,-7.24761903645,-5.57783815485,-0.402286,0.826921,0.241588,0,0,0,0,0,0,1462074599978,7691
2.56206905955,-7.0282563195,-6.3201841833,-0.611129,0.867135,0.275753,0,0,0,0,0,0,1462074599988,7701
2.57493525315,-6.89956496385,-6.9959339307,-0.736468,0.749581,0.294935,0,0,0,0,0,0,1462074599998,7711
2.5417204683,-6.9354863565,-7.4925768489,-0.766218,0.527577,0.322969,0,0,0,0,0,0,1462074600008,7721
2.4350252043,-6.89044487235,-7.69309137675,-0.734334,0.244813,0.357362,0,0,0,0,0,0,1462074600018,7731
2.22044808375,-6.7719327156,-7.577717316,-0.660912,-0.069855,0.409214,0,0,0,0,0,0,1462074600028,7741
1.8896045064,-6.553913496,-7.01883222495,-0.560381,-0.300519,0.469073,0,0,0,0,0,0,1462074600038,7751
1.49486144925,-6.4654780281,-6.33798307155,-0.453826,-0.368612,0.509076,0,0,0,0,0,0,1462074600048,7761
1.10656129545,-6.43899053655,-5.78612927685,-0.367041,-0.309189,0.524860,0,0,0,0,0,0,1462074600058,7771
0.8285357964,-6.3815339601,-5.4051546159,-0.303448,-0.176420,0.525541,0,0,0,0,0,0,1462074600068,7781
0.6012395805,-6.3213805824,-5.21795738295,-0.234266,0.004245,0.533015,0,0,0,0,0,0,1462074600078,7791
0.5090580105,-6.3002768868,-5.2463865714,-0.136165,0.213489,0.533042,0,0,0,0,0,0,1462074600088,7801
0.47060652795,-6.2703472962,-5.403212919,-0.009570,0.372507,0.512104,0,0,0,0,0,0,1462074600098,7811
0.4502579367,-6.32272407975,-5.57379785625,0.101746,0.460305,0.490637,0,0,0,0,0,0,1462074600108,7821
0.4897587201,-6.4129541463,-5.71101110385,0.186033,0.477949,0.464489,0,0,0,0,0,0,1462074600118,7831
0.54288080145,-6.4843262172,-5.72523060135,0.240153,0.430838,0.443330,0,0,0,0,0,0,1462074600128,7841
0.66932645715,-6.5127652122,-5.65534912605,0.270610,0.334954,0.433646,0,0,0,0,0,0,1462074600138,7851
0.67695595305,-6.62962986855,-5.5137915768,0.285095,0.228635,0.445320,0,0,0,0,0,0,1462074600148,7861
0.6238338717,-6.71386813305,-5.3452954347,0.276233,0.132114,0.478603,0,0,0,0,0,0,1462074600158,7871
0.5656221909,-6.6794569491,-5.14493781165,0.261052,0.060015,0.503643,0,0,0,0,0,0,1462074600168,7881
0.51250010955,-6.72314512935,-4.93290058755,0.238541,0.021936,0.523734,0,0,0,0,0,0,1462074600178,7891
0.42286824255,-6.8428536852,-4.8459655218,0.203462,0.027561,0.551802,0,0,0,0,0,0,1462074600188,7901
0.3508979721,-6.84390298605,-4.9094139003,0.140574,0.034209,0.563069,0,0,0,0,0,0,1462074600198,7911
0.25947150645,-6.86934117675,-5.16184430385,0.053905,-0.007077,0.554913,0,0,0,0,0,0,1462074600208,7921
0.2453991072,-6.7581643194,-5.4560309973,-0.026779,-0.121899,0.528969,0,0,0,0,0,0,1462074600218,7931
0.17537053365,-6.6778094487,-5.62991093535,-0.087459,-0.276292,0.481167,0,0,0,0,0,0,1462074600228,7941
0.13182945165,-6.7279405323,-5.7258288009,-0.121512,-0.424529,0.412941,0,0,0,0,0,0,1462074600238,7951
0.078256269,-6.82654539255,-5.7003906102,-0.110573,-0.530408,0.337257,0,0,0,0,0,0,1462074600248,7961
-0.02079969255,-6.950294247,-5.5932442449,-0.047100,-0.583275,0.259477,0,0,0,0,0,0,1462074600258,7971
-0.11402075685,-7.15275047175,-5.3837567238,0.043508,-0.549981,0.193987,0,0,0,0,0,0,1462074600268,7981
-0.2697978036,-7.5801101142,-5.2128677835,0.137728,-0.436832,0.142079,0,0,0,0,0,0,1462074600278,7991
-0.39907755225,-7.9738038705,-5.1191956179,0.213011,-0.277822,0.099206,0,0,0,0,0,0,1462074600288,8001
-0.35269257075,-8.33173313895,-5.1019949292,0.232869,-0.111147,0.064349,0,0,0,0,0,0,1462074600298,8011
-0.1840493304,-8.59868704305,-5.23366747605,0.166261,0.034646,0.048167,0,0,0,0,0,0,1462074600308,8021
0.06763577535,-8.79860337135,-5.55343945845,0.023706,0.138332,0.056884,0,0,0,0,0,0,1462074600318,8031
0.1526291442,-9.04878807495,-6.1952291232,-0.130729,0.168863,0.097946,0,0,0,0,0,0,1462074600328,8041
0.20484902295,-9.2597759982,-6.9851663388,-0.230094,0.091961,0.159910,0,0,0,0,0,0,1462074600338,8051
0.16460294175,-9.2732501979,-7.6323397995,-0.263664,-0.053292,0.210007,0,0,0,0,0,0,1462074600348,8061
0.09785956245,-9.16550563305,-8.02931875005,-0.238626,-0.192547,0.230874,0,0,0,0,0,0,1462074600358,8071
-0.07332357435,-9.1233080484,-8.1289827177,-0.179381,-0.314924,0.246272,0,0,0,0,0,0,1462074600368,8081
-0.41404234755,-8.99836279485,-8.04159655065,-0.137018,-0.397886,0.263249,0,0,0,0,0,0,1462074600378,8091
-0.850227885,-8.8945212369,-7.7752408461,-0.149805,-0.395705,0.265512,0,0,0,0,0,0,1462074600388,8101
-1.13843258295,-8.6518091244,-7.58086521855,-0.221093,-0.326569,0.236935,0,0,0,0,0,0,1462074600398,8111
-1.2674181351,-8.3315860407,-7.56515512545,-0.338120,-0.208556,0.183624,0,0,0,0,0,0,1462074600408,8121
-1.329964311,-7.9423836843,-7.8151927308,-0.462683,-0.087442,0.114430,0,0,0,0,0,0,1462074600418,8131
-1.26711413205,-7.5712842192,-8.25916466895,-0.550115,-0.009017,0.040252,0,0,0,0,0,0,1462074600428,8141
-1.08261370035,-7.2308596425,-8.8185008613,-0.558951,-0.021132,-0.020533,0,0,0,0,0,0,1462074600438,8151
-0.97054444695,-6.8679976794,-9.3657259644,-0.475327,-0.125956,-0.068064,0,0,0,0,0,0,1462074600448,8161
-0.9988167306,-6.66822844935,-9.6394071618,-0.290506,-0.283080,-0.099911,0,0,0,0,0,0,1462074600458,8171
-1.21474715505,-6.62992406505,-9.54962819655,-0.023508,-0.442546,-0.128232,0,0,0,0,0,0,1462074600468,8181
-1.41346708425,-6.62394206955,-9.11837535375,0.269265,-0.575427,-0.146938,0,0,0,0,0,0,1462074600478,8191
-1.57447102215,-6.8204162988,-8.3270946408,0.501798,-0.596342,-0.150223,0,0,0,0,0,0,1462074600488,8201
-2.0911683351,-7.40205258585,-6.12535745445,0.598087,-0.154692,-0.076612,0,0,0,0,0,0,1462074600508,8221
-1.94706108285,-7.1951049612,-5.7108640056,0.405388,0.192360,-0.107905,0,0,0,0,0,0,1462074600518,8231
-2.1338072145,-6.8162190954,-5.5904003454,0.144657,0.436976,-0.215263,0,0,0,0,0,0,1462074600528,8241
-1.75283255355,-6.38856525645,-5.9187040263,-0.145649,0.544263,-0.351352,0,0,0,0,0,0,1462074600538,8251
-1.26966383505,-6.04125648165,-6.63994635915,-0.417392,0.501640,-0.471946,0,0,0,0,0,0,1462074600548,8261
-0.6221863713,-5.9113687269,-7.70206437,-0.616177,0.270929,-0.539505,0,0,0,0,0,0,1462074600558,8271
0.1433521479,-5.88144894285,-8.6720106174,-0.731989,-0.076502,-0.535335,0,0,0,0,0,0,1462074600568,8281
