1.76630675325,-5.3481393342,-4.88577030825,-0.513726,0.465869,0.889433,0,0,0,0,0,0,1463623610011,0
1.7633157555,-5.9170565259,-5.0469213444,-0.876623,0.759457,1.333353,0,0,0,0,0,0,1463623610021,10
2.08039093665,-5.42220820635,-5.24459197275,-1.134481,0.770251,1.690597,0,0,0,0,0,0,1463623610031,20
2.1903713949,-4.9282620894,-5.45617809555,-1.317659,0.639657,1.941431,0,0,0,0,0,0,1463623610041,30
1.94841438675,-4.6222585032,-5.79450407055,-1.475414,0.562422,2.080635,0,0,0,0,0,0,1463623610051,40
1.60036031415,-4.18726936485,-5.7774504801,-1.577332,0.673350,2.082555,0,0,0,0,0,0,1463623610061,50
1.66649568735,-3.48427702155,-5.70457800705,-1.605743,0.917753,1.893239,0,0,0,0,0,0,1463623610071,60
2.07350673855,-2.3075400543,-5.4123330105,-1.458862,1.597822,0.984930,0,0,0,0,0,0,1463623610091,80
1.8515943186,-2.3732243262,-5.39557361655,-1.339147,1.898524,0.405845,0,0,0,0,0,0,1463623610101,90
0.91517666565,-3.0289294854,-5.70322470315,-1.189241,1.981591,-0.105187,0,0,0,0,0,0,1463623610111,100
0.06149687505,-3.8006069049,-6.02480109075,-1.024300,1.780243,-0.523078,0,0,0,0,0,0,1463623610121,110
-0.3121424865,-4.4066320818,-6.1295448513,-0.841731,1.419739,-0.880790,0,0,0,0,0,0,1463623610131,120
-0.4453154355,-4.76934694665,-6.2299443102,-0.676613,1.171260,-1.197874,0,0,0,0,0,0,1463623610141,130
1.4034349836,-3.39374295195,-5.293379559,-0.631487,1.553237,-1.306617,0,0,0,0,0,0,1463623610151,140
2.67384411645,-1.77707434515,-4.55612313,-0.631986,2.070629,-1.241050,0,0,0,0,0,0,1463623610161,150
2.86448344845,-1.2802843287,-4.0968823935,-0.607964,2.524637,-1.105946,0,0,0,0,0,0,1463623610171,160
3.0766677708,-0.4195830483,-3.41229694455,-0.549875,3.029011,-1.051667,0,0,0,0,0,0,1463623610181,170
3.7732270173,-0.1497852447,-2.3611034304,-0.479130,3.581582,-1.092969,0,0,0,0,0,0,1463623610191,180
4.4789063553,-0.3085532892,-2.9753661093,-0.496563,3.814909,-1.191894,0,0,0,0,0,0,1463623610201,190
5.2832003601,-0.38381856045,-2.63463752955,-0.584910,4.441608,-1.341960,0,0,0,0,0,0,1463623610211,200
5.9906841033,-0.1336240503,-2.42650331235,-0.703385,5.050022,-1.532433,0,0,0,0,0,0,1463623610221,210
6.70219833855,0.25617650565,-2.91894902715,-0.866709,5.411933,-1.705626,0,0,0,0,0,0,1463623610231,220
7.38618558795,0.67979985255,-3.63451336755,-1.015501,5.857250,-1.812091,0,0,0,0,0,0,1463623610241,230
8.0433911493,1.08965480325,-4.7130867693,-1.022434,6.222929,-1.842733,0,0,0,0,0,0,1463623610251,240
8.355376731,1.81178953215,-5.47353568905,-0.807021,6.386347,-1.807917,0,0,0,0,0,0,1463623610261,250
8.12508951735,2.28344536095,-5.2475829705,-0.376413,6.438790,-1.735509,0,0,0,0,0,0,1463623610271,260
8.3731854258,2.34075483915,-4.9040202978,0.195801,6.436446,-1.680831,0,0,0,0,0,0,1463623610281,270
8.6296659345,2.25994886715,-4.1078068902,0.734533,6.638261,-1.768089,0,0,0,0,0,0,1463623610291,280
9.1508448408,2.3320760424,-3.16001363925,1.144983,6.934565,-1.956480,0,0,0,0,0,0,1463623610301,290
10.4357676676,2.91326122815,-2.84024165685,1.390905,7.017128,-2.205110,0,0,0,0,0,0,1463623610311,300
11.2420131759,3.39419405325,-3.14310714705,1.394425,6.889390,-2.511137,0,0,0,0,0,0,1463623610321,310
11.8284350593,3.8172192006,-3.56702469045,1.188219,6.656852,-2.833366,0,0,0,0,0,0,1463623610331,320
12.5622493893,4.34992080315,-4.056185211,0.905937,6.314314,-3.101602,0,0,0,0,0,0,1463623610341,330
12.916883657,4.3270225089,-4.53816733695,0.703591,5.874343,-3.279785,0,0,0,0,0,0,1463623610351,340
13.2192980458,4.0621672065,-4.69483677975,0.705122,5.366375,-3.365523,0,0,0,0,0,0,1463623610361,350
13.2652417326,4.0916456958,-4.5233496399,0.896867,4.864644,-3.394242,0,0,0,0,0,0,1463623610371,360
12.9798809341,4.2561015393,-3.8317328946,1.210728,4.451966,-3.413604,0,0,0,0,0,0,1463623610381,370
12.9997882306,4.3650326967,-2.86942594965,1.590503,4.216680,-3.438284,0,0,0,0,0,0,1463623610391,380
13.645618194,4.5249971403,-1.8580274154,1.976143,4.146838,-3.526487,0,0,0,0,0,0,1463623610401,390
14.6359032261,4.81349603475,-1.32367831245,2.306871,4.050967,-3.706109,0,0,0,0,0,0,1463623610411,400
15.2925105879,5.1854878959,-1.3772514951,2.544105,3.832921,-3.904172,0,0,0,0,0,0,1463623610421,410
15.5750176803,5.28215105925,-1.44653477085,2.687031,3.529015,-4.100082,0,0,0,0,0,0,1463623610431,420
15.6312876642,5.036447949,-1.38502808925,2.777199,3.174856,-4.353551,0,0,0,0,0,0,1463623610441,430
15.8723522763,5.0164033608,-1.3777025964,2.845712,2.655694,-4.489001,0,0,0,0,0,0,1463623610451,440
15.9690154397,5.2028454894,-1.20592126005,2.879294,2.078099,-4.482946,0,0,0,0,0,0,1463623610461,450
15.8611237766,5.21646678735,-0.91398026655,2.892189,1.563974,-4.386594,0,0,0,0,0,0,1463623610471,460
15.690391741,4.8431216223,-0.3145352847,2.930471,1.184167,-4.238058,0,0,0,0,0,0,1463623610481,470
15.8332927876,4.84866232305,0.6079668738,3.034875,0.964202,-4.021467,0,0,0,0,0,0,1463623610491,480
16.1105729889,4.79613844125,1.3182945165,3.195717,0.911345,-3.765444,0,0,0,0,0,0,1463623610501,490
16.6010770068,4.6162765077,1.9086096003,3.366819,0.981967,-3.491310,0,0,0,0,0,0,1463623610511,500
17.1676014003,4.8226259328,2.0781452367,3.468428,1.006166,-3.193556,0,0,0,0,0,0,1463623610521,510
17.2530360639,4.73986845735,1.8230180319,3.465881,0.892422,-2.892982,0,0,0,0,0,0,1463623610531,520
17.2307457758,4.443740067,1.70376057735,3.370559,0.629506,-2.666525,0,0,0,0,0,0,1463623610541,530
16.8970582989,4.4171054772,1.39879648545,3.176576,0.266884,-2.442269,0,0,0,0,0,0,1463623610551,540
16.4023570776,4.2192877506,1.38593029185,2.902466,-0.128356,-2.201632,0,0,0,0,0,0,1463623610561,550
15.7168792326,3.63361116495,1.3736622978,2.620973,-0.538179,-1.921634,0,0,0,0,0,0,1463623610571,560
15.0251055825,2.4903929856,2.20638549105,2.330763,-0.836696,-1.549934,0,0,0,0,0,0,1463623610581,570
14.6547612218,2.0163443586,2.6380796286,2.049751,-1.016994,-1.152701,0,0,0,0,0,0,1463623610591,580
14.1504888076,2.1402403113,2.82004016385,1.742250,-1.245376,-0.650175,0,0,0,0,0,0,1463623610601,590
13.3642976941,2.34763903725,2.98045570875,1.398816,-1.387600,-0.161455,0,0,0,0,0,0,1463623610611,600
12.5218464033,2.51284017855,2.9874870051,1.094959,-1.373709,0.164246,0,0,0,0,0,0,1463623610621,610
12.2074582168,3.2297480163,2.6627725215,0.955083,-1.353575,0.390527,0,0,0,0,0,0,1463623610631,620
11.7850410756,4.1021190912,2.1903713949,0.888647,-1.335066,0.569260,0,0,0,0,0,0,1463623610641,630
10.6177282029,3.84713898465,1.4002968876,0.887617,-1.252916,0.750147,0,0,0,0,0,0,1463623610661,650
10.04386851,3.43549924185,1.370367297,0.928268,-1.300308,0.831416,0,0,0,0,0,0,1463623610671,660
9.4427858343,2.61414184005,1.65676758975,0.904054,-1.291200,0.904184,0,0,0,0,0,0,1463623610681,670
8.9389645215,2.2033944933,2.20832718795,0.759645,-1.221972,1.005201,0,0,0,0,0,0,1463623610691,680
8.00507695845,1.9086096003,2.57014965675,0.452134,-1.074971,1.058271,0,0,0,0,0,0,1463623610701,690
6.528024204,2.43607450515,3.1408614471,-0.133189,-1.062593,0.915342,0,0,0,0,0,0,1463623610711,700
5.0069694597,3.57555638895,3.7373154312,-0.836583,-1.040563,0.589153,0,0,0,0,0,0,1463623610721,710
4.21629675285,4.6740370872,3.62478526995,-1.198355,-0.766392,0.263403,0,0,0,0,0,0,1463623610731,720
4.2119524512,5.550899562,3.11647255725,-0.678516,0.276637,0.128967,0,0,0,0,0,0,1463623610751,740
4.05439061235,5.52411787395,2.73654719715,-0.280294,0.705667,0.197701,0,0,0,0,0,0,1463623610761,750
4.8238223319,5.46710259225,2.43368170695,0.015541,0.926491,0.261126,0,0,0,0,0,0,1463623610771,760
5.67419731515,5.47683068985,2.2557614703,0.146595,1.061588,0.316661,0,0,0,0,0,0,1463623610781,770
6.3761403576,4.94382508425,2.1616382034,0.131348,1.126282,0.431433,0,0,0,0,0,0,1463623610791,780
6.8886502737,4.25430694065,1.937185887,0.096702,1.136911,0.562922,0,0,0,0,0,0,1463623610801,790
8.16982699845,5.8404477573,1.7612171538,0.037087,1.247901,0.737127,0,0,0,0,0,0,1463623610821,810
8.76059318355,6.3233222793,1.73443546575,-0.001415,1.504987,0.679106,0,0,0,0,0,0,1463623610831,820
9.2211774174,6.24925340715,1.0845652038,-0.039845,1.560966,0.609622,0,0,0,0,0,0,1463623610841,830
9.6130667685,6.17607693105,0.43065464325,-0.227553,1.456444,0.494115,0,0,0,0,0,0,1463623610851,840
10.8507122178,4.74481095855,-0.18345113085,-0.618524,1.214523,0.416402,0,0,0,0,0,0,1463623610861,850
12.4947607122,2.83904525775,-0.75491802555,-0.944257,1.052635,0.547755,0,0,0,0,0,0,1463623610871,860
12.9222772595,2.8860284388,-1.6856478795,-0.800084,1.073322,0.818461,0,0,0,0,0,0,1463623610881,870
12.2510091054,3.8668991829,-2.39657372175,-0.527930,0.907018,1.022368,0,0,0,0,0,0,1463623610891,880
11.6844847119,3.18829572945,-2.7516590907,-0.417911,0.590701,1.154884,0,0,0,0,0,0,1463623610901,890
10.9936132644,3.13936104495,-2.5978335474,-0.351513,0.335915,1.247854,0,0,0,0,0,0,1463623610911,900
10.3373099056,3.4190340444,-2.5049066796,-0.318019,0.157472,1.294926,0,0,0,0,0,0,1463623610921,910
9.7028555403,3.90085926555,-2.4927857838,-0.266568,0.000786,1.269574,0,0,0,0,0,0,1463623610931,920
9.09578106255,4.38673459185,-2.3721848319,-0.097585,-0.034717,1.135617,0,0,0,0,0,0,1463623610941,930
8.1596576061,4.68091147875,-2.23915898115,0.130566,0.073877,0.949199,0,0,0,0,0,0,1463623610951,940
7.1442285798,5.30609865435,-1.96412447985,0.398221,0.204535,0.741326,0,0,0,0,0,0,1463623610961,950
6.152433339,5.6388839286,-1.73772066,0.692813,0.418887,0.498828,0,0,0,0,0,0,1463623610971,960
5.4834108849,5.8136562627,-1.2997405239,0.972720,0.682252,0.262242,0,0,0,0,0,0,1463623610981,970
4.94637478725,6.3587827641,-0.5948064837,1.194907,0.955107,-0.008923,0,0,0,0,0,0,1463623610991,980
4.48968375375,6.98246953755,0.52717070835,1.268052,1.322907,-0.301353,0,0,0,0,0,0,1463623611001,990
4.1898092613,7.67049708555,2.2048850889,1.104191,1.683846,-0.608836,0,0,0,0,0,0,1463623611011,1000
4.34497830195,7.58235581415,2.68761251265,0.877345,1.794131,-0.892525,0,0,0,0,0,0,1463623611021,1010
5.0925610281,7.23879314145,2.58631085115,0.715359,1.377947,-1.147573,0,0,0,0,0,0,1463623611031,1020
5.77804867965,7.3242376116,2.4803706915,0.551901,0.825001,-1.342067,0,0,0,0,0,0,1463623611041,1030
6.3346978773,6.921266859,2.50595598045,0.418981,0.584063,-1.473174,0,0,0,0,0,0,1463623611051,1040
6.29638368645,5.8877349414,1.9856694702,0.353697,0.621878,-1.564975,0,0,0,0,0,0,1463623611061,1050
6.1992694218,4.9836298707,1.34792010405,0.368203,0.811738,-1.631544,0,0,0,0,0,0,1463623611071,1060
6.6709252506,4.6068426066,1.12676278845,0.404703,1.171435,-1.736156,0,0,0,0,0,0,1463623611081,1070
7.16367496845,4.7127925728,0.79606630935,0.498817,1.600537,-1.926952,0,0,0,0,0,0,1463623611091,1080
7.68022518315,5.11051682115,0.6549598614,0.602548,1.895883,-2.224586,0,0,0,0,0,0,1463623611101,1090
7.9152979932,5.53459126935,0.4521996336,0.662447,1.980489,-2.560035,0,0,0,0,0,0,1463623611111,1100
7.84497522315,5.93636562285,0.40206855,0.697455,1.971743,-2.871624,0,0,0,0,0,0,1463623611121,1110
7.7813797464,6.1124814543,0.25856930385,0.723031,1.938031,-3.109825,0,0,0,0,0,0,1463623611131,1120
7.8330014256,6.2118414189,0.4861695228,0.647725,1.691615,-3.238281,0,0,0,0,0,0,1463623611141,1130
8.2763751642,7.0113498273,0.96366024885,0.587815,1.363742,-3.154482,0,0,0,0,0,0,1463623611151,1140
8.02259145675,7.80127723635,0.96605304705,0.544260,0.928896,-2.855473,0,0,0,0,0,0,1463623611161,1150
7.0322966181,8.2766693607,1.55546592825,0.520635,0.514282,-2.398716,0,0,0,0,0,0,1463623611171,1160
5.7066668022,8.67186351915,2.00931306225,0.536162,0.192624,-1.867898,0,0,0,0,0,0,1463623611181,1170
4.83399172425,8.5912046454,2.2017469929,0.574281,0.100940,-1.295702,0,0,0,0,0,0,1463623611191,1180
4.25938673355,7.8292553235,2.44894069875,0.615845,0.279468,-0.714628,0,0,0,0,0,0,1463623611201,1190
4.2423331431,7.4970682488,1.93913739045,0.654793,0.483489,-0.285698,0,0,0,0,0,0,1463623611211,1200
4.39361878995,7.4832998526,0.2458502085,0.433640,0.234825,-0.051619,0,0,0,0,0,0,1463623611221,1210
4.57931562075,7.65627758805,-0.46582093155,0.134785,-0.080583,0.046048,0,0,0,0,0,0,1463623611231,1220
4.61448190905,7.27725443055,1.4635883613,0.108805,0.015667,0.107919,0,0,0,0,0,0,1463623611241,1230
4.4672365608,6.74903442135,2.0534523438,0.205870,0.198608,0.147143,0,0,0,0,0,0,1463623611251,1240
4.4869869525,6.2715436953,1.8810728079,0.350488,0.302524,0.161772,0,0,0,0,0,0,1463623611261,1250
4.60504800795,6.0007063974,1.87045231425,0.538764,0.434611,0.118731,0,0,0,0,0,0,1463623611271,1260
4.73178786015,5.8844399406,1.88975160465,0.742094,0.654382,-0.000360,0,0,0,0,0,0,1463623611281,1270
4.63946899845,5.77145867805,1.5396087369,0.909811,0.860883,-0.203459,0,0,0,0,0,0,1463623611291,1280
4.57931562075,5.84463515415,1.04550571515,1.069410,0.985861,-0.501100,0,0,0,0,0,0,1463623611301,1290
4.61852220765,5.95013401905,0.5241797106,1.179070,1.022151,-0.878997,0,0,0,0,0,0,1463623611311,1300
4.6218074019,6.1516880412,-0.02154499035,1.191161,0.989353,-1.289726,0,0,0,0,0,0,1463623611321,1310
4.5815613207,6.4279189416,-0.51534400905,1.088785,0.902604,-1.706355,0,0,0,0,0,0,1463623611331,1320
4.69063957635,6.9196193586,-0.75611442465,0.927867,0.701535,-2.217325,0,0,0,0,0,0,1463623611341,1330
4.2540029376,7.0758377001,-0.02034859125,0.683421,0.190849,-3.509521,0,0,0,0,0,0,1463623611361,1350
3.37609116195,6.67122925365,0.2018580252,0.616003,-0.031274,-4.099302,0,0,0,0,0,0,1463623611371,1360
2.1471245094,6.0159653892,0.27757439775,0.548865,-0.161322,-4.459090,0,0,0,0,0,0,1463623611381,1370
0.95961995025,5.41593201435,0.5475192996,0.519681,-0.179836,-4.530414,0,0,0,0,0,0,1463623611391,1380
1.456861068,7.2179934489,0.59973917835,0.618521,-0.040959,-4.260345,0,0,0,0,0,0,1463623611401,1390
1.81957593285,10.8357474225,0.59210968245,0.633734,0.155285,-3.886699,0,0,0,0,0,0,1463623611411,1400
2.78891417415,16.8247840254,0.10309626015,0.574503,0.155195,-3.483326,0,0,0,0,0,0,1463623611421,1410
2.7055683057,23.7095410987,-0.2801142942,0.480732,0.002650,-2.996876,0,0,0,0,0,0,1463623611431,1420
2.79505307445,28.6876302687,-0.51550091385,0.286569,-0.353260,-2.287634,0,0,0,0,0,0,1463623611441,1430
1.89469410585,30.1640946301,-0.2132336232,0.042189,-0.658861,-1.114946,0,0,0,0,0,0,1463623611451,1440
0.612909375,23.8961303256,0.47299932615,-0.207614,-0.722414,0.285984,0,0,0,0,0,0,1463623611461,1450
1.3214326125,15.3595481637,1.8694030134,-0.354769,-0.487309,1.112221,0,0,0,0,0,0,1463623611471,1460
2.1734649027,10.5063944407,2.5319923707,-0.433211,-0.182769,1.421612,0,0,0,0,0,0,1463623611481,1470
2.31143325465,7.69742587185,2.4464008023,-0.431235,0.057192,1.365211,0,0,0,0,0,0,1463623611491,1480
2.0935611333,6.09976235895,1.85070192255,-0.408359,0.162536,1.087828,0,0,0,0,0,0,1463623611501,1490
1.8399245241,5.3854042242,1.22522055045,-0.403547,0.174396,0.672249,0,0,0,0,0,0,1463623611511,1500
1.48409385735,5.5836730521,0.673513854,-0.386253,0.141343,0.228434,0,0,0,0,0,0,1463623611521,1510
0.6883217445,9.12002285415,-0.1640047422,-0.297926,-0.083629,-0.104815,0,0,0,0,0,0,1463623611541,1530
0.8328702915,10.5629586211,-0.1478435478,-0.210084,-0.283462,-0.052020,0,0,0,0,0,0,1463623611551,1540
1.06166690955,11.4875593813,0.2044077282,-0.047203,-0.394325,-0.020365,0,0,0,0,0,0,1463623611561,1550
1.3135089201,11.5939506423,0.6932642457,0.083812,-0.444719,-0.023041,0,0,0,0,0,0,1463623611571,1560
1.58973001395,9.99015803565,0.9081453693,0.167064,-0.422793,-0.045943,0,0,0,0,0,0,1463623611581,1570
1.9202793948,9.254245104,1.1732948682,0.206821,-0.349572,-0.060531,0,0,0,0,0,0,1463623611591,1580
2.32983034245,9.14455884225,1.3708183983,0.208365,-0.242207,-0.068072,0,0,0,0,0,0,1463623611601,1590
2.6693625231,9.1794211275,1.5355684383,0.183407,-0.115461,-0.053886,0,0,0,0,0,0,1463623611611,1600
2.9057788305,9.2844688911,1.5622030281,0.145667,0.013473,-0.036371,0,0,0,0,0,0,1463623611621,1610
3.0835519689,9.5258276997,1.47989665395,0.104575,0.123161,-0.033774,0,0,0,0,0,0,1463623611631,1620
3.11033365695,9.7483383192,1.22851555125,0.040759,0.172243,-0.038090,0,0,0,0,0,0,1463623611641,1630
3.0483856806,9.70060984035,0.93702565905,-0.022106,0.181041,-0.023606,0,0,0,0,0,0,1463623611651,1640
2.84518415805,9.61695996885,0.8007048075,-0.037930,0.210889,-0.015659,0,0,0,0,0,0,1463623611661,1650
2.622075339,9.86371237995,0.89827017345,-0.001298,0.284173,-0.015296,0,0,0,0,0,0,1463623611671,1660
2.31382605285,9.93792835035,0.9307396605,0.058947,0.380834,-0.008527,0,0,0,0,0,0,1463623611681,1670
2.101935927,9.9014185647,0.9250518615,0.124590,0.503955,-0.017544,0,0,0,0,0,0,1463623611691,1680
1.9942011687,10.0567445101,0.9911872347,0.187031,0.659814,-0.063559,0,0,0,0,0,0,1463623611701,1690
2.1188424192,10.0325027186,0.96679834485,0.187374,0.814391,-0.161239,0,0,0,0,0,0,1463623611711,1700
2.35093403805,10.000631431,0.8164149006,0.172925,1.013570,-0.274362,0,0,0,0,0,0,1463623611721,1710
2.0943064311,10.3304257075,1.06360860645,0.183569,1.201017,-0.235409,0,0,0,0,0,0,1463623611731,1720
1.7010637761,10.2586025354,0.9923836338,0.189883,1.358841,-0.176445,0,0,0,0,0,0,1463623611741,1730
1.71093897195,9.91384346355,0.97578114465,0.178817,1.465544,-0.133791,0,0,0,0,0,0,1463623611751,1740
1.7511948597,9.6067905765,0.77092231515,0.155577,1.497679,-0.111974,0,0,0,0,0,0,1463623611761,1750
1.74475195635,9.4031281461,0.56861318865,0.123586,1.477781,-0.082040,0,0,0,0,0,0,1463623611771,1760
1.7857531419,9.00495279645,0.46821372975,0.112788,1.422750,-0.048354,0,0,0,0,0,0,1463623611781,1770
1.89498830235,8.7421862892,0.5344962012,0.154006,1.315395,-0.022002,0,0,0,0,0,0,1463623611791,1780
2.0510595456,8.7354589959,0.5021738124,0.144447,1.073144,0.008866,0,0,0,0,0,0,1463623611801,1790
2.12557951905,9.11223645345,0.15532594545,0.095014,0.736453,0.054123,0,0,0,0,0,0,1463623611811,1800
2.0757524385,9.60319157265,0.10025236065,0.034837,0.383789,0.096112,0,0,0,0,0,0,1463623611821,1810
2.02951455525,9.95648234295,0.17223243765,-0.026468,0.044781,0.110543,0,0,0,0,0,0,1463623611831,1820
1.95798557955,10.1221345856,0.37199186115,-0.080185,-0.258225,0.108151,0,0,0,0,0,0,1463623611841,1830
1.51625934135,9.9437632476,0.9509411535,-0.118745,-0.513319,0.110288,0,0,0,0,0,0,1463623611851,1840
1.4248328757,9.94555784625,1.22327885355,-0.148562,-0.705872,0.089552,0,0,0,0,0,0,1463623611861,1850
1.3380449082,10.0007785293,1.4285789778,-0.184466,-0.817737,0.049390,0,0,0,0,0,0,1463623611871,1860
1.26307383345,9.997189332,1.54169753205,-0.233907,-0.857247,0.007888,0,0,0,0,0,0,1463623611881,1870
1.29151282845,10.0200778197,1.56758682405,-0.293741,-0.837168,-0.034035,0,0,0,0,0,0,1463623611891,1880
1.3886270931,9.99164863125,1.58135522025,-0.371502,-0.763918,-0.084900,0,0,0,0,0,0,1463623611901,1890
1.57776602295,10.0137918212,1.6178650059,-0.433015,-0.620686,-0.158700,0,0,0,0,0,0,1463623611911,1900
1.70689867335,10.1620864702,1.61023551,-0.446145,-0.380982,-0.256537,0,0,0,0,0,0,1463623611921,1910
1.90875669855,9.9979346298,1.4495257686,-0.415342,-0.094685,-0.364981,0,0,0,0,0,0,1463623611931,1920
2.1152532219,9.3591359628,1.1314012866,-0.397304,0.175909,-0.443596,0,0,0,0,0,0,1463623611941,1930
2.1415936152,9.31229988,1.03293371805,-0.375969,0.429794,-0.478721,0,0,0,0,0,0,1463623611951,1940
1.598859912,9.5816465823,0.93777095685,-0.305135,0.612570,-0.326299,0,0,0,0,0,0,1463623611961,1950
1.6816075809,9.58553978265,0.69101854575,-0.226205,0.684854,-0.153660,0,0,0,0,0,0,1463623611971,1960
2.02757285835,9.3241265793,0.36122426925,-0.190912,0.632142,-0.073458,0,0,0,0,0,0,1463623611981,1970
2.1523612071,8.9953717971,0.1892860281,-0.167188,0.476627,-0.095361,0,0,0,0,0,0,1463623611991,1980
2.05001024475,9.12810345135,0.24046641255,-0.117102,0.233988,-0.093792,0,0,0,0,0,0,1463623612001,1990
1.99030796835,8.92848131955,0.2555783061,-0.051045,-0.077304,-0.019463,0,0,0,0,0,0,1463623612011,2000
1.91758259355,9.09413356215,0.4246628412,0.061889,-0.430118,0.074327,0,0,0,0,0,0,1463623612021,2010
1.93748989005,9.81687629715,0.7816997136,0.190965,-0.704587,0.118608,0,0,0,0,0,0,1463623612031,2020
1.8705994125,10.4010524806,1.24901124075,0.290748,-0.816564,0.117763,0,0,0,0,0,0,1463623612041,2030
1.69073747895,10.5675971193,1.65916038795,0.332659,-0.727581,0.085187,0,0,0,0,0,0,1463623612051,2040
1.5472382328,10.2092167496,2.00317416195,0.292119,-0.461868,0.042184,0,0,0,0,0,0,1463623612061,2050
1.4971071492,9.8165722941,2.2081800897,0.185973,-0.090565,0.013525,0,0,0,0,0,0,1463623612071,2060
1.5222511434,9.74101282635,2.0976014319,0.058463,0.258619,0.006161,0,0,0,0,0,0,1463623612081,2070
1.6344773016,9.62219666655,1.8917031081,-0.026948,0.484290,-0.002719,0,0,0,0,0,0,1463623612091,2080
1.7286005685,9.6539208558,1.5467871315,-0.052260,0.554578,-0.003974,0,0,0,0,0,0,1463623612101,2090
1.77319095135,9.7059936363,1.1728437669,-0.031194,0.487580,0.005877,0,0,0,0,0,0,1463623612111,2100
1.8875059047,9.3627251601,0.48017772075,-0.029092,0.232499,0.032261,0,0,0,0,0,0,1463623612121,2110
1.9642715781,9.33519817425,0.04982708055,-0.038698,-0.239545,0.055661,0,0,0,0,0,0,1463623612131,2120
2.05809084195,9.67876084695,0.3202230837,0.017197,-0.628912,0.071805,0,0,0,0,0,0,1463623612141,2130
1.97340147615,9.96711264315,0.64178966475,0.076087,-0.827857,0.088625,0,0,0,0,0,0,1463623612151,2140
1.81792843245,10.2705763329,1.10940519495,0.130718,-0.794954,0.101245,0,0,0,0,0,0,1463623612161,2150
1.6494420969,10.2581514341,1.51625934135,0.171285,-0.562176,0.096663,0,0,0,0,0,0,1463623612171,2160
1.50653124375,10.0878704998,1.5928779165,0.171642,-0.243243,0.076181,0,0,0,0,0,0,1463623612181,2170
1.5774620199,9.71661412995,1.3679744988,0.119320,0.010903,0.042741,0,0,0,0,0,0,1463623612191,2180
1.8556346172,9.40388325045,1.14412038195,0.063134,0.131959,-0.006800,0,0,0,0,0,0,1463623612201,2190
2.05928724105,9.37140395685,0.9388202577,0.026696,0.117022,-0.027937,0,0,0,0,0,0,1463623612211,2200
2.0628862449,9.5485788957,0.86714418375,0.026394,0.027898,0.002143,0,0,0,0,0,0,1463623612221,2210
2.06422974225,9.69537314265,0.82344619695,0.046256,-0.099472,0.047692,0,0,0,0,0,0,1463623612231,2220
1.9768435752,9.90127146645,0.83107569285,0.077783,-0.220664,0.068671,0,0,0,0,0,0,1463623612241,2230
1.74685055805,10.0458200135,1.0223132244,0.119251,-0.255858,0.072246,0,0,0,0,0,0,1463623612251,2240
1.6207089054,9.90456646725,1.10640439065,0.130097,-0.215502,0.068264,0,0,0,0,0,0,1463623612261,2250
1.6210031019,9.91488295785,1.2933074271,0.131485,-0.127325,0.050927,0,0,0,0,0,0,1463623612271,2260
1.7146752675,8.64358142895,0.99837543585,0.076110,-0.176510,0.139410,0,0,0,0,0,0,1463623612281,2270
2.1951569913,7.48270165305,0.1488830421,-0.162039,-0.518662,0.235284,0,0,0,0,0,0,1463623612291,2280
2.09729742885,10.6494523921,1.350165804,-0.249459,-0.669923,0.168561,0,0,0,0,0,0,1463623612301,2290
1.67292878415,12.2864695902,2.14937020935,-0.157847,-0.657836,0.112456,0,0,0,0,0,0,1463623612311,2300
1.3396924086,11.6734131169,1.9490125863,-0.106725,-0.599119,0.016638,0,0,0,0,0,0,1463623612321,2310
1.25948463615,10.0016709254,1.4300695734,-0.164521,-0.559413,-0.097665,0,0,0,0,0,0,1463623612331,2320
1.28462863035,8.9320803234,1.1511516783,-0.271338,-0.511831,-0.179422,0,0,0,0,0,0,1463623612341,2330
1.3408888077,9.21848061615,1.1701567722,-0.346811,-0.427768,-0.204627,0,0,0,0,0,0,1463623612351,2340
1.53481333395,9.70180623945,1.0323355185,-0.336990,-0.391529,-0.191611,0,0,0,0,0,0,1463623612361,2350
1.8981362049,9.6789079452,0.43259634015,-0.243425,-0.484171,-0.168775,0,0,0,0,0,0,1463623612371,2360
2.1629915073,9.6826540473,0.7840925118,-0.113997,-0.429170,-0.158733,0,0,0,0,0,0,1463623612381,2370
2.3810107269,9.508627011,0.68487964545,-0.004455,-0.310134,-0.126606,0,0,0,0,0,0,1463623612391,2380
2.52211717485,9.3559978668,0.5410862028,0.095692,-0.175985,-0.064371,0,0,0,0,0,0,1463623612401,2390
2.625213435,9.36348026445,0.80699080605,0.182224,0.009347,0.006940,0,0,0,0,0,0,1463623612411,2400
2.66592042405,9.4109145468,0.8370674949,0.240746,0.147883,0.067402,0,0,0,0,0,0,1463623612421,2410
2.6648711232,9.49051431315,0.80055770925,0.287212,0.233156,0.111488,0,0,0,0,0,0,1463623612431,2420
2.3579653344,9.6049861713,1.0857616029,0.292056,0.349143,0.121078,0,0,0,0,0,0,1463623612441,2430
2.2348146795,9.5379485955,0.9854994357,0.236857,0.407834,0.125302,0,0,0,0,0,0,1463623612451,2440
2.20593438975,9.56773108785,1.0280010234,0.160158,0.445215,0.115660,0,0,0,0,0,0,1463623612461,2450
2.312776752,9.68235004425,1.1245170885,0.112159,0.463325,0.100260,0,0,0,0,0,0,1463623612471,2460
2.35811243265,9.75148622175,1.14531678105,0.091698,0.428270,0.098000,0,0,0,0,0,0,1463623612481,2470
2.31906275055,9.7190167347,0.9940311342,0.103075,0.328459,0.125748,0,0,0,0,0,0,1463623612491,2480
2.1592454052,9.72559692975,0.96350334405,0.135660,0.211465,0.139296,0,0,0,0,0,0,1463623612501,2490
1.8673044117,9.9950907303,1.01573302935,0.168300,0.130427,0.124403,0,0,0,0,0,0,1463623612511,2500
1.4435437731,10.4896350468,1.0977255939,0.161513,0.064408,0.108881,0,0,0,0,0,0,1463623612521,2510
1.08665399895,10.3765164926,1.10132459775,0.139808,-0.003672,0.098845,0,0,0,0,0,0,1463623612531,2520
0.9799685415,10.0993833895,1.0981766952,0.120103,-0.074110,0.057862,0,0,0,0,0,0,1463623612541,2530
1.0739349036,9.8635652817,1.0363758171,0.103480,-0.174302,0.021904,0,0,0,0,0,0,1463623612551,2540
1.19693846025,9.88106997345,0.9590217507,0.075094,-0.280789,-0.009805,0,0,0,0,0,0,1463623612561,2550
1.3539119061,9.76525461795,0.82344619695,0.034051,-0.369083,-0.028387,0,0,0,0,0,0,1463623612571,2560
1.48797725115,9.64614426165,0.75776192505,0.004925,-0.423345,-0.042494,0,0,0,0,0,0,1463623612581,2570
1.6727816859,9.63926006355,0.71765313555,-0.014383,-0.436121,-0.052036,0,0,0,0,0,0,1463623612591,2580
1.8104460348,9.6183034662,0.63580766925,-0.022815,-0.415877,-0.050722,0,0,0,0,0,0,1463623612601,2590
1.9493067828,9.57820448325,0.5919625842,-0.023613,-0.363715,-0.044901,0,0,0,0,0,0,1463623612611,2600
2.12438311995,9.57775338195,0.563680494,-0.009397,-0.297756,-0.036950,0,0,0,0,0,0,1463623612621,2610
2.25920356935,9.56294549145,0.55380529815,0.013356,-0.238149,-0.021673,0,0,0,0,0,0,1463623612631,2620
2.3648495325,9.5933163768,0.5099602131,0.030749,-0.184927,-0.007450,0,0,0,0,0,0,1463623612641,2630
2.33596924275,9.6757698492,0.52985770305,0.042817,-0.125312,0.004723,0,0,0,0,0,0,1463623612651,2640
2.25920356935,9.7193109312,0.5805869862,0.052751,-0.061475,0.011625,0,0,0,0,0,0,1463623612661,2650
2.18738039715,9.73981642725,0.5946495789,0.064773,-0.006161,0.017364,0,0,0,0,0,0,1463623612671,2660
2.05899304455,9.760459215,0.62966876895,0.069301,0.045960,0.019943,0,0,0,0,0,0,1463623612681,2670
1.9708615797,9.79292870205,0.68083934685,0.067365,0.088505,0.019290,0,0,0,0,0,0,1463623612691,2680
1.9276146942,9.7818571071,0.70598334105,0.063209,0.112974,0.018488,0,0,0,0,0,0,1463623612701,2690
1.86266591355,9.7766204094,0.73665822945,0.057888,0.116181,0.018564,0,0,0,0,0,0,1463623612711,2700
1.8201741324,9.80595180045,0.76164531885,0.046054,0.098132,0.017418,0,0,0,0,0,0,1463623612721,2710
1.7797711464,9.81613099935,0.77990511495,0.035242,0.069437,0.016180,0,0,0,0,0,0,1463623612731,2720
1.7648063511,9.84156919005,0.76658782005,0.027617,0.039654,0.012772,0,0,0,0,0,0,1463623612741,2730
1.73757356175,9.8234564922,0.76284171795,0.018905,0.005619,0.009333,0,0,0,0,0,0,1463623612751,2740
1.6961212749,9.82809499035,0.72214453545,0.011261,-0.023133,0.000583,0,0,0,0,0,0,1463623612761,2750
1.688491779,9.8319881907,0.7505737239,0.004704,-0.046592,-0.010236,0,0,0,0,0,0,1463623612771,2760
1.7624135529,9.8388723888,0.72424313715,-0.002885,-0.063658,-0.019920,0,0,0,0,0,0,1463623612781,2770
1.81224063345,9.81956329185,0.72094813635,-0.007241,-0.077512,-0.025340,0,0,0,0,0,0,1463623612791,2780
1.9388333874,9.7992147006,0.66932645715,-0.005207,-0.096678,-0.027673,0,0,0,0,0,0,1463623612801,2790
1.99674106515,9.75552652035,0.63774936615,0.003264,-0.116859,-0.020475,0,0,0,0,0,0,1463623612811,2800
2.0738107416,9.6724748484,0.6148510719,0.012851,-0.133791,-0.004729,0,0,0,0,0,0,1463623612821,2810
2.09535573195,9.69851123865,0.56427869355,0.023499,-0.142312,-0.001698,0,0,0,0,0,0,1463623612831,2820
2.07036864255,9.7637542158,0.56980958775,0.032096,-0.134856,0.003629,0,0,0,0,0,0,1463623612841,2830
2.089971936,9.70898463405,0.60258307785,0.038572,-0.124201,0.009006,0,0,0,0,0,0,1463623612851,2840
2.05330524555,9.73801202205,0.60497587605,0.038633,-0.112494,0.010182,0,0,0,0,0,0,1463623612861,2850
2.0479214496,9.73981642725,0.6141057741,0.036573,-0.099701,0.013518,0,0,0,0,0,0,1463623612871,2860
2.01500086125,9.73697252775,0.63984796785,0.032384,-0.081613,0.012656,0,0,0,0,0,0,1463623612881,2870
1.9916514657,9.76121431935,0.6404461674,0.026063,-0.062462,0.010756,0,0,0,0,0,0,1463623612891,2880
1.9547003853,9.74789702445,0.63535656795,0.017617,-0.040122,0.007836,0,0,0,0,0,0,1463623612901,2890
1.95888778215,9.7589686194,0.65151776235,0.010241,-0.020944,0.009141,0,0,0,0,0,0,1463623612911,2900
1.95559278135,9.76031211675,0.6031812774,0.002820,-0.011341,0.010357,0,0,0,0,0,0,1463623612921,2910
1.93344959145,9.77049131565,0.5858236839,0.008158,-0.010300,0.009249,0,0,0,0,0,0,1463623612931,2920
1.88706460995,9.78904530825,0.56547509265,0.010269,-0.014568,0.008118,0,0,0,0,0,0,1463623612941,2930
1.86311701485,9.81209070075,0.52836710745,0.010225,-0.019925,0.002731,0,0,0,0,0,0,1463623612951,2940
1.86072421665,9.774972909,0.5220811089,0.008067,-0.022076,-0.001541,0,0,0,0,0,0,1463623612961,2950
1.84575942135,9.7701873126,0.5123530113,0.003810,-0.015720,-0.006782,0,0,0,0,0,0,1463623612971,2960
1.87359041025,9.76794161265,0.5478134961,0.001674,-0.015721,-0.007836,0,0,0,0,0,0,1463623612981,2970
1.9154937984,9.76629411225,0.5527559973,0.003772,-0.025284,-0.005816,0,0,0,0,0,0,1463623612991,2980
1.93794099135,9.7803665115,0.5620329936,0.002630,-0.041236,-0.005957,0,0,0,0,0,0,1463623613001,2990
1.96337918205,9.76435241535,0.53913469935,0.001522,-0.051854,-0.003916,0,0,0,0,0,0,1463623613011,3000
1.98073677555,9.73697252775,0.5692113882,0.001489,-0.057188,-0.006098,0,0,0,0,0,0,1463623613021,3010
1.9602312795,9.73561922385,0.54362609925,0.002534,-0.060398,-0.008270,0,0,0,0,0,0,1463623613031,3020
1.9861205715,9.7392182277,0.5491668,0.001517,-0.050815,-0.007106,0,0,0,0,0,0,1463623613041,3030
1.9702535736,9.70898463405,0.58238158485,-0.001604,-0.033786,-0.006921,0,0,0,0,0,0,1463623613051,3040
1.9840219698,9.74505312495,0.589569786,-0.001565,-0.026333,-0.005786,0,0,0,0,0,0,1463623613061,3050
2.01813895725,9.74789702445,0.59405137935,0.001604,-0.034836,-0.003760,0,0,0,0,0,0,1463623613071,3060
2.0667696387,9.7229001285,0.5988467823,0.002599,-0.049731,-0.003904,0,0,0,0,0,0,1463623613081,3070
2.0748502359,9.70629763935,0.5677207926,-0.000642,-0.063504,0.002395,0,0,0,0,0,0,1463623613091,3080
2.0890697334,9.65646075225,0.61321337805,-0.003834,-0.059255,0.000336,0,0,0,0,0,0,1463623613101,3090
2.0829308331,9.7444549254,0.6079668738,-0.008187,-0.073101,-0.004015,0,0,0,0,0,0,1463623613111,3100
2.0360947503,9.74205232065,0.56053259145,0.003549,-0.072088,-0.006237,0,0,0,0,0,0,1463623613121,3110
2.05181464995,9.7221548307,0.60946727595,0.010037,-0.055073,-0.003999,0,0,0,0,0,0,1463623613131,3120
2.0479214496,9.7259009328,0.63820046745,0.008025,-0.030587,-0.001619,0,0,0,0,0,0,1463623613141,3130
2.0429789484,9.73577612865,0.6576468561,0.007067,-0.011398,0.003898,0,0,0,0,0,0,1463623613151,3140
2.02233616065,9.7471419201,0.59944498185,0.008183,-0.001821,0.005044,0,0,0,0,0,0,1463623613161,3150
2.00168356635,9.75193732305,0.58238158485,0.008191,-0.001805,0.007175,0,0,0,0,0,0,1463623613171,3160
1.92731069115,9.85188568065,0.578194188,0.008174,-0.007107,0.009253,0,0,0,0,0,0,1463623613181,3170
1.9626240777,9.7544772195,0.54572470095,0.012394,-0.021973,0.014405,0,0,0,0,0,0,1463623613191,3180
1.9626240777,9.7577722203,0.5677207926,0.027275,-0.031614,0.010987,0,0,0,0,0,0,1463623613201,3190
1.853241819,9.83093888985,0.58687298475,0.030672,-0.014395,0.039886,0,0,0,0,0,0,1463623613211,3200
1.83767882415,9.74699482185,0.5960028828,0.034958,0.004608,0.021901,0,0,0,0,0,0,1463623613221,3210
1.88257321005,9.72963722835,0.58732408605,0.024279,0.013065,0.010344,0,0,0,0,0,0,1463623613231,3220
1.90426529865,9.7525355226,0.64014216435,0.009362,0.014214,0.015809,0,0,0,0,0,0,1463623613241,3230
1.88616240735,9.7854463044,0.6799469508,-0.004362,0.047223,0.015165,0,0,0,0,0,0,1463623613251,3240
1.88616240735,9.7273915284,0.52836710745,-0.024708,0.031336,0.016256,0,0,0,0,0,0,1463623613261,3250
1.83004932825,9.7423563237,0.5054688132,-0.029084,0.010061,0.013957,0,0,0,0,0,0,1463623613271,3260
1.8499468182,9.74056172505,0.55859089455,-0.021638,0.006832,0.011725,0,0,0,0,0,0,1463623613281,3270
1.90322580435,9.7606161198,0.58118518575,-0.013091,0.015263,0.004264,0,0,0,0,0,0,1463623613291,3280
1.97534317305,9.7618125189,0.5401840002,-0.008841,0.010995,0.004187,0,0,0,0,0,0,1463623613301,3290
2.02757285835,9.8053536009,0.5135494104,-0.002439,-0.011399,0.006021,0,0,0,0,0,0,1463623613311,3300
1.9784910756,9.81283599855,0.55380529815,0.003847,-0.035883,0.005738,0,0,0,0,0,0,1463623613321,3310
1.93254738885,9.7642053171,0.520139412,0.013359,-0.059282,0.009698,0,0,0,0,0,0,1463623613331,3320
1.9760982774,9.9168344613,0.6371511666,0.017606,-0.057221,0.002218,0,0,0,0,0,0,1463623613341,3330
1.89230130765,9.7140742335,0.50487061365,-0.003714,-0.051846,0.001385,0,0,0,0,0,0,1463623613351,3340
1.88286740655,9.68205584775,0.5398898037,-0.014344,-0.047521,0.006844,0,0,0,0,0,0,1463623613361,3350
1.8988815027,9.77527691205,0.56023839495,-0.016478,-0.042242,0.000514,0,0,0,0,0,0,1463623613371,3360
1.91114949675,9.8481493851,0.55574699505,-0.018632,-0.040162,-0.006912,0,0,0,0,0,0,1463623613381,3370
1.9509542832,9.8517385824,0.4465118346,-0.019708,-0.040183,-0.010102,0,0,0,0,0,0,1463623613391,3380
1.94107908735,9.73397172345,0.436783737,-0.008983,-0.030635,-0.009042,0,0,0,0,0,0,1463623613401,3390
1.95439638225,9.75837041985,0.45609283395,0.010320,-0.010491,-0.010089,0,0,0,0,0,0,1463623613411,3400
1.9528959801,9.7761693081,0.4881112197,0.029646,0.012859,-0.008976,0,0,0,0,0,0,1463623613421,3410
1.9723521753,9.7553794221,0.48841522275,0.044688,0.033031,-0.007854,0,0,0,0,0,0,1463623613431,3420
1.96486977765,9.73561922385,0.48706191885,0.047940,0.041546,-0.005672,0,0,0,0,0,0,1463623613441,3430
1.9849241724,9.7160159304,0.52313040975,0.045839,0.045830,-0.002416,0,0,0,0,0,0,1463623613451,3440
1.9901608701,9.71677103475,0.5422826019,0.042649,0.044807,0.001866,0,0,0,0,0,0,1463623613461,3450
1.99075906965,9.74220922545,0.56172899055,0.041575,0.042690,0.002922,0,0,0,0,0,0,1463623613471,3460
1.9723521753,9.77243301255,0.6121640772,0.047982,0.045847,0.000763,0,0,0,0,0,0,1463623613481,3470
2.0362516551,9.76150851585,0.65032136325,0.054458,0.062840,-0.000199,0,0,0,0,0,0,1463623613491,3480
2.0494120452,9.72320413155,0.67156235055,0.055642,0.082037,0.007432,0,0,0,0,0,0,1463623613501,3490
2.08039093665,9.7668923118,0.68174154945,0.048286,0.104420,0.010904,0,0,0,0,0,0,1463623613511,3500
2.07589953675,9.757321119,0.6973045443,0.031266,0.115124,0.013287,0,0,0,0,0,0,1463623613521,3510
2.06736783825,9.74250342195,0.67156235055,0.014136,0.103484,0.014396,0,0,0,0,0,0,1463623613531,3520
2.02906345395,9.75791931855,0.6359547675,0.000165,0.084372,0.013275,0,0,0,0,0,0,1463623613541,3530
2.0015364681,9.7444549254,0.6416425665,-0.008521,0.054608,0.012008,0,0,0,0,0,0,1463623613551,3540
1.9856694702,9.74505312495,0.60213197655,-0.005428,0.032262,0.011773,0,0,0,0,0,0,1463623613561,3550
1.95484748355,9.7523786178,0.60736867425,-0.001241,0.016287,0.010521,0,0,0,0,0,0,1463623613571,3560
1.9494636876,9.7589686194,0.56996649255,-0.000207,0.007790,0.012563,0,0,0,0,0,0,1463623613581,3570
1.95678918045,9.7564189164,0.57145708815,-0.004529,-0.006002,0.015668,0,0,0,0,0,0,1463623613591,3580
1.91444449755,9.79577260155,0.5401840002,-0.017406,-0.021911,0.016695,0,0,0,0,0,0,1463623613601,3590
1.90157830395,9.84590368515,0.6093201777,-0.037725,-0.026142,0.011500,0,0,0,0,0,0,1463623613611,3600
1.8569879211,9.76315601625,0.57834128625,-0.056987,-0.033561,0.007332,0,0,0,0,0,0,1463623613621,3610
1.8593807193,9.795174402,0.64867386285,-0.075112,-0.019763,-0.004110,0,0,0,0,0,0,1463623613631,3620
1.9086096003,9.71137743225,0.601533777,-0.081458,-0.004875,-0.007116,0,0,0,0,0,0,1463623613641,3630
1.9942011687,9.74624952405,0.55051029735,-0.082481,0.006805,-0.010195,0,0,0,0,0,0,1463623613651,3640
2.08472543175,9.70614073455,0.45115033275,-0.072800,0.013234,0.000441,0,0,0,0,0,0,1463623613661,3650
2.127825219,9.7052483385,0.4032649491,-0.053541,0.011148,0.014114,0,0,0,0,0,0,1463623613671,3660
2.0802438384,9.7992147006,0.50561591145,-0.040599,0.035604,0.018494,0,0,0,0,0,0,1463623613681,3670
1.95963307995,9.76150851585,0.4969371147,-0.037262,0.059033,0.024010,0,0,0,0,0,0,1463623613691,3680
1.873443312,9.79412510115,0.55455059595,-0.041391,0.089877,0.022197,0,0,0,0,0,0,1463623613701,3690
1.84007162235,9.79712590545,0.56831899215,-0.044532,0.106866,0.017049,0,0,0,0,0,0,1463623613711,3700
1.80506223885,9.7644995136,0.58089098925,-0.047775,0.106799,0.006412,0,0,0,0,0,0,1463623613721,3710
1.86686311695,9.7767773142,0.61276227675,-0.055303,0.103553,-0.004214,0,0,0,0,0,0,1463623613731,3720
1.9276146942,9.7568700177,0.618597174,-0.067105,0.092929,-0.007410,0,0,0,0,0,0,1463623613741,3730
1.9918083705,9.76764741615,0.67411205355,-0.084180,0.092980,-0.007260,0,0,0,0,0,0,1463623613751,3740
1.98985686705,9.72230192895,0.65436166185,-0.092693,0.097268,-0.006080,0,0,0,0,0,0,1463623613761,3750
1.9481103837,9.72873502575,0.67246455315,-0.089470,0.098353,-0.001836,0,0,0,0,0,0,1463623613771,3760
1.88496600825,9.70510124025,0.61799897445,-0.074580,0.087672,-0.002068,0,0,0,0,0,0,1463623613781,3770
1.9009801044,9.85472958015,0.69266604615,-0.068188,0.091854,-0.009549,0,0,0,0,0,0,1463623613791,3780
1.8650685183,9.6946180383,0.58073408445,-0.058669,0.065302,-0.000290,0,0,0,0,0,0,1463623613801,3790
1.9012743009,9.70494433545,0.58642188345,-0.039543,0.048218,-0.001683,0,0,0,0,0,0,1463623613811,3800
1.90830559725,9.78245530665,0.6806922486,-0.023562,0.041796,-0.000819,0,0,0,0,0,0,1463623613821,3810
1.92850709025,9.8041572018,0.69880494645,-0.026712,0.048226,0.004595,0,0,0,0,0,0,1463623613831,3820
1.93613658615,9.78410280705,0.77302091685,-0.041523,0.075927,0.004981,0,0,0,0,0,0,1463623613841,3830
1.94721798765,9.7606161198,0.8135710011,-0.060552,0.114277,0.005502,0,0,0,0,0,0,1463623613851,3840
1.9518564858,9.7404146268,0.8116293042,-0.071114,0.134550,0.010046,0,0,0,0,0,0,1463623613861,3850
1.96441867635,9.7540261182,0.7676371209,-0.067916,0.126101,0.019531,0,0,0,0,0,0,1463623613871,3860
1.9178865966,9.77333521515,0.74160073065,-0.053098,0.100528,0.019162,0,0,0,0,0,0,1463623613881,3870
1.9000779018,9.7609103163,0.70627753755,-0.029887,0.052523,0.008919,0,0,0,0,0,0,1463623613891,3880
1.88780990775,9.77602220985,0.68413434765,-0.010971,-0.005011,0.002887,0,0,0,0,0,0,1463623613901,3890
1.85758612065,9.7896435078,0.73501072905,-0.005797,-0.039064,0.002521,0,0,0,0,0,0,1463623613911,3900
1.8141921369,9.7601650185,0.8358710958,-0.012241,-0.044385,-0.000675,0,0,0,0,0,0,1463623613921,3910
1.79219604525,9.7597139172,0.85382688885,-0.018693,-0.048666,-0.007059,0,0,0,0,0,0,1463623613931,3920
1.84336662315,9.77647331115,0.76209642015,-0.028395,-0.064631,-0.012456,0,0,0,0,0,0,1463623613941,3930
1.88780990775,9.7727370156,0.7736191164,-0.030647,-0.089088,-0.012666,0,0,0,0,0,0,1463623613951,3940
1.9918083705,9.74220922545,0.78394541355,-0.045591,-0.098539,-0.001965,0,0,0,0,0,0,1463623613961,3950
2.06018944365,9.72200773245,0.74114962935,-0.050911,-0.106933,0.011861,0,0,0,0,0,0,1463623613971,3960
2.1059762256,9.8056477974,0.6908714475,-0.058379,-0.112183,0.018276,0,0,0,0,0,0,1463623613981,3970
2.0886186321,9.75837041985,0.7396492272,-0.047665,-0.118466,0.036246,0,0,0,0,0,0,1463623613991,3980
1.93374378795,9.812237799,0.78648531,-0.035914,-0.129022,0.052031,0,0,0,0,0,0,1463623614001,3990
1.8337856238,9.8497968855,0.7769141172,-0.041467,-0.163144,0.037901,0,0,0,0,0,0,1463623614011,4000
1.7592754569,9.77976831195,0.8575631844,-0.048021,-0.179209,0.019683,0,0,0,0,0,0,1463623614021,4010
1.7495473593,9.656313654,1.00929993255,-0.068177,-0.138843,0.004241,0,0,0,0,0,0,1463623614031,4020
1.7752797465,9.5913746799,0.8261429982,-0.097009,-0.122971,-0.018813,0,0,0,0,0,0,1463623614041,4030
1.83573712725,9.68684144415,0.66677675415,-0.109834,-0.108212,-0.042015,0,0,0,0,0,0,1463623614051,4040
1.89543940365,9.815375895,0.5879222856,-0.100157,-0.082814,-0.055721,0,0,0,0,0,0,1463623614061,4050
1.8544382181,9.8191219971,0.58208738835,-0.081850,-0.041456,-0.065092,0,0,0,0,0,0,1463623614071,4060
1.8649116135,9.8222600931,0.56233699665,-0.067723,0.030653,-0.089060,0,0,0,0,0,0,1463623614081,4070
1.87853291145,10.0154393215,0.75072082215,-0.078028,0.112541,-0.094607,0,0,0,0,0,0,1463623614091,4080
1.8722469129,9.6801043443,0.59330608155,-0.074579,0.161474,-0.092052,0,0,0,0,0,0,1463623614101,4090
1.96202587815,9.74505312495,0.77376621465,-0.069005,0.204066,-0.083176,0,0,0,0,0,0,1463623614111,4100
1.98746406885,9.731431827,0.78110151405,-0.055025,0.205123,-0.072630,0,0,0,0,0,0,1463623614121,4110
2.0037723615,9.72889193055,0.76164531885,-0.040174,0.180660,-0.066589,0,0,0,0,0,0,1463623614131,4120
2.01694255815,9.6748676466,0.76733311785,-0.024326,0.142358,-0.061751,0,0,0,0,0,0,1463623614141,4130
1.9916514657,9.6841446429,0.77107921995,-0.013788,0.110446,-0.057874,0,0,0,0,0,0,1463623614151,4140
1.9909061679,9.73397172345,0.8572689879,-0.011751,0.082846,-0.049619,0,0,0,0,0,0,1463623614161,4150
1.992102567,9.75956681895,0.8756660757,-0.014927,0.083958,-0.044250,0,0,0,0,0,0,1463623614171,4160
1.9121987976,9.74369982105,1.00151353185,-0.052863,0.178801,-0.034510,0,0,0,0,0,0,1463623614181,4170
1.74116275905,9.6995605395,1.1559372747,-0.103233,0.355564,-0.027101,0,0,0,0,0,0,1463623614191,4180
1.6477945965,9.65810825265,1.1373832821,-0.133452,0.517274,-0.033865,0,0,0,0,0,0,1463623614201,4190
1.648088793,9.7212526281,1.0291974225,-0.136424,0.576757,-0.046080,0,0,0,0,0,0,1463623614211,4200
1.74849805845,9.7911341034,0.8475408903,-0.111888,0.580884,-0.053717,0,0,0,0,0,0,1463623614221,4210
1.86641201565,9.76315601625,0.86220168255,-0.067232,0.543544,-0.051256,0,0,0,0,0,0,1463623614231,4220
1.97340147615,9.77288411385,0.79800800625,-0.027041,0.456294,-0.039626,0,0,0,0,0,0,1463623614241,4230
2.0486667474,9.79098700515,0.77751231675,-0.003973,0.348969,-0.016308,0,0,0,0,0,0,1463623614251,4240
2.21236748655,9.7670492166,0.8490314859,0.004154,0.239578,0.009258,0,0,0,0,0,0,1463623614261,4250
2.3530228332,9.73652142645,0.8773135761,-0.003600,0.151553,0.041560,0,0,0,0,0,0,1463623614271,4260
2.38968952365,9.6986583369,0.9428605563,-0.020654,0.127387,0.075588,0,0,0,0,0,0,1463623614281,4270
2.2621945671,9.71018103315,1.07139500715,-0.028975,0.149950,0.103580,0,0,0,0,0,0,1463623614291,4280
2.1589512087,9.74220922545,1.1237717907,-0.039400,0.203213,0.112739,0,0,0,0,0,0,1463623614301,4290
1.9569362787,9.6280315638,1.08471230205,-0.100618,0.383890,0.069129,0,0,0,0,0,0,1463623614311,4300
2.06348444445,9.8046083031,1.12631168715,-0.108601,0.487207,0.086146,0,0,0,0,0,0,1463623614321,4310
1.91758259355,9.82001439315,1.08561450465,-0.069163,0.454316,0.113206,0,0,0,0,0,0,1463623614331,4320
1.7947359417,9.8783731722,0.98699983785,-0.028102,0.320316,0.131851,0,0,0,0,0,0,1463623614341,4330
1.61232430515,9.85892678355,0.8135710011,-0.000171,0.130919,0.133035,0,0,0,0,0,0,1463623614351,4340
1.5018927456,9.8025097014,0.85292468625,0.008688,-0.027580,0.133615,0,0,0,0,0,0,1463623614361,4350
1.38263529105,9.8393234901,0.9819102384,-0.003507,-0.124331,0.133887,0,0,0,0,0,0,1463623614371,4360
1.32083441295,9.91488295785,1.0684040094,-0.018729,-0.176468,0.125008,0,0,0,0,0,0,1463623614381,4370
1.35884460075,9.8593680783,1.1219673855,-0.041190,-0.152236,0.083848,0,0,0,0,0,0,1463623614391,4380
1.45849876185,9.85967208135,1.2063625548,-0.068700,-0.071585,0.047536,0,0,0,0,0,0,1463623614401,4390
1.44084697185,9.82240719135,1.2871685268,-0.101532,0.010162,0.013412,0,0,0,0,0,0,1463623614411,4400
1.54664003325,9.7992147006,1.22237665095,-0.103528,0.081080,-0.034947,0,0,0,0,0,0,1463623614421,4410
1.61516820465,9.9264056541,1.18407226665,-0.074682,0.108471,-0.059456,0,0,0,0,0,0,1463623614431,4420
1.73472966225,9.9199725573,1.12391888895,-0.053475,0.100763,-0.083105,0,0,0,0,0,0,1463623614441,4430
1.8378259224,9.80999209905,1.0739349036,-0.045097,0.081468,-0.100410,0,0,0,0,0,0,1463623614451,4440
1.84007162235,9.7856032092,1.0444564143,-0.057077,0.046262,-0.119819,0,0,0,0,0,0,1463623614461,4450
1.7571768552,9.9344862513,0.92325726285,-0.076602,-0.017523,-0.123440,0,0,0,0,0,0,1463623614471,4460
1.67951878575,10.0945977932,0.9181676634,-0.087585,-0.097143,-0.107033,0,0,0,0,0,0,1463623614481,4470
1.6744291863,10.1842296602,0.96275804625,-0.075954,-0.126899,-0.098885,0,0,0,0,0,0,1463623614491,4480
1.74400665855,10.2497766403,0.9403108533,-0.055564,-0.097240,-0.107318,0,0,0,0,0,0,1463623614501,4490
1.94198128995,10.3283271058,0.91158746835,-0.029804,-0.041158,-0.136862,0,0,0,0,0,0,1463623614511,4500
2.06093474145,10.6316436973,1.08904679715,0.005713,0.048916,-0.168306,0,0,0,0,0,0,1463623614521,4510
2.0643768405,10.9238788873,1.09473459615,0.048923,0.163625,-0.172943,0,0,0,0,0,0,1463623614531,4520
2.1411425139,11.0004974625,1.092645801,0.101705,0.235012,-0.134371,0,0,0,0,0,0,1463623614541,4530
2.1763088022,10.9985557656,0.9690440448,0.156570,0.284156,-0.082169,0,0,0,0,0,0,1463623614551,4540
1.98581656845,10.8492118156,0.70029554205,0.215478,0.288591,-0.033616,0,0,0,0,0,0,1463623614561,4550
1.90546169775,10.6585822902,0.66348175335,0.300798,0.254498,-0.006966,0,0,0,0,0,0,1463623614571,4560
1.86715731345,10.6062055066,0.7715205147,0.388255,0.208790,0.032345,0,0,0,0,0,0,1463623614581,4570
1.882269207,10.5319895362,0.72020283855,0.434241,0.153999,0.122024,0,0,0,0,0,0,1463623614591,4580
1.734582564,10.8936551002,0.6456828651,0.445619,0.066843,0.134969,0,0,0,0,0,0,1463623614601,4590
1.4721200598,10.9617419769,0.6780052539,0.444138,-0.053062,0.173299,0,0,0,0,0,0,1463623614611,4600
1.41136848255,11.0676821365,0.98056674105,0.434540,-0.106802,0.238960,0,0,0,0,0,0,1463623614621,4610
1.3546572039,11.0027431625,1.1770409703,0.405995,-0.062997,0.254537,0,0,0,0,0,0,1463623614631,4620
1.2609850383,11.063641838,1.27011493635,0.364641,-0.011778,0.260702,0,0,0,0,0,0,1463623614641,4630
1.2536497389,11.3085996504,1.32577691415,0.315731,0.010837,0.279457,0,0,0,0,0,0,1463623614651,4640
1.3133520153,11.3059028491,1.28657032725,0.261342,0.011062,0.288458,0,0,0,0,0,0,1463623614661,4650
1.4502710664,10.9596433752,1.31036101755,0.189965,0.018876,0.310468,0,0,0,0,0,0,1463623614671,4660
1.41705628155,10.7802325429,1.25230624155,0.101532,0.034156,0.328432,0,0,0,0,0,0,1463623614681,4670
2.3660459316,11.6609882181,-0.7586543211,0.007119,-0.357526,0.399147,0,0,0,0,0,0,1463623614691,4680
1.97340147615,11.0328198513,0.806686803,-0.070241,-0.351040,0.528838,0,0,0,0,0,0,1463623614701,4690
2.1888807993,10.5635568207,0.3666080652,-0.124438,-0.394755,0.638677,0,0,0,0,0,0,1463623614711,4700
1.96082947905,10.2705763329,0.0181028913,-0.203827,-0.647306,0.834184,0,0,0,0,0,0,1463623614721,4710
2.28793676085,10.5611640225,0.3630188679,-0.290728,-0.872496,0.986315,0,0,0,0,0,0,1463623614731,4720
2.28179786055,11.2128288831,0.15681654105,-0.361924,-1.067699,1.026683,0,0,0,0,0,0,1463623614741,4730
2.2167117882,10.9665275733,-0.40282365435,-0.410018,-1.287907,1.001606,0,0,0,0,0,0,1463623614751,4740
2.1342583158,10.5798651133,-0.57026068905,-0.382299,-1.489274,0.965386,0,0,0,0,0,0,1463623614761,4750
2.3051472561,10.6093436027,-0.01885799565,-0.295057,-1.521647,0.936616,0,0,0,0,0,0,1463623614771,4760
2.4468519036,10.3771146921,0.1081858596,-0.176995,-1.407939,0.970750,0,0,0,0,0,0,1463623614781,4770
2.613249444,10.5364711296,0.4448643342,-0.156249,-1.197473,1.107880,0,0,0,0,0,0,1463623614791,4780
2.4722900943,10.6675552834,0.24405560985,-0.306227,-1.061337,1.339592,0,0,0,0,0,0,1463623614801,4790
2.65499592735,10.158497273,-0.25288150485,-0.493360,-1.143899,1.612222,0,0,0,0,0,0,1463623614811,4800
3.33284427645,9.8521896837,0.3444648753,-0.588905,-1.408272,1.784313,0,0,0,0,0,0,1463623614821,4810
3.96266014365,9.55651239465,0.86834058285,-0.581276,-1.718910,1.925234,0,0,0,0,0,0,1463623614831,4820
4.2067157535,9.33998377065,1.17389306775,-0.509214,-2.013189,2.147810,0,0,0,0,0,0,1463623614841,4830
4.4194982754,9.97833133635,1.7414667621,-0.428109,-1.931347,2.319453,0,0,0,0,0,0,1463623614851,4840
4.55776082385,10.2250837474,1.83903212805,-0.324307,-1.555017,2.481915,0,0,0,0,0,0,1463623614861,4850
4.6037045106,9.63312116325,1.5976635129,-0.133702,-1.163523,2.717300,0,0,0,0,0,0,1463623614871,4860
4.388823387,10.0806822987,1.49576365185,0.070221,-0.813146,2.861598,0,0,0,0,0,0,1463623614881,4870
4.0807211991,10.3887844866,1.61681570505,0.306946,-0.505553,2.986027,0,0,0,0,0,0,1463623614891,4880
3.73252002825,10.8994899975,1.68385328085,0.525594,-0.079858,3.255591,0,0,0,0,0,0,1463623614901,4890
4.3937658882,10.0357879128,1.31918691255,0.627899,0.428388,3.421425,0,0,0,0,0,0,1463623614911,4900
4.5547698261,8.9097802287,1.3105081158,0.712101,0.928496,3.337952,0,0,0,0,0,0,1463623614921,4910
4.53247953795,8.60227624035,1.27564583055,0.804219,1.159781,3.148531,0,0,0,0,0,0,1463623614931,4920
5.02702385445,8.97712180755,0.847089789,0.803404,0.793792,2.840324,0,0,0,0,0,0,1463623614941,4930
5.95162461465,10.1028254886,-0.1619061405,0.504638,0.130040,2.564980,0,0,0,0,0,0,1463623614951,4940
5.70128300625,10.3040951208,-0.8228479974,0.094159,-0.186179,2.500600,0,0,0,0,0,0,1463623614961,4950
5.20718979105,9.713780037,-1.5144647427,-0.079022,-0.471814,2.496252,0,0,0,0,0,0,1463623614971,4960
4.89818540055,9.01258229235,-1.10297209815,-0.029667,-0.663224,2.521751,0,0,0,0,0,0,1463623614981,4970
5.2936737555,7.5883476162,-1.07827920525,0.104823,-0.738266,2.348294,0,0,0,0,0,0,1463623614991,4980
5.6933495073,7.40803458135,-1.2835793295,0.361275,-1.015232,1.953415,0,0,0,0,0,0,1463623615001,4990
5.58695824635,6.42043654395,-0.87402838185,0.590338,-1.484271,1.608144,0,0,0,0,0,0,1463623615011,5000
5.50779977475,5.40785141715,-1.1704509687,0.696551,-2.224010,1.284870,0,0,0,0,0,0,1463623615021,5010
5.7508158903,4.82636222835,-0.88883627235,0.687904,-2.870958,0.950670,0,0,0,0,0,0,1463623615031,5020
6.1072447566,4.4305796769,-0.7251355332,0.529422,-3.403481,0.641221,0,0,0,0,0,0,1463623615041,5030
6.4391376348,4.10167779645,-0.96605304705,0.284146,-3.924964,0.498889,0,0,0,0,0,0,1463623615051,5040
7.03783731885,4.00276893315,-0.994776432,-0.030762,-4.398392,0.501489,0,0,0,0,0,0,1463623615061,5050
7.8294122283,3.9976793337,-0.9774188385,-0.350011,-4.754005,0.614996,0,0,0,0,0,0,1463623615071,5060
8.21801638515,3.8683897785,-0.907694268,-0.679494,-4.871706,0.824593,0,0,0,0,0,0,1463623615081,5070
8.6619883233,3.58124418795,-0.87267507795,-1.153091,-4.820519,1.091370,0,0,0,0,0,0,1463623615091,5080
9.14905024215,3.0533281818,-0.2467524111,-1.698940,-4.459754,1.338211,0,0,0,0,0,0,1463623615101,5090
10.1016290895,2.5752392562,-0.21651881745,-2.219276,-4.103460,1.565603,0,0,0,0,0,0,1463623615111,5100
10.8379931224,2.1249813195,-0.3128877843,-2.524514,-3.864645,1.813477,0,0,0,0,0,0,1463623615121,5110
11.1395053087,1.8795822123,-0.60019027965,-2.588398,-3.609348,2.084981,0,0,0,0,0,0,1463623615131,5120
11.6262730311,1.8584785167,-1.08904679715,-2.522825,-3.277908,2.348606,0,0,0,0,0,0,1463623615141,5130
11.6295680319,1.659464391,-1.66410288915,-2.424245,-2.920338,2.562096,0,0,0,0,0,0,1463623615151,5140
11.8905301339,1.6064894079,-2.59394034705,-2.283729,-2.670759,2.714533,0,0,0,0,0,0,1463623615161,5150
12.0464542789,1.34597840715,-3.4848752211,-2.079640,-2.488630,2.831685,0,0,0,0,0,0,1463623615171,5160
12.1200720498,1.341339909,-4.18966216305,-1.844043,-2.388707,2.919022,0,0,0,0,0,0,1463623615181,5170
12.0359808835,1.0670507055,-4.7090464707,-1.672922,-2.196782,3.053604,0,0,0,0,0,0,1463623615191,5180
12.281831092,-0.05716237995,-4.84417092315,-1.522563,-1.906728,3.218055,0,0,0,0,0,0,1463623615201,5190
12.8190240945,-1.01842002405,-4.91105159415,-1.374362,-1.632529,3.395167,0,0,0,0,0,0,1463623615211,5200
12.7932819007,-2.05585494855,-4.9804917747,-1.251670,-1.384428,3.629809,0,0,0,0,0,0,1463623615221,5210
12.6095365734,-2.9659322082,-5.29278135945,-1.139859,-1.211546,3.901148,0,0,0,0,0,0,1463623615231,5220
12.7461516215,-2.99212550325,-5.57664175575,-1.043517,-1.159791,4.183218,0,0,0,0,0,0,1463623615241,5230
12.9668676423,-2.625213435,-5.67254981475,-0.986471,-1.060123,4.456484,0,0,0,0,0,0,1463623615251,5240
13.0261188174,-1.99644686865,-6.04814067975,-0.932517,-0.902252,4.687688,0,0,0,0,0,0,1463623615261,5250
12.5758608807,-1.3549514004,-6.6882828441,-0.840667,-0.802383,4.856208,0,0,0,0,0,0,1463623615271,5260
12.0017069913,-0.7044829389,-7.63891999455,-0.702371,-0.933282,4.901745,0,0,0,0,0,0,1463623615281,5270
11.7402937879,-0.27114130095,-8.42705280495,-0.529441,-1.112792,4.858070,0,0,0,0,0,0,1463623615291,5280
11.4968363777,0.03935368515,-8.6549472204,-0.302434,-1.333163,4.775177,0,0,0,0,0,0,1463623615301,5290
10.668457486,0.6000431814,-9.0927900648,-0.137190,-1.735370,4.673010,0,0,0,0,0,0,1463623615311,5300
9.84800228685,0.54497940315,-9.48976901535,-0.039179,-2.131055,4.562964,0,0,0,0,0,0,1463623615321,5310
9.7238023311,0.46282012725,-9.0764719656,0.050724,-2.415215,4.428449,0,0,0,0,0,0,1463623615331,5320
9.52703390535,0.1077347583,-8.94075912015,0.143952,-2.659090,4.277227,0,0,0,0,0,0,1463623615341,5330
9.25962889995,-0.2144300223,-8.8291311615,0.215118,-2.832671,4.130048,0,0,0,0,0,0,1463623615351,5340
8.80862566545,-0.4198772448,-8.4575805951,0.249460,-2.910476,3.994805,0,0,0,0,0,0,1463623615361,5350
8.19287239095,-0.6043776765,-8.15127300585,0.266067,-2.931409,3.901744,0,0,0,0,0,0,1463623615371,5360
7.74949865235,-0.81416920065,-8.06523033615,0.318962,-2.985131,3.848562,0,0,0,0,0,0,1463623615381,5370
7.56215432115,-0.82719229905,-8.2186145847,0.377080,-3.063325,3.796171,0,0,0,0,0,0,1463623615391,5380
7.46699155995,-0.6842814459,-8.5177339728,0.434902,-3.172636,3.706192,0,0,0,0,0,0,1463623615401,5390
7.52549743725,-0.2103897237,-9.02619378375,0.545742,-3.318572,3.573847,0,0,0,0,0,0,1463623615411,5400
7.58041411725,0.48227632245,-9.20606552385,0.679242,-3.359729,3.379398,0,0,0,0,0,0,1463623615421,5410
7.46744266125,1.01977332795,-9.2409278091,0.806765,-3.265118,3.130846,0,0,0,0,0,0,1463623615431,5420
7.3528138983,1.34268340635,-9.11912065155,0.923711,-3.113362,2.838155,0,0,0,0,0,0,1463623615441,5430
7.0795838022,1.3271204115,-9.0134746884,1.044950,-2.952084,2.540187,0,0,0,0,0,0,1463623615451,5440
7.02975672165,0.8292810942,-8.99192969805,1.147939,-2.833129,2.265430,0,0,0,0,0,0,1463623615461,5450
6.996385032,0.2002105248,-8.87281934175,1.178457,-2.719058,2.021101,0,0,0,0,0,0,1463623615471,5460
6.92096285595,-0.18509863125,-8.6577911199,1.161091,-2.660485,1.877919,0,0,0,0,0,0,1463623615481,5470
6.52817130225,-0.50936201355,-8.4680539905,1.131193,-2.645666,1.855935,0,0,0,0,0,0,1463623615491,5480
6.09093646395,-0.41643514575,-8.2012569912,1.095971,-2.640305,1.847763,0,0,0,0,0,0,1463623615501,5490
5.6712063174,-0.14679424695,-8.1713274006,1.086061,-2.628186,1.755234,0,0,0,0,0,0,1463623615511,5500
5.3898956241,-0.08334586845,-8.2497405744,1.119610,-2.600934,1.567603,0,0,0,0,0,0,1463623615521,5510
5.11096792245,-0.0152589918,-8.11775421795,1.189421,-2.525298,1.319372,0,0,0,0,0,0,1463623615531,5520
4.9420304856,0.0181028913,-7.85005501605,1.250099,-2.340160,1.060518,0,0,0,0,0,0,1463623615541,5530
4.9602902817,-0.1369190511,-7.57278462135,1.299548,-2.089740,0.852461,0,0,0,0,0,0,1463623615551,5540
4.96971437625,-0.8967697713,-7.5325287336,1.311624,-1.941534,0.761012,0,0,0,0,0,0,1463623615561,5550
4.8088575366,-1.5532202283,-7.4654911578,1.273418,-1.884097,0.745892,0,0,0,0,0,0,1463623615571,5560
4.7475077598,-1.60394951145,-7.1921041569,1.213612,-1.889275,0.741035,0,0,0,0,0,0,1463623615581,5570
4.76711105325,-1.41735047805,-7.0403772153,1.144963,-1.944543,0.718738,0,0,0,0,0,0,1463623615591,5580
4.68375537825,-1.35690290385,-6.7403556246,1.108354,-1.976661,0.675061,0,0,0,0,0,0,1463623615601,5590
4.4506242651,-1.47795495705,-6.3131430804,1.066551,-1.973709,0.625362,0,0,0,0,0,0,1463623615611,5600
4.10691449415,-1.4374048728,-5.86513084365,0.974686,-1.948292,0.573110,0,0,0,0,0,0,1463623615621,5610
3.68568394545,-1.48034775525,-5.5953428466,0.839857,-1.953833,0.487906,0,0,0,0,0,0,1463623615631,5620
3.18260793045,-1.61681570505,-5.36893902675,0.665286,-1.986087,0.369760,0,0,0,0,0,0,1463623615641,5630
2.66472402495,-1.65527699415,-4.85748821805,0.470770,-1.930159,0.230228,0,0,0,0,0,0,1463623615651,5640
2.2203009855,-1.87313930895,-4.39885548765,0.291747,-1.778367,0.115965,0,0,0,0,0,0,1463623615661,5650
2.2005505938,-2.1927641931,-4.24053854445,0.153943,-1.531637,0.056581,0,0,0,0,0,0,1463623615671,5660
2.3898366219,-2.7491093877,-4.38298848975,0.093415,-1.240046,0.054492,0,0,0,0,0,0,1463623615681,5670
2.4229043085,-3.14834384475,-5.08103833185,0.121849,-1.082814,0.040787,0,0,0,0,0,0,1463623615691,5680
2.0280141531,-3.240672513,-6.16889853645,0.206905,-1.077314,-0.046229,0,0,0,0,0,0,1463623615701,5690
1.786949541,-2.859393849,-6.17892083055,0.256531,-1.123765,-0.124894,0,0,0,0,0,0,1463623615711,5700
1.52853714195,-2.68971111435,-5.91361442685,0.236923,-1.167666,-0.173091,0,0,0,0,0,0,1463623615721,5710
1.1608797759,-2.85969785205,-5.44421410455,0.185412,-1.172254,-0.239828,0,0,0,0,0,0,1463623615731,5720
0.6266777712,-3.2485962054,-4.98108997425,0.095052,-1.041653,-0.307101,0,0,0,0,0,0,1463623615741,5730
0.0929268678,-3.84086279265,-4.45122246465,-0.009520,-0.410028,-0.517728,0,0,0,0,0,0,1463623615761,5750
0.09905596155,-4.0084469256,-4.53487233615,0.025353,0.051827,-0.616047,0,0,0,0,0,0,1463623615771,5760
0.8397544896,-4.6008606111,-5.97467000715,0.228500,0.791672,-0.592814,0,0,0,0,0,0,1463623615791,5780
1.2084611565,-4.89818540055,-6.7210563342,0.372033,0.825961,-0.499957,0,0,0,0,0,0,1463623615801,5790
1.82555792835,-5.3024996505,-7.49556784665,0.558786,0.367933,-0.224484,0,0,0,0,0,0,1463623615821,5810
1.65078559425,-5.432240307,-7.40848568265,0.543109,0.101963,-0.093602,0,0,0,0,0,0,1463623615831,5820
1.32248191335,-5.4310439079,-7.11250439055,0.475111,-0.120673,-0.021544,0,0,0,0,0,0,1463623615841,5830
1.03622871885,-5.29905755145,-6.65222415975,0.382563,-0.289467,-0.014849,0,0,0,0,0,0,1463623615851,5840
0.73067623395,-5.26838266305,-6.2410257117,0.251887,-0.370101,-0.040040,0,0,0,0,0,0,1463623615861,5850
0.3972829536,-5.3288400438,-6.0240459864,0.100195,-0.360445,-0.089786,0,0,0,0,0,0,1463623615871,5860
0.25333260615,-5.38345272075,-5.8646895489,-0.026682,-0.263905,-0.175175,0,0,0,0,0,0,1463623615881,5870
0.02917448625,-6.0608597751,-6.0152200914,-0.117359,-0.168675,-0.280076,0,0,0,0,0,0,1463623615891,5880
0.4961918169,-5.94548571435,-6.53460439905,-0.311741,0.096114,-0.365443,0,0,0,0,0,0,1463623615911,5900
0.898868373,-6.1181692533,-7.18118946675,-0.387481,0.086899,-0.346752,0,0,0,0,0,0,1463623615921,5910
1.2666728373,-6.23878001175,-7.73947635825,-0.423919,0.002390,-0.283295,0,0,0,0,0,0,1463623615931,5920
1.43441387505,-5.9372580189,-8.0626904397,-0.307876,-0.207244,-0.104010,0,0,0,0,0,0,1463623615951,5940
1.36617990015,-5.72866289385,-8.02168925415,-0.163998,-0.271279,-0.076018,0,0,0,0,0,0,1463623615961,5950
1.1260076841,-5.66776421835,-7.83509022075,-0.001945,-0.302613,-0.078815,0,0,0,0,0,0,1463623615971,5960
0.90739026495,-5.65489802475,-7.48764415425,0.133662,-0.278616,-0.088299,0,0,0,0,0,0,1463623615981,5970
0.64941916065,-5.75261048895,-7.2341546433,0.186172,-0.223539,-0.098901,0,0,0,0,0,0,1463623615991,5980
0.5386934046,-5.74886438685,-7.02316672005,0.188466,-0.164204,-0.129276,0,0,0,0,0,0,1463623616001,5990
0.43304744145,-5.657594826,-6.8409119883,0.160979,-0.075074,-0.169772,0,0,0,0,0,0,1463623616011,6000
0.4085016468,-5.68227791235,-6.8418141909,0.131399,0.017299,-0.203825,0,0,0,0,0,0,1463623616021,6010
0.49245552135,-5.6396292264,-7.0869191016,0.090957,0.045024,-0.209598,0,0,0,0,0,0,1463623616031,6020
0.71810423685,-5.6930553108,-7.24897234035,0.067315,-0.003711,-0.192793,0,0,0,0,0,0,1463623616041,6030
1.22072915055,-5.80183936995,-6.92965145925,0.067597,0.030542,-0.162636,0,0,0,0,0,0,1463623616051,6040
1.43186417205,-6.12161135235,-6.93892845555,0.087222,0.098729,-0.138725,0,0,0,0,0,0,1463623616061,6050
1.24587314475,-6.11143215345,-7.05952940745,0.090688,0.121387,-0.095928,0,0,0,0,0,0,1463623616071,6060
0.81462030195,-6.21887271525,-6.7634010171,0.064541,0.182536,-0.034383,0,0,0,0,0,0,1463623616081,6070
0.8458933899,-6.0651942702,-6.7885450113,-0.001178,0.284769,-0.043517,0,0,0,0,0,0,1463623616091,6080
0.90021187035,-5.7952591749,-6.84959078505,-0.029885,0.329336,-0.069496,0,0,0,0,0,0,1463623616101,6090
1.0214110218,-5.74078378965,-6.91543196175,-0.056384,0.397243,-0.103808,0,0,0,0,0,0,1463623616111,6100
