1.33311221355,-4.24502994435,-10.6615732879,-0.178038,0.490723,-0.770489,0,0,0,0,0,0,1463621620589,0
2.1378475131,-3.27478950045,-10.7676605458,0.006269,0.523358,-0.889024,0,0,0,0,0,0,1463621620599,10
2.65499592735,-1.6235528049,-10.3169613144,0.179296,0.824531,-0.942082,0,0,0,0,0,0,1463621620609,20
2.32594694865,-0.9217568607,-9.78739780785,0.377935,1.081339,-0.942487,0,0,0,0,0,0,1463621620619,30
2.1589512087,-1.0365327219,-9.4097181477,0.631304,1.164720,-0.928997,0,0,0,0,0,0,1463621620629,40
2.48455808835,-1.49815645005,-9.0350294853,0.931214,1.170234,-0.927294,0,0,0,0,0,0,1463621620639,50
2.75869038705,-1.88661350865,-8.970835809,1.226835,1.165179,-0.918191,0,0,0,0,0,0,1463621620649,60
3.31309388475,-1.82600902965,-9.1632599331,1.599909,1.314973,-0.938164,0,0,0,0,0,0,1463621620669,80
2.98314270345,-2.1031323261,-10.1179471887,1.659962,1.364887,-0.924367,0,0,0,0,0,0,1463621620679,90
3.25054770885,-2.23302008085,-10.1987433541,1.618182,1.526939,-0.888391,0,0,0,0,0,0,1463621620689,100
3.4711068249,-1.70689867335,-9.8457565869,1.523726,1.823251,-0.840049,0,0,0,0,0,0,1463621620699,110
3.4696162293,-1.0444564143,-9.32666647575,1.443302,2.150390,-0.788346,0,0,0,0,0,0,1463621620709,120
3.5911193838,-0.36526456785,-8.1494784072,1.491210,2.617895,-0.835569,0,0,0,0,0,0,1463621620729,140
3.66144215385,-0.42975244065,-8.1313755159,1.618914,2.636910,-0.948409,0,0,0,0,0,0,1463621620739,150
4.0973334948,-0.8306343981,-8.6458271289,1.610850,2.439008,-1.400998,0,0,0,0,0,0,1463621620759,170
3.61101687375,-1.2415288431,-8.74802118645,1.107814,2.249233,-1.812965,0,0,0,0,0,0,1463621620769,180
3.7965666063,-1.75448005395,-8.5940485449,0.431441,2.101148,-2.119657,0,0,0,0,0,0,1463621620779,190
4.4078284809,-1.4583516636,-7.68216688005,-0.137770,1.860763,-2.204330,0,0,0,0,0,0,1463621620789,200
5.05456064685,-1.02455892435,-6.5239839054,-0.538274,1.767511,-2.171870,0,0,0,0,0,0,1463621620799,210
5.2888881591,-0.64059326565,-5.46425869275,-0.740622,2.017544,-2.095309,0,0,0,0,0,0,1463621620809,220
5.45902199505,0.04025588775,-4.39077489045,-0.720736,2.488676,-1.947220,0,0,0,0,0,0,1463621620819,230
5.31013895295,0.68937104535,-3.4109534472,-0.500296,3.107601,-1.724899,0,0,0,0,0,0,1463621620829,240
5.7789410757,1.27490053275,-2.6446696302,-0.136707,3.787535,-1.538427,0,0,0,0,0,0,1463621620839,250
6.4488657324,1.601409615,-2.39686791825,0.311723,4.427240,-1.438328,0,0,0,0,0,0,1463621620849,260
7.00939832385,1.79443193865,-2.45433430125,0.739859,5.102823,-1.385679,0,0,0,0,0,0,1463621620859,270
7.45037926425,2.31861164925,-2.0983467297,1.070308,5.700671,-1.385124,0,0,0,0,0,0,1463621620869,280
7.28802202245,2.24963237655,-2.3450991408,1.319731,6.108207,-1.406950,0,0,0,0,0,0,1463621620879,290
7.5269978394,1.6320845034,-2.44909760355,1.484979,6.326591,-1.439396,0,0,0,0,0,0,1463621620889,300
7.6601707884,1.6093333074,-2.4133331157,1.610723,6.368073,-1.534958,0,0,0,0,0,0,1463621620899,310
7.7286989598,1.60918620915,-2.3991136182,1.746403,6.263724,-1.642620,0,0,0,0,0,0,1463621620909,320
7.7985804351,1.6097844087,-1.98911156925,1.883929,6.088195,-1.738172,0,0,0,0,0,0,1463621620919,330
7.7614724499,1.95319998315,-1.5213489408,2.045807,5.878502,-1.841715,0,0,0,0,0,0,1463621620929,340
8.2723348656,2.83859415645,-0.9908930382,2.237706,5.719589,-1.970624,0,0,0,0,0,0,1463621620939,350
8.9311781208,3.527219904,-0.8423041926,2.461133,5.538612,-2.195932,0,0,0,0,0,0,1463621620949,360
9.36736365825,3.89173917405,-0.77586481635,2.696569,5.270737,-2.519138,0,0,0,0,0,0,1463621620959,370
9.9530402439,4.23679244235,-0.62847236985,2.939668,4.893694,-2.932950,0,0,0,0,0,0,1463621620969,380
10.5557802265,4.5516317301,-0.3390712728,3.156017,4.501840,-3.346667,0,0,0,0,0,0,1463621620979,390
11.4832248863,4.4432889657,0.10519486185,3.299275,4.160746,-3.683606,0,0,0,0,0,0,1463621620989,400
12.1916010255,4.2349978437,0.14155754925,3.349046,3.801714,-3.892007,0,0,0,0,0,0,1463621620999,410
12.839823787,4.0098002295,-0.13900784625,3.312516,3.421045,-4.039109,0,0,0,0,0,0,1463621621009,420
13.0792408987,4.1883186657,-0.2313365145,3.200280,3.029111,-4.156881,0,0,0,0,0,0,1463621621019,430
13.3252382055,4.68106838355,-0.2201178213,2.759967,2.101970,-4.289566,0,0,0,0,0,0,1463621621039,450
13.7593349478,5.12952191505,-0.23881891215,2.410535,1.603709,-4.351908,0,0,0,0,0,0,1463621621049,460
14.3571324292,5.6740502169,-0.23956420995,1.980692,1.088136,-4.487250,0,0,0,0,0,0,1463621621059,470
15.0198688848,6.7008548412,-0.1005563637,1.489378,0.595657,-4.542974,0,0,0,0,0,0,1463621621069,480
15.7490447166,6.03931478475,0.00134349735,1.060264,0.248898,-4.426296,0,0,0,0,0,0,1463621621079,490
15.8723522763,5.8856363397,0.320674185,0.719735,-0.209879,-4.173949,0,0,0,0,0,0,1463621621089,500
16.1650385676,6.30821038575,0.07122497265,0.540389,-0.731270,-3.837261,0,0,0,0,0,0,1463621621099,510
16.5694999158,7.0023670275,-0.32082128325,0.509841,-1.075103,-3.596135,0,0,0,0,0,0,1463621621109,520
17.0815587306,7.0025239323,0.68742934845,0.645735,-1.307884,-3.227533,0,0,0,0,0,0,1463621621129,540
16.8753564038,6.6920289462,1.0529881128,0.729172,-1.240453,-2.988902,0,0,0,0,0,0,1463621621139,550
16.6218766994,6.32676437835,1.5161122431,0.781973,-1.121750,-2.732474,0,0,0,0,0,0,1463621621149,560
16.5264099351,5.84747905365,1.89185020635,0.980880,-1.039502,-2.457408,0,0,0,0,0,0,1463621621159,570
16.1409438742,5.2799053593,1.7046529734,1.216998,-1.207362,-2.189256,0,0,0,0,0,0,1463621621169,580
16.1288229784,5.5274030682,2.75300258805,1.319645,-1.153692,-1.933868,0,0,0,0,0,0,1463621621179,590
15.8654680782,5.38510022115,2.9644416126,1.237837,-1.032753,-1.716746,0,0,0,0,0,0,1463621621189,600
15.5621514867,4.9424815869,3.17617483365,1.068312,-0.943569,-1.514077,0,0,0,0,0,0,1463621621199,610
15.3317171748,2.6116019436,2.91177063255,0.558984,-0.940837,-1.050273,0,0,0,0,0,0,1463621621219,630
15.5260928023,1.42992247515,2.22943088355,0.320778,-1.033518,-0.727201,0,0,0,0,0,0,1463621621229,640
14.9024060289,0.16864324035,0.84694269075,0.062210,-1.466900,-0.020251,0,0,0,0,0,0,1463621621249,660
14.1108311194,-0.4303506402,0.50606701275,-0.061377,-1.775133,0.398933,0,0,0,0,0,0,1463621621259,670
13.2782550245,-0.91113636705,0.4719500253,-0.228757,-2.109673,0.839569,0,0,0,0,0,0,1463621621269,680
12.4748632222,-0.89646576825,0.77631591765,-0.404671,-2.389347,1.215778,0,0,0,0,0,0,1463621621279,690
11.7338606911,-0.5184919116,1.3917651891,-0.534903,-2.390260,1.476949,0,0,0,0,0,0,1463621621289,700
11.1092815217,0.0742159704,2.05091244735,-0.558146,-2.306632,1.706003,0,0,0,0,0,0,1463621621299,710
9.47764811955,1.5665375232,3.5631314901,-0.458290,-2.127780,1.915687,0,0,0,0,0,0,1463621621309,720
9.1168749516,2.04238074885,4.36892589705,-0.295274,-1.704284,2.152676,0,0,0,0,0,0,1463621621319,730
8.57295465585,2.399858916,5.06802504,-0.144380,-0.940135,2.425979,0,0,0,0,0,0,1463621621329,740
8.19975658905,2.73519389325,5.5274030682,-0.038093,0.047916,2.756108,0,0,0,0,0,0,1463621621339,750
7.59537891255,3.3452691753,4.97659857435,-0.064004,0.899678,3.012583,0,0,0,0,0,0,1463621621349,760
7.1591933751,3.92959245705,3.75107402085,-0.198548,1.502581,3.082244,0,0,0,0,0,0,1463621621359,770
6.9944433351,5.16708100155,2.29556625675,-0.359894,1.726066,3.034572,0,0,0,0,0,0,1463621621369,780
6.7553204199,6.6193035714,0.68487964545,-0.524045,1.659580,2.893636,0,0,0,0,0,0,1463621621379,790
6.1673981343,7.7113413663,-0.10803876135,-0.736517,1.389349,2.651043,0,0,0,0,0,0,1463621621389,800
5.5052598783,8.29672375545,-0.130034853,-0.855876,1.035144,2.306677,0,0,0,0,0,0,1463621621399,810
4.95384737835,8.36825273115,0.4171902501,-0.765868,0.734456,1.949262,0,0,0,0,0,0,1463621621409,820
4.95908407605,7.6003116072,1.1623703715,-0.459256,0.570009,1.690345,0,0,0,0,0,0,1463621621419,830
4.95520068225,6.77925820845,2.399858916,0.010093,0.635751,1.558979,0,0,0,0,0,0,1463621621429,840
5.03226055215,5.61210224055,3.3572331663,0.525750,0.768552,1.453412,0,0,0,0,0,0,1463621621439,850
4.9938090696,4.49446935015,3.78833891085,0.979998,0.980450,1.376825,0,0,0,0,0,0,1463621621449,860
4.6472455926,3.62103916785,3.5107645131,1.366688,1.289848,1.371008,0,0,0,0,0,0,1463621621459,870
4.51153274715,3.23348431185,3.06634147365,1.694993,1.606306,1.435040,0,0,0,0,0,0,1463621621469,880
4.7276004633,2.55489066495,2.8513132518,1.976608,1.962399,1.519031,0,0,0,0,0,0,1463621621479,890
4.9601333769,2.05734554415,2.2773162672,2.232005,2.224673,1.561879,0,0,0,0,0,0,1463621621489,900
5.3559257349,2.1125662272,1.52883133845,2.396789,2.365239,1.505267,0,0,0,0,0,0,1463621621499,910
6.3520554708,1.6877464812,0.03246948705,2.518028,2.386440,1.104747,0,0,0,0,0,0,1463621621519,930
6.75966472155,1.43470807155,-0.86025998565,2.508597,2.190990,0.842965,0,0,0,0,0,0,1463621621529,940
7.4250881718,1.1770409703,-1.3070758233,2.419806,1.904379,0.591682,0,0,0,0,0,0,1463621621539,950
8.01929645595,0.73785462855,-1.7172249705,2.244361,1.539602,0.379860,0,0,0,0,0,0,1463621621549,960
9.23299431015,-1.6817644857,-0.77092231515,1.387196,0.707221,0.238897,0,0,0,0,0,0,1463621621569,980
10.2776076292,-2.47841918805,-0.19961232525,0.855591,0.315340,0.398678,0,0,0,0,0,0,1463621621579,990
10.3482344024,-1.00749552735,0.76119421755,0.413249,-0.021602,0.397263,0,0,0,0,0,0,1463621621589,1000
10.2277707421,0.95302994865,1.62564160005,-0.032430,-0.229078,0.207375,0,0,0,0,0,0,1463621621599,1010
9.86206487955,2.84922445665,2.32818284205,-0.207385,-0.417920,-0.090206,0,0,0,0,0,0,1463621621609,1020
10.4914296454,3.0729216687,2.90847563175,-0.367257,-0.358916,-0.378153,0,0,0,0,0,0,1463621621619,1030
11.6974980038,2.05210884645,2.67309881865,-0.315262,-0.035163,-0.299924,0,0,0,0,0,0,1463621621629,1040
12.6599618535,-0.43948053825,2.49173648295,-0.010402,0.338023,0.243368,0,0,0,0,0,0,1463621621639,1050
13.0802901996,-2.03520235425,3.34406296965,0.270631,0.903272,1.008201,0,0,0,0,0,0,1463621621649,1060
13.4902922485,-1.7676502506,4.515720144,0.284955,1.594940,1.644378,0,0,0,0,0,0,1463621621659,1070
13.8655791105,-2.0108134644,4.97181297795,0.215304,2.093771,2.055681,0,0,0,0,0,0,1463621621669,1080
13.3077335137,-1.3190398143,5.37343042665,0.286491,2.259260,2.317713,0,0,0,0,0,0,1463621621679,1090
12.6010048749,2.6470624284,6.33633557115,0.403482,2.549067,2.141409,0,0,0,0,0,0,1463621621689,1100
11.9089370283,5.38525712595,5.2508779713,0.682603,2.479184,1.564948,0,0,0,0,0,0,1463621621699,1110
12.2294543085,6.04694428065,4.3383981069,0.842573,2.110137,0.900414,0,0,0,0,0,0,1463621621709,1120
13.1720108617,8.64717062625,3.15791503755,0.945059,2.186516,-0.258251,0,0,0,0,0,0,1463621621729,1140
12.9275139571,10.905775996,1.48319165475,1.477372,2.432566,-0.873409,0,0,0,0,0,0,1463621621739,1150
11.6180453356,9.0564273774,-0.68862574755,2.405009,2.465307,-1.116715,0,0,0,0,0,0,1463621621749,1160
12.4654293211,8.25063297045,-1.5710289231,3.320620,2.312853,-0.942795,0,0,0,0,0,0,1463621621759,1170
12.1556894394,8.8246397616,-1.0372780197,3.839136,2.252051,-0.904179,0,0,0,0,0,0,1463621621769,1180
6.15991573665,7.8204294285,0.56053259145,2.728204,1.201993,-1.537340,0,0,0,0,0,0,1463621621799,1210
7.4267356722,8.1867432972,0.1776162336,3.360051,1.719645,-1.327003,0,0,0,0,0,0,1463621621789,1200
6.28277219505,8.89466833515,1.16028157635,1.956462,0.611814,-1.685319,0,0,0,0,0,0,1463621621809,1220
7.27515582885,9.22326621255,-0.589569786,1.320409,-0.299922,-1.679739,0,0,0,0,0,0,1463621621819,1230
8.207690088,7.7400745578,-1.58015882115,0.324103,-1.947591,-1.221724,0,0,0,0,0,0,1463621621839,1250
7.36853379795,8.5759456536,-0.86339808165,0.008146,-2.497961,-1.122847,0,0,0,0,0,0,1463621621849,1260
7.0394750127,8.84589055545,1.46179376265,-0.184765,-2.456878,-1.109062,0,0,0,0,0,0,1463621621859,1270
7.2733612302,8.0115198618,3.0795116703,-0.283658,-1.849955,-1.203800,0,0,0,0,0,0,1463621621869,1280
7.97291147445,6.496447113,2.8731622452,-0.277869,-0.944907,-1.359556,0,0,0,0,0,0,1463621621879,1290
8.4179229069,5.31253175115,1.6425578988,-0.192476,-0.108366,-1.543287,0,0,0,0,0,0,1463621621889,1300
8.4732906882,4.6379685963,0.38022936315,-0.106562,0.417331,-1.764019,0,0,0,0,0,0,1463621621899,1310
7.9928089644,4.54324712985,-1.04476041735,-0.046714,0.462828,-2.065728,0,0,0,0,0,0,1463621621909,1320
7.892703702,4.3954133886,-2.29362455985,0.047911,0.060662,-2.483809,0,0,0,0,0,0,1463621621919,1330
7.86172481055,3.93961475115,-2.73370329765,0.118841,-0.555720,-2.970822,0,0,0,0,0,0,1463621621929,1340
7.05189991155,4.4356594698,-3.1855989282,0.077136,-1.305696,-3.445307,0,0,0,0,0,0,1463621621939,1350
5.4246108111,4.84491622095,-2.35781823615,-0.274859,-2.419694,-4.228483,0,0,0,0,0,0,1463621621959,1370
4.91001209985,4.7433105564,-0.6497231637,-0.451227,-2.504937,-4.467537,0,0,0,0,0,0,1463621621969,1380
4.6800190827,4.47995565615,0.8378127927,-0.476769,-2.436193,-4.531687,0,0,0,0,0,0,1463621621979,1390
4.5642037272,4.13953107945,2.05928724105,-0.354212,-2.337905,-4.422066,0,0,0,0,0,0,1463621621989,1400
4.57288252395,4.20343055925,2.95605701235,-0.150980,-2.226042,-4.168077,0,0,0,0,0,0,1463621621999,1410
4.3930205904,4.16855846745,3.54488150055,0.075420,-2.095999,-3.744665,0,0,0,0,0,0,1463621622009,1420
4.2403914462,4.27554792795,4.1898092613,0.298555,-1.905073,-3.140544,0,0,0,0,0,0,1463621622019,1430
4.481004957,4.53157733535,4.63946899845,0.511592,-1.703584,-2.404082,0,0,0,0,0,0,1463621622029,1440
4.94068698825,4.99275976875,4.3707204957,0.693518,-1.574008,-1.623256,0,0,0,0,0,0,1463621622039,1450
5.0273278575,5.4781741872,3.3584295654,0.745134,-1.423170,-0.896518,0,0,0,0,0,0,1463621622049,1460
4.77758444865,5.7862763751,2.31172745115,0.706214,-1.259982,-0.409739,0,0,0,0,0,0,1463621622059,1470
4.4051414862,5.85630494865,1.5327245388,0.695986,-1.124341,-0.189906,0,0,0,0,0,0,1463621622069,1480
4.2212294475,5.5181260719,1.25709183795,0.706667,-0.961081,-0.112811,0,0,0,0,0,0,1463621622079,1490
4.2798922296,5.256114669,1.0392197166,0.756515,-0.816438,-0.093781,0,0,0,0,0,0,1463621622089,1500
4.619865705,5.2404045759,0.70029554205,0.862558,-0.720077,-0.109794,0,0,0,0,0,0,1463621622099,1510
5.1293748168,5.41053841185,0.5503631991,0.994915,-0.676123,-0.155300,0,0,0,0,0,0,1463621622109,1520
5.52605957085,5.5004742819,0.44038274085,1.117422,-0.675821,-0.210717,0,0,0,0,0,0,1463621622119,1530
5.6640279228,5.50032718365,0.5470681983,1.266601,-0.685102,-0.256865,0,0,0,0,0,0,1463621622129,1540
5.77879397745,5.45827669725,0.75042662565,1.460337,-0.747716,-0.306028,0,0,0,0,0,0,1463621622139,1550
6.2836645911,5.75784718665,0.52462100535,1.642612,-0.927727,-0.414800,0,0,0,0,0,0,1463621622149,1560
6.9395266551,6.22306991865,0.15008924775,1.718616,-1.161276,-0.615867,0,0,0,0,0,0,1463621622159,1570
7.2940138245,6.6169107732,-0.00299099775,1.696793,-1.277906,-0.867217,0,0,0,0,0,0,1463621622169,1580
7.3661311932,6.90854776365,0.31393708515,1.550949,-1.192298,-1.147577,0,0,0,0,0,0,1463621622179,1590
7.97979567255,7.39591368555,0.54168440235,1.167512,-0.871024,-1.879822,0,0,0,0,0,0,1463621622199,1610
7.99505466435,7.2616914357,1.1768840655,1.225369,-0.692394,-2.303903,0,0,0,0,0,0,1463621622209,1620
7.54091333385,7.0641679056,1.79847223725,1.480775,-0.506740,-2.706192,0,0,0,0,0,0,1463621622219,1630
6.6035934783,6.63680826315,1.76091315075,1.781776,-0.406109,-3.080893,0,0,0,0,0,0,1463621622229,1640
5.96658940995,6.3818281566,1.26846743595,1.822170,-0.343074,-3.465398,0,0,0,0,0,0,1463621622239,1650
5.75410108455,7.18148366325,1.0586759118,0.927581,-0.365084,-3.781806,0,0,0,0,0,0,1463621622249,1660
5.99038010025,9.33429597165,6.06116377815,-0.362816,-0.047585,-3.934940,0,0,0,0,0,0,1463621622259,1670
5.31372815025,9.74205232065,7.2603381318,-1.027466,0.257184,-3.977474,0,0,0,0,0,0,1463621622269,1680
4.35082300575,9.17374313505,5.18279109465,-1.322504,0.341328,-3.933623,0,0,0,0,0,0,1463621622279,1690
3.51270621,8.2742765625,2.77126238415,-1.501625,0.481172,-3.789016,0,0,0,0,0,0,1463621622289,1700
3.01546509225,8.1879396963,2.87854604115,-1.879051,0.812628,-3.555638,0,0,0,0,0,0,1463621622299,1710
2.9611466118,8.9711300055,4.68659927775,-2.474756,1.165651,-3.223175,0,0,0,0,0,0,1463621622309,1720
3.0319302897,10.6665059826,6.86261388345,-3.202382,1.309072,-2.807318,0,0,0,0,0,0,1463621622319,1730
2.9232933288,12.9144908587,7.8587338128,-3.955863,1.613294,-2.374819,0,0,0,0,0,0,1463621622329,1740
2.8662780471,17.8280921559,8.3308407429,-4.402215,2.368258,-1.996220,0,0,0,0,0,0,1463621622339,1750
2.5053577809,22.7192462601,6.394851255,-4.517565,3.159492,-1.615901,0,0,0,0,0,0,1463621622349,1760
2.6361379317,24.2471753959,2.86762154445,-4.467202,3.486096,-1.145431,0,0,0,0,0,0,1463621622359,1770
2.8727111439,26.6257933247,0.54048800325,-4.155309,3.324183,-0.613575,0,0,0,0,0,0,1463621622369,1780
2.28270006315,26.9919502886,-0.36271486485,-3.608665,2.863283,-0.002350,0,0,0,0,0,0,1463621622379,1790
1.72874766675,25.1852503559,-0.94226235675,-3.008531,2.125306,0.702816,0,0,0,0,0,0,1463621622389,1800
0.9697893426,21.0458663747,-1.6518348951,-2.367930,1.389335,1.114563,0,0,0,0,0,0,1463621622399,1810
0.25288150485,18.8456197839,-1.0121340255,-1.745108,0.779732,1.198321,0,0,0,0,0,0,1463621622409,1820
-0.6145568754,17.1243545148,-0.3483482691,-1.279445,0.319809,1.032254,0,0,0,0,0,0,1463621622419,1830
-1.4797495557,15.3287163705,0.7077779397,-1.064994,0.105366,0.735307,0,0,0,0,0,0,1463621622429,1840
-2.01141166395,13.4112808752,1.8325892247,-1.194591,0.064994,0.396081,0,0,0,0,0,0,1463621622439,1850
-2.19859909035,11.5314044664,2.0588459463,-1.679807,-0.004321,0.028776,0,0,0,0,0,0,1463621622449,1860
-1.8508490208,10.3723290957,1.3396924086,-2.338352,-0.156192,-0.352710,0,0,0,0,0,0,1463621622459,1870
-1.38428279145,9.7217037294,0.57310458855,-2.893842,-0.249266,-0.651416,0,0,0,0,0,0,1463621622469,1880
-0.9819102384,9.0603107712,0.7740702177,-3.139119,-0.065806,-0.825555,0,0,0,0,0,0,1463621622479,1890
-0.5140005117,8.84993085405,1.20411685485,-3.045807,0.302617,-0.877293,0,0,0,0,0,0,1463621622489,1900
-0.4174844466,8.9751703041,1.15504487865,-2.697109,0.627663,-0.794175,0,0,0,0,0,0,1463621622499,1910
-0.74787692265,8.5714542537,0.644486466,-2.267699,0.754572,-0.573989,0,0,0,0,0,0,1463621622509,1920
-0.8720768784,7.8063668358,-0.1017527628,-1.849532,0.703319,-0.286088,0,0,0,0,0,0,1463621622519,1930
-0.84723688725,7.00102353015,-0.6459770616,-1.478826,0.582743,-0.043181,0,0,0,0,0,0,1463621622529,1940
-0.64178966475,6.0883965675,-0.7983120093,-1.195842,0.491564,0.111240,0,0,0,0,0,0,1463621622539,1950
-0.2741322987,5.37462682575,-0.87687228135,-0.968472,0.439343,0.188706,0,0,0,0,0,0,1463621622549,1960
0.4405298391,3.96356234625,-0.9298374579,-0.771189,0.421633,0.172969,0,0,0,0,0,0,1463621622559,1970
1.1483077788,1.7469976563,-1.9949464665,-0.751318,0.170041,0.101180,0,0,0,0,0,0,1463621622569,1980
0.21981381825,2.2626456684,-0.85366998405,-0.737051,-0.022087,0.160017,0,0,0,0,0,0,1463621622579,1990
-0.355389372,3.62478526995,-0.24376141335,-0.556799,0.118336,0.236489,0,0,0,0,0,0,1463621622589,2000
-0.70388473935,4.43431597245,-0.40043085615,-0.297365,0.362252,0.242894,0,0,0,0,0,0,1463621622599,2010
-1.03593452235,4.72056916695,-0.89930966775,0.028809,0.532319,0.212861,0,0,0,0,0,0,1463621622609,2020
-1.092645801,4.6791168801,-1.1801790663,0.384267,0.624240,0.125361,0,0,0,0,0,0,1463621622619,2030
-1.0736407071,4.3217858112,-1.46942325855,0.730990,0.695791,0.012168,0,0,0,0,0,0,1463621622629,2040
-1.11583829175,4.06276540605,-1.49770534875,1.033883,0.743078,-0.091276,0,0,0,0,0,0,1463621622639,2050
-1.2008316606,3.88754197065,-1.18271896275,1.322938,0.764109,-0.154346,0,0,0,0,0,0,1463621622649,2060
-1.29629842485,3.88081467735,-0.04549258545,1.614028,0.928193,-0.143630,0,0,0,0,0,0,1463621622659,2070
-1.59826171245,4.2620835348,1.99360296915,1.962451,1.428669,-0.069535,0,0,0,0,0,0,1463621622669,2080
-2.3843057277,5.27526686115,5.567962959,2.562230,2.469007,0.043631,0,0,0,0,0,0,1463621622679,2090
-3.0129251958,7.1991452598,10.7434187542,3.630431,4.134767,0.202235,0,0,0,0,0,0,1463621622689,2100
-2.47602638985,11.1143711211,19.0464285082,4.566467,6.115278,0.296710,0,0,0,0,0,0,1463621622699,2110
-1.26636883425,18.4773642183,24.3228917685,3.277788,6.375956,0.375367,0,0,0,0,0,0,1463621622709,2120
-3.65232206235,26.4677803845,19.5484552224,-0.417509,3.388639,0.251852,0,0,0,0,0,0,1463621622719,2130
-4.605352011,23.8151772554,15.4987031082,-1.947184,1.666458,0.046651,0,0,0,0,0,0,1463621622729,2140
-4.53920683125,16.6624267836,13.7180395657,-2.093843,1.612278,-0.003733,0,0,0,0,0,0,1463621622739,2150
-3.62103916785,10.6407735954,10.0718564037,-1.890717,1.854707,0.068160,0,0,0,0,0,0,1463621622749,2160
-2.84547835455,6.88071677475,5.7289668969,-1.564443,1.736195,0.137754,0,0,0,0,0,0,1463621622759,2170
-2.3798143278,5.3417062374,1.870305216,-1.072688,1.236997,0.139485,0,0,0,0,0,0,1463621622769,2180
-2.63104833225,6.8204162988,-0.0178086948,-0.498470,0.403099,0.074503,0,0,0,0,0,0,1463621622779,2190
-3.28510599105,9.85847568225,0.7410025311,0.155004,-0.236657,0.119346,0,0,0,0,0,0,1463621622789,2200
-2.69643840765,11.480528085,1.1516027796,0.865201,-0.082933,0.337337,0,0,0,0,0,0,1463621622799,2210
-1.80461113755,13.6161397047,0.2039566269,1.280862,0.266566,0.592753,0,0,0,0,0,0,1463621622809,2220
-1.0235096235,16.2657420295,1.72021596825,1.265232,0.375739,0.827307,0,0,0,0,0,0,1463621622819,2230
1.5996052098,16.2780100236,6.0894360618,0.933606,0.744863,0.993493,0,0,0,0,0,0,1463621622829,2240
2.804477169,12.7795233111,2.142338913,0.130705,0.148948,1.068477,0,0,0,0,0,0,1463621622839,2250
-0.03980478645,9.0462481785,-4.0024649301,-0.572844,-0.844095,0.835157,0,0,0,0,0,0,1463621622849,2260
-2.4965318859,6.3180855816,-8.0728696386,-1.219051,-2.154000,0.637823,0,0,0,0,0,0,1463621622859,2270
-2.79311137755,6.0120819954,-7.3746628917,-1.628842,-3.293787,0.381397,0,0,0,0,0,0,1463621622869,2280
-3.07337277,6.8708415789,-4.47187505895,-1.548155,-3.715010,-0.030347,0,0,0,0,0,0,1463621622879,2290
-6.94416515325,5.79825017265,7.9138073976,-0.278226,-1.207755,-0.058572,0,0,0,0,0,0,1463621622889,2300
-6.8485414842,7.2458244378,5.25042687,0.806166,0.929477,-0.146176,0,0,0,0,0,0,1463621622899,2310
-5.400663216,8.32380944655,-1.0344341202,1.186034,1.141292,-0.410756,0,0,0,0,0,0,1463621622909,2320
-3.1211110554,8.46551409405,-5.80303576905,0.877205,-0.375660,-0.862343,0,0,0,0,0,0,1463621622919,2330
-1.24826594295,8.77510687755,-6.32182187715,0.370052,-2.266783,-1.363644,0,0,0,0,0,0,1463621622929,2340
0.0121208958,9.24721380765,-1.1119450914,0.464970,-2.843293,-1.769495,0,0,0,0,0,0,1463621622939,2350
0.2160775227,8.3739307236,3.2942358891,1.195220,-2.019719,-1.867306,0,0,0,0,0,0,1463621622949,2360
0.17911663575,7.73902525695,2.2557614703,1.864111,-1.287786,-1.720309,0,0,0,0,0,0,1463621622959,2370
0.0436979868,8.65315262175,-0.1804601331,2.189674,-1.184377,-1.555923,0,0,0,0,0,0,1463621622969,2380
-0.2204120178,10.2657809299,-1.379193192,2.272830,-1.490402,-1.481694,0,0,0,0,0,0,1463621622979,2390
-0.1719284346,11.8945704325,-1.0631673117,2.355911,-1.723806,-1.513365,0,0,0,0,0,0,1463621622989,2400
-0.15442374285,12.7038069386,-0.2879006949,2.516023,-1.701008,-1.531599,0,0,0,0,0,0,1463621622999,2410
-0.2588733069,12.5010467107,0.0920246652,2.679489,-1.533648,-1.414231,0,0,0,0,0,0,1463621623009,2420
-0.56757369435,11.5875175455,0.1945227258,2.822493,-1.334051,-1.113074,0,0,0,0,0,0,1463621623019,2430
-0.85486638315,10.8601363123,0.4878170232,2.976607,-1.111545,-0.728671,0,0,0,0,0,0,1463621623029,2440
-0.956923149,10.3521276027,0.5660732922,3.077882,-0.979511,-0.374491,0,0,0,0,0,0,1463621623039,2450
-0.54646999875,9.8137283946,0.52028651025,3.075441,-1.003431,-0.154079,0,0,0,0,0,0,1463621623049,2460
-0.0827476689,9.6560194575,0.6690224541,2.977258,-1.063256,-0.083441,0,0,0,0,0,0,1463621623059,2470
0.1101275565,9.56982968955,1.30586961765,2.822069,-0.928814,-0.087233,0,0,0,0,0,0,1463621623069,2480
0.1385665515,9.6090264699,2.0586890415,2.650906,-0.566665,-0.084505,0,0,0,0,0,0,1463621623079,2490
0.0589569786,9.56653468875,2.43891840465,2.425550,-0.196552,-0.032205,0,0,0,0,0,0,1463621623089,2500
-0.08379696975,9.26696419935,2.1565584105,2.127336,0.059357,0.082546,0,0,0,0,0,0,1463621623099,2510
-0.40027395135,9.0631546707,1.64584309305,1.808305,0.180428,0.221803,0,0,0,0,0,0,1463621623109,2520
-0.7167607395,8.9896839981,1.3287679119,1.539845,0.193659,0.324445,0,0,0,0,0,0,1463621623119,2530
-0.7365111312,8.8108713654,1.2745965297,1.368954,0.136956,0.356312,0,0,0,0,0,0,1463621623129,2540
-0.60617227515,8.60870933715,1.1866121631,1.287066,-0.019237,0.344914,0,0,0,0,0,0,1463621623139,2550
-0.5615818923,8.44395929715,0.9250518615,1.262055,-0.330914,0.329442,0,0,0,0,0,0,1463621623149,2560
-0.72169343415,8.70538230705,0.51010731135,1.230390,-0.689427,0.306133,0,0,0,0,0,0,1463621623159,2570
-0.6827908503,8.95886201145,-0.01271909535,1.142519,-0.985969,0.298809,0,0,0,0,0,0,1463621623169,2580
-0.4263103416,9.1032634602,-0.63131626935,0.982559,-1.183366,0.294102,0,0,0,0,0,0,1463621623179,2590
-0.08977896525,8.9250392205,-0.96275804625,0.820898,-1.278737,0.277570,0,0,0,0,0,0,1463621623189,2600
0.03486228525,8.467759794,-0.8449911873,0.736534,-1.252233,0.231658,0,0,0,0,0,0,1463621623199,2610
-0.0206525943,8.0369580525,-0.00793349895,0.825886,-1.031750,0.164723,0,0,0,0,0,0,1463621623209,2620
-0.1675939395,7.7716516488,1.01049633165,1.096410,-0.611006,0.066101,0,0,0,0,0,0,1463621623219,2630
-0.3266561805,7.9178476962,1.36737629925,1.379719,-0.173467,-0.058054,0,0,0,0,0,0,1463621623229,2640
-0.4514543358,8.5265598678,0.8797063743,1.571579,0.125913,-0.204014,0,0,0,0,0,0,1463621623239,2650
-0.47270512965,9.68609614635,0.5160991134,1.729573,0.282667,-0.377651,0,0,0,0,0,0,1463621623249,2660
-0.3823181583,11.2900456578,0.52552320795,1.938261,0.342351,-0.569684,0,0,0,0,0,0,1463621623259,2670
-0.3609202662,12.758125419,0.9949333368,2.217046,0.326350,-0.756637,0,0,0,0,0,0,1463621623269,2680
-0.32037018195,13.7573932509,1.35855040425,2.471864,0.164012,-0.892520,0,0,0,0,0,0,1463621623279,2690
-0.11731575765,14.1902935941,1.399394685,2.575421,-0.218655,-0.965192,0,0,0,0,0,0,1463621623289,2700
0.04339398375,14.2086906819,1.41495767985,2.430882,-0.778682,-0.955290,0,0,0,0,0,0,1463621623299,2710
-1.3057225194,12.0485430741,2.3495905407,1.622697,-0.820337,-0.719502,0,0,0,0,0,0,1463621623309,2720
-1.7374264635,11.4396739977,3.917324463,0.631737,-0.864090,-0.553548,0,0,0,0,0,0,1463621623319,2730
-0.9225021585,12.3199883781,3.9952865355,-0.277247,-0.954837,-0.381285,0,0,0,0,0,0,1463621623329,2740
-0.3948901554,13.0826829978,3.65306736015,-0.933352,-1.087522,-0.170049,0,0,0,0,0,0,1463621623339,2750
-0.3884570586,14.8048406629,3.64020116655,-1.305034,-1.124071,0.066249,0,0,0,0,0,0,1463621623349,2760
-0.1315254486,16.4942346446,4.1538976752,-1.396508,-0.950661,0.474715,0,0,0,0,0,0,1463621623359,2770
-0.1036944597,16.7815371399,5.01460876215,-1.227422,-0.635517,1.026108,0,0,0,0,0,0,1463621623369,2780
0.19512092535,16.0706112977,5.56436395515,-1.116299,-0.265979,1.428240,0,0,0,0,0,0,1463621623379,2790
0.3511921686,15.3344041695,5.5787305509,-1.420238,0.059722,1.631083,0,0,0,0,0,0,1463621623389,2800
0.7303722309,14.7117666969,5.8856363397,-2.219795,0.261794,1.599426,0,0,0,0,0,0,1463621623399,2810
0.8737243788,13.6644663831,6.6407014635,-3.346754,0.446413,1.375423,0,0,0,0,0,0,1463621623409,2820
-0.0326165853,12.5172079052,6.39499835325,-4.460086,1.029856,1.152881,0,0,0,0,0,0,1463621623419,2830
-1.8028165389,11.9044456284,4.57527532215,-5.146265,2.037187,1.035009,0,0,0,0,0,0,1463621623429,2840
-2.0402919537,12.2390353078,1.20815715345,-5.313419,2.682330,0.903918,0,0,0,0,0,0,1463621623439,2850
-0.03531338655,13.1657346697,-3.67745625,-5.143961,3.326266,0.888185,0,0,0,0,0,0,1463621623449,2860
-0.03531338655,13.9052269922,-3.4097570481,-4.794508,3.511724,0.789884,0,0,0,0,0,0,1463621623459,2870
0.91966806555,14.5887729468,-3.82215189525,-4.263721,3.039004,0.645512,0,0,0,0,0,0,1463621623469,2880
1.59302501475,14.6852890119,-2.7940037736,-3.606195,2.238732,0.557737,0,0,0,0,0,0,1463621623479,2890
2.1580490061,14.5259227679,-1.7110860702,-2.927697,1.358637,0.471168,0,0,0,0,0,0,1463621623489,2900
2.3201120514,14.0901785251,-0.78065041275,-2.377998,0.557547,0.373666,0,0,0,0,0,0,1463621623499,2910
2.26893166695,13.4742781524,-0.47464682655,-2.028238,-0.162619,0.354328,0,0,0,0,0,0,1463621623509,2920
0.7058362428,13.233066442,-0.3178302855,-1.875101,-0.776358,0.411229,0,0,0,0,0,0,1463621623519,2930
-0.6347583684,12.9186782556,-0.9132251622,-1.916568,-1.450322,0.444752,0,0,0,0,0,0,1463621623529,2940
-1.3756039947,12.3663733596,-1.19499676335,-2.089074,-2.095027,0.499937,0,0,0,0,0,0,1463621623539,2950
-1.9078643025,11.8041932677,-0.77227561905,-2.261280,-2.478899,0.589520,0,0,0,0,0,0,1463621623549,2960
-1.6210031019,11.0859419326,0.2168228205,-2.375618,-2.519963,0.600791,0,0,0,0,0,0,1463621623559,2970
-1.09848069825,10.093401394,0.7796011119,-2.372755,-2.304586,0.528167,0,0,0,0,0,0,1463621623569,2980
-0.85486638315,9.23897630565,0.93418175955,-2.235373,-1.865066,0.471378,0,0,0,0,0,0,1463621623579,2990
-0.968298747,8.6537508213,1.14292398285,-2.039236,-1.269713,0.513578,0,0,0,0,0,0,1463621623589,3000
-1.0211168253,8.3021075514,1.22971195035,-1.830455,-0.613703,0.711833,0,0,0,0,0,0,1463621623599,3010
-1.14980818095,7.82461682535,0.9491367483,-1.634727,-0.054061,0.962593,0,0,0,0,0,0,1463621623609,3020
-1.06121580825,7.49692115055,0.54497940315,-1.465710,0.345489,1.126836,0,0,0,0,0,0,1463621623619,3030
-0.86100528345,7.0557931119,-0.15277624245,-1.303568,0.548236,1.136902,0,0,0,0,0,0,1463621623629,3040
-0.5090580105,6.7346678256,-0.92729756145,-1.132821,0.557228,1.125907,0,0,0,0,0,0,1463621623639,3050
-0.52313040975,5.9773668084,-1.37022019875,-0.928617,0.538329,1.242253,0,0,0,0,0,0,1463621623649,3060
-0.91278386745,5.1878806941,-1.59063221655,-0.641038,0.489908,1.427939,0,0,0,0,0,0,1463621623659,3070
-0.82719229905,4.69393457715,-1.51716154395,-0.288749,0.394196,1.572122,0,0,0,0,0,0,1463621623669,3080
-0.49888861815,4.76711105325,-1.3287679119,0.064300,0.101961,1.603630,0,0,0,0,0,0,1463621623679,3090
-0.25303840965,5.29068275775,-1.34103590595,0.384552,-0.326575,1.600051,0,0,0,0,0,0,1463621623689,3100
0.014513694,5.5072015752,-1.42798077825,0.640837,-0.662012,1.501977,0,0,0,0,0,0,1463621623699,3110
0.32486158185,5.189233998,-1.4994999474,0.792293,-0.672978,1.224524,0,0,0,0,0,0,1463621623709,3120
0.7243902354,4.74930235845,-1.3173923139,0.873196,-0.356178,0.796200,0,0,0,0,0,0,1463621623719,3130
0.4275067407,4.1408745768,-0.98625454005,0.988844,0.187265,0.248185,0,0,0,0,0,0,1463621623729,3140
-0.1619061405,4.49776435095,-0.64208386125,1.162351,0.728847,-0.239603,0,0,0,0,0,0,1463621623739,3150
-1.17748226505,5.71010890125,-0.4219758465,1.293526,1.147824,-0.491563,0,0,0,0,0,0,1463621623749,3160
-1.3756039947,7.2087164526,-0.36361706745,1.406972,1.405382,-0.716096,0,0,0,0,0,0,1463621623759,3170
-0.82105339875,7.65957258885,0.15083454555,1.628434,1.485005,-0.940028,0,0,0,0,0,0,1463621623769,3180
-0.3371295759,7.8729533103,1.4652358617,1.966404,1.333863,-1.111701,0,0,0,0,0,0,1463621623779,3190
0.1759687332,8.60916043845,3.7649895153,2.466639,0.844027,-1.135536,0,0,0,0,0,0,1463621623789,3200
0.73575602685,9.80924680125,7.5971735112,2.707000,0.050253,-0.936125,0,0,0,0,0,0,1463621623799,3210
4.63019200215,14.4500592971,22.3313874011,1.701959,-0.639016,-0.323107,0,0,0,0,0,0,1463621623809,3220
3.27104339835,14.8058899638,30.4000696428,-0.581752,0.510306,0.745524,0,0,0,0,0,0,1463621623819,3230
2.35332683625,13.7831256381,18.3552628642,-1.268462,1.699640,1.084431,0,0,0,0,0,0,1463621623829,3240
2.0346041547,11.7970050666,10.263839233,-1.130628,1.861936,0.933403,0,0,0,0,0,0,1463621623839,3250
2.02053175545,12.0268509855,7.15245627525,-0.799975,1.639561,0.616186,0,0,0,0,0,0,1463621623849,3260
1.3898234922,13.4730817533,4.8507511182,-0.484316,1.396042,0.310627,0,0,0,0,0,0,1463621623859,3270
-0.0278309889,14.7143163999,3.84070588785,-0.198960,0.868185,0.237153,0,0,0,0,0,0,1463621623869,3280
-1.2536497389,15.7883984017,3.6544108575,0.109910,0.388661,0.384537,0,0,0,0,0,0,1463621623879,3290
-1.3857831936,15.8748921728,2.33312534325,0.446906,0.168978,0.587382,0,0,0,0,0,0,1463621623889,3300
-0.1933263267,15.0981349604,1.41974327625,0.741804,0.352077,0.728265,0,0,0,0,0,0,1463621623899,3310
1.0966860996,14.3517486333,2.26893166695,1.036087,0.734245,0.746311,0,0,0,0,0,0,1463621623909,3320
3.28794989055,13.15450617,3.0260855859,1.000597,0.675856,0.747142,0,0,0,0,0,0,1463621623919,3330
4.45885196055,11.1704842002,1.3296701145,0.249525,-0.005409,0.807025,0,0,0,0,0,0,1463621623929,3340
2.4606202998,10.0378865145,-1.99030796835,-0.518462,-1.047683,0.798685,0,0,0,0,0,0,1463621623939,3350
-1.5384123378,9.43036093545,-4.4684329599,-0.695849,-1.405779,0.627441,0,0,0,0,0,0,1463621623949,3360
-4.07414100405,9.71227963485,-6.94940185095,-0.658736,-1.083815,0.453197,0,0,0,0,0,0,1463621623959,3370
-6.6237949713,5.43927160335,-0.69550994565,0.012990,0.043591,0.575073,0,0,0,0,0,0,1463621623969,3380
-7.5655964202,1.75253835705,5.3696941311,1.127721,2.446784,1.093967,0,0,0,0,0,0,1463621623979,3390
-3.9993268341,6.43540133925,-1.43755197105,1.480872,3.559517,0.824148,0,0,0,0,0,0,1463621623989,3400
-3.13053514995,9.99523782855,-5.3212105479,1.472164,2.436341,0.233998,0,0,0,0,0,0,1463621623999,3410
-2.28583815915,10.4492320608,-4.73433756315,1.389505,0.546705,-0.330668,0,0,0,0,0,0,1463621624009,3420
-0.8373616914,10.2283787482,-3.84594258555,1.134192,-0.944810,-0.772892,0,0,0,0,0,0,1463621624019,3430
0.16625044215,8.042940048,-3.54607789965,0.929287,-1.989428,-0.876747,0,0,0,0,0,0,1463621624029,3440
1.25275734285,8.1587554035,-1.630437003,1.052958,-2.523241,-0.810319,0,0,0,0,0,0,1463621624039,3450
2.2602528702,8.12195142135,-0.2546761035,1.305305,-2.599004,-0.595806,0,0,0,0,0,0,1463621624049,3460
2.68447441665,9.5448327936,0.16295544135,1.425332,-2.479453,-0.342087,0,0,0,0,0,0,1463621624059,3470
2.7883159746,10.3720250927,-0.173575935,1.485605,-2.306989,-0.149170,0,0,0,0,0,0,1463621624069,3480
2.58631085115,11.1062905239,-0.65226306015,1.551615,-2.228547,-0.012597,0,0,0,0,0,0,1463621624079,3490
2.6009716434,11.6659307193,-0.98894153475,1.600683,-2.277237,0.039811,0,0,0,0,0,0,1463621624089,3500
2.96025421575,12.064106069,-0.75042662565,1.639572,-2.377556,0.008697,0,0,0,0,0,0,1463621624099,3510
3.5664264909,11.9566753137,-0.65989255605,1.625937,-2.517159,-0.034048,0,0,0,0,0,0,1463621624109,3520
3.96789684135,10.9421386834,-0.0354604848,1.581967,-2.563822,-0.033034,0,0,0,0,0,0,1463621624119,3530
4.0105455273,10.1222816838,0.48841522275,1.559586,-2.581629,-0.004229,0,0,0,0,0,0,1463621624129,3540
4.03748412015,9.7416110259,0.9652979427,1.516178,-2.565056,0.063446,0,0,0,0,0,0,1463621624139,3550
3.99543363375,9.7487894205,1.57327462305,1.436007,-2.431315,0.139992,0,0,0,0,0,0,1463621624149,3560
3.6927152418,9.8643105795,1.71407706795,1.311302,-2.229434,0.207968,0,0,0,0,0,0,1463621624159,3570
3.3750418611,9.8231622957,1.75448005395,1.197551,-1.945875,0.249965,0,0,0,0,0,0,1463621624169,3580
3.04284497985,9.47884451865,1.5960160125,1.151422,-1.571120,0.281563,0,0,0,0,0,0,1463621624179,3590
2.76886958595,9.28955849055,1.17793336635,1.171380,-1.206190,0.305035,0,0,0,0,0,0,1463621624189,3600
2.73325219635,9.35494856595,0.65704865655,1.173673,-0.963546,0.325391,0,0,0,0,0,0,1463621624199,3610
2.73819469755,9.29673688515,0.24331031205,1.124143,-0.840997,0.337620,0,0,0,0,0,0,1463621624209,3620
2.8781047464,9.05731977345,0.0128661936,1.079356,-0.836585,0.341248,0,0,0,0,0,0,1463621624219,3630
2.97386570715,9.0006084948,0.0598591812,1.040438,-0.942829,0.341664,0,0,0,0,0,0,1463621624229,3640
2.76347598345,8.99836279485,0.0872390688,0.994736,-1.141485,0.356200,0,0,0,0,0,0,1463621624239,3650
2.60441374245,8.1530676045,-0.42781074375,0.931832,-1.458424,0.479558,0,0,0,0,0,0,1463621624249,3660
2.7212783988,8.36644832595,0.4421773395,0.840266,-1.515771,0.601319,0,0,0,0,0,0,1463621624259,3670
2.6430221298,9.82689859125,0.6666296559,0.761621,-1.488587,0.651282,0,0,0,0,0,0,1463621624269,3680
2.5812212517,10.9176026954,0.65749975785,0.713425,-1.310723,0.665080,0,0,0,0,0,0,1463621624279,3690
2.5484477616,10.9201425918,0.51818790855,0.719669,-1.100303,0.643537,0,0,0,0,0,0,1463621624289,3700
2.45343209865,9.41584724145,0.4381370409,0.802381,-0.978297,0.634360,0,0,0,0,0,0,1463621624299,3710
2.5738859523,9.44218763475,0.96469974315,0.884826,-0.901066,0.610914,0,0,0,0,0,0,1463621624309,3720
2.7423820944,9.9894029313,1.5144647427,0.846574,-0.862689,0.607341,0,0,0,0,0,0,1463621624319,3730
3.08624877015,10.2690759307,1.725756669,0.657196,-0.950547,0.588989,0,0,0,0,0,0,1463621624329,3740
3.2180782218,9.88556137335,1.92297619605,0.419827,-1.037151,0.577460,0,0,0,0,0,0,1463621624339,3750
3.98360693445,11.2265972793,2.0579437437,0.151257,-1.123070,0.501199,0,0,0,0,0,0,1463621624349,3760
4.7861063406,11.7094718013,1.6603665936,-0.077705,-1.207827,0.454444,0,0,0,0,0,0,1463621624359,3770
5.4087438132,11.504171677,1.0872521985,-0.236090,-1.346308,0.507823,0,0,0,0,0,0,1463621624369,3780
6.1024591602,11.4049588107,0.5180408103,-0.305642,-1.487744,0.629675,0,0,0,0,0,0,1463621624379,3790
6.58787357865,11.6490144205,0.03531338655,-0.313381,-1.657983,0.764576,0,0,0,0,0,0,1463621624389,3800
6.7795622115,11.8757222434,-0.21712682355,-0.267746,-1.855767,0.936057,0,0,0,0,0,0,1463621624399,3810
6.9293474562,11.6557515204,0.10325316495,-0.257436,-2.119023,1.158394,0,0,0,0,0,0,1463621624409,3820
7.4756703567,11.4027229173,1.00196463315,-0.310008,-2.323951,1.331729,0,0,0,0,0,0,1463621624419,3830
7.5660475215,11.5432213591,2.399858916,-0.453655,-2.210117,1.571704,0,0,0,0,0,0,1463621624429,3840
7.4183608785,11.5628246526,3.34810326825,-0.612503,-1.784915,1.913825,0,0,0,0,0,0,1463621624439,3850
7.1963013603,12.1292019478,3.5749581894,-0.767533,-1.145596,2.156657,0,0,0,0,0,0,1463621624449,3860
6.9690051444,12.1790290284,3.65904935565,-1.063682,-0.270289,2.324048,0,0,0,0,0,0,1463621624459,3870
6.3249697797,12.5707810878,2.4884512887,-1.351966,0.695345,2.483685,0,0,0,0,0,0,1463621624469,3880
6.57051598515,13.4887918464,0.55125559515,-1.450068,1.593518,2.511014,0,0,0,0,0,0,1463621624479,3890
7.2431374431,14.1584125,-0.17941083225,-1.464147,2.227475,2.511707,0,0,0,0,0,0,1463621624489,3900
7.42688277045,12.5775083811,-0.8886891741,-1.432712,2.667649,2.648750,0,0,0,0,0,0,1463621624499,3910
7.1882207631,11.747177986,-0.10968626175,-1.361159,3.064737,2.727491,0,0,0,0,0,0,1463621624509,3920
7.21590465375,13.5134847393,-0.3335403786,-1.096868,3.378420,2.529877,0,0,0,0,0,0,1463621624519,3930
7.5353726331,11.9014546306,-0.70957253835,-0.823769,3.645116,2.456443,0,0,0,0,0,0,1463621624529,3940
6.4051677456,10.2255348487,-0.7472787231,-0.523036,3.686921,2.622604,0,0,0,0,0,0,1463621624539,3950
5.77310617845,10.5075908398,-1.1882596635,-0.237526,3.444769,2.786256,0,0,0,0,0,0,1463621624549,3960
5.1842914968,10.4615098614,-1.9207304961,-0.116429,3.154466,2.990324,0,0,0,0,0,0,1463621624559,3970
4.80302263935,11.5185382728,-2.1846835959,-0.247174,2.993565,3.043253,0,0,0,0,0,0,1463621624569,3980
4.0219211253,11.7747147784,-2.70991260735,-0.424983,2.656678,3.009693,0,0,0,0,0,0,1463621624579,3990
3.249498408,11.8510293505,-2.79909337305,-0.536617,1.932958,2.900552,0,0,0,0,0,0,1463621624589,4000
3.1408614471,11.535444765,-2.88393964365,-0.610315,0.928982,2.734118,0,0,0,0,0,0,1463621624599,4010
3.20730082335,10.7504500506,-2.7711152859,-0.624805,-0.306934,2.434988,0,0,0,0,0,0,1463621624609,4020
2.9627941122,9.76794161265,-2.39282761965,-0.548282,-1.607772,2.020425,0,0,0,0,0,0,1463621624619,4030
2.43293640915,8.7766072797,-2.12797231725,-0.269287,-2.659985,1.505164,0,0,0,0,0,0,1463621624629,4040
1.9735485744,7.4452896648,-2.4003100173,0.125911,-3.566350,1.055261,0,0,0,0,0,0,1463621624639,4050
2.3639473299,6.3967929519,-2.5723953567,0.467359,-4.398572,0.687514,0,0,0,0,0,0,1463621624649,4060
3.24127071255,5.9890366029,-2.56969855545,0.600688,-5.066948,0.389180,0,0,0,0,0,0,1463621624659,4070
3.07397096955,4.99230866745,-1.9747449735,0.213652,-4.980826,0.375234,0,0,0,0,0,0,1463621624669,4080
2.974915008,4.0638147069,-0.93522125385,-0.515509,-4.025750,0.514098,0,0,0,0,0,0,1463621624679,4090
3.29499099345,3.69900124035,-0.29538309255,-1.107629,-3.268341,0.730928,0,0,0,0,0,0,1463621624689,4100
4.9881212706,3.69945234165,-0.50965621005,-1.444852,-3.282285,1.018293,0,0,0,0,0,0,1463621624699,4110
6.4662233259,2.9421415179,-0.31558458555,-1.571387,-3.397078,1.270912,0,0,0,0,0,0,1463621624709,4120
7.38424389105,1.63552660245,-0.3287547822,-1.593332,-3.681765,1.458160,0,0,0,0,0,0,1463621624719,4130
8.3538861354,0.7231938363,-0.3109460874,-1.609442,-3.985427,1.524749,0,0,0,0,0,0,1463621624729,4140
8.7110602995,0.39743005185,-0.5587379928,-1.749047,-4.166922,1.521078,0,0,0,0,0,0,1463621624739,4150
9.11866955025,0.33937527585,-0.5135494104,-1.978658,-4.204519,1.523793,0,0,0,0,0,0,1463621624749,4160
9.79622370285,0.62607957165,-0.73156863,-2.201981,-4.310888,1.579102,0,0,0,0,0,0,1463621624759,4170
10.4993631444,0.76658782005,-1.0287463212,-2.356106,-4.567501,1.770959,0,0,0,0,0,0,1463621624769,4180
11.1643452999,0.07885446855,-1.3857831936,-2.437071,-4.874922,2.172727,0,0,0,0,0,0,1463621624779,4190
11.8071842655,-0.80773610385,-1.54289393115,-2.467739,-5.042161,2.711779,0,0,0,0,0,0,1463621624789,4200
12.1236612471,-1.3841356932,-2.0353494525,-2.397327,-5.024823,3.223959,0,0,0,0,0,0,1463621624799,4210
12.4353526323,-0.8889833706,-2.4271015119,-2.225745,-4.903767,3.559307,0,0,0,0,0,0,1463621624809,4220
12.4489739303,-0.4041671517,-3.0863958684,-1.999510,-4.743272,3.635565,0,0,0,0,0,0,1463621624819,4230
11.8323184531,0.0085316985,-3.50163461505,-1.724439,-4.549636,3.608328,0,0,0,0,0,0,1463621624829,4240
11.2159767856,0.6782994504,-4.0704047085,-1.426221,-4.383032,3.529481,0,0,0,0,0,0,1463621624839,4250
10.6922481763,0.94944075135,-4.74555625635,-1.148089,-4.139044,3.406767,0,0,0,0,0,0,1463621624849,4260
10.1719616661,0.8306343981,-5.21511348345,-0.860062,-3.809144,3.254925,0,0,0,0,0,0,1463621624859,4270
9.7589686194,0.3594296706,-5.7753518784,-0.543088,-3.464323,3.118957,0,0,0,0,0,0,1463621624869,4280
9.3854763561,-0.1102844613,-6.2703472962,-0.189354,-3.034387,3.001578,0,0,0,0,0,0,1463621624879,4290
8.99971609875,-0.0860426697,-6.4226822439,0.161411,-2.577656,2.911118,0,0,0,0,0,0,1463621624889,4300
8.8503721488,0.2237070186,-6.67721124915,0.470494,-2.132516,2.818782,0,0,0,0,0,0,1463621624899,4310
8.80039797,0.5159422086,-7.11534829005,0.692676,-1.788135,2.730528,0,0,0,0,0,0,1463621624909,4320
8.66362601715,0.5656221909,-7.66914378165,0.832233,-1.574037,2.683346,0,0,0,0,0,0,1463621624919,4330
8.7169050033,0.39338975325,-8.1967655913,0.928773,-1.490117,2.707799,0,0,0,0,0,0,1463621624929,4340
8.9069363292,0.4614766299,-8.50022928105,1.022538,-1.582397,2.780727,0,0,0,0,0,0,1463621624939,4350
9.0802180677,0.69266604615,-8.7191408967,1.163375,-1.894822,2.875710,0,0,0,0,0,0,1463621624949,4360
9.3332466708,1.23779254755,-9.11388395385,1.300721,-2.228850,2.923628,0,0,0,0,0,0,1463621624959,4370
9.28177208985,1.8979793001,-9.6857921433,1.365793,-2.444033,2.904007,0,0,0,0,0,0,1463621624969,4380
8.8524707505,2.42560110975,-10.4329237682,1.381169,-2.490567,2.800061,0,0,0,0,0,0,1463621624979,4390
8.5177339728,2.9309228247,-11.203698985,1.451571,-2.538110,2.579458,0,0,0,0,0,0,1463621624989,4400
8.1273352173,3.1230527523,-11.6925653091,1.621623,-2.649366,2.266806,0,0,0,0,0,0,1463621624999,4410
7.98817046625,3.11168696085,-11.8083806646,1.814262,-2.693933,1.919407,0,0,0,0,0,0,1463621625009,4420
7.9088648964,2.9511243177,-11.555950261,1.919364,-2.546551,1.605463,0,0,0,0,0,0,1463621625019,4430
7.7804775438,2.58750725025,-11.4221693059,1.953584,-2.350387,1.389575,0,0,0,0,0,0,1463621625029,4440
7.59851700855,1.74940026105,-11.6732562121,2.023429,-2.191547,1.321170,0,0,0,0,0,0,1463621625039,4450
7.01912642145,1.104609792,-11.1170581158,2.132196,-2.023471,1.368681,0,0,0,0,0,0,1463621625049,4460
6.6806533482,1.13035198575,-11.0046848594,2.222209,-1.794407,1.458487,0,0,0,0,0,0,1463621625059,4470
6.43136104065,1.31485241745,-11.1230499179,2.312902,-1.594520,1.485136,0,0,0,0,0,0,1463621625069,4480
6.1229548497,1.5153669453,-11.1149693207,2.427473,-1.486600,1.453170,0,0,0,0,0,0,1463621625079,4490
5.9733265098,1.92656539335,-11.0634947397,2.559652,-1.452459,1.374536,0,0,0,0,0,0,1463621625089,4500
5.72387729745,2.356317834,-10.9983988608,2.641277,-1.435766,1.216248,0,0,0,0,0,0,1463621625099,4510
4.62660280485,2.04208655235,-10.4260395701,2.643964,-1.600865,0.744687,0,0,0,0,0,0,1463621625119,4530
4.36278699675,1.55217092745,-9.9297006549,2.580471,-1.757536,0.528498,0,0,0,0,0,0,1463621625129,4540
4.215247452,0.89736797085,-9.6406035609,2.428800,-1.865784,0.354023,0,0,0,0,0,0,1463621625139,4550
4.10811089325,0.26260960245,-9.54348929625,2.219855,-1.932099,0.218804,0,0,0,0,0,0,1463621625149,4560
4.21255065075,-0.12329775315,-9.15952363755,1.992962,-2.023324,0.161306,0,0,0,0,0,0,1463621625159,4570
4.5689893236,-0.32486158185,-8.52760916865,1.777550,-2.000290,0.170837,0,0,0,0,0,0,1463621625169,4580
4.5668907219,-0.75476112075,-8.1756618957,1.614884,-1.929112,0.240052,0,0,0,0,0,0,1463621625179,4590
4.49896075005,-1.16012467155,-7.91874009225,1.491779,-1.873730,0.347146,0,0,0,0,0,0,1463621625189,4600
4.24202914005,-1.44369087135,-7.632633996,1.234684,-1.866655,0.631874,0,0,0,0,0,0,1463621625209,4620
3.83801889315,-1.4811028596,-7.56544932195,1.079562,-2.074629,0.783694,0,0,0,0,0,0,1463621625219,4630
3.3810238566,-1.0473003138,-7.1473666758,0.889014,-2.258629,0.853981,0,0,0,0,0,0,1463621625229,4640
2.72307299745,-0.73591293165,-7.15006347705,0.646983,-2.466146,0.887196,0,0,0,0,0,0,1463621625239,4650
2.18424230115,-0.31872268155,-6.84076489005,0.435836,-2.633800,0.856567,0,0,0,0,0,0,1463621625249,4660
1.57731492165,-0.22191241995,-6.5013896142,0.324942,-2.747022,0.745640,0,0,0,0,0,0,1463621625259,4670
1.39326559125,-0.31228958475,-5.87935034115,0.330793,-2.705862,0.557332,0,0,0,0,0,0,1463621625269,4680
1.191103563,-0.65959835955,-5.25806617245,0.440884,-2.472828,0.323008,0,0,0,0,0,0,1463621625279,4690
1.12944978315,-1.04356401825,-4.5202115439,0.651008,-2.100518,0.121083,0,0,0,0,0,0,1463621625289,4700
1.2802843287,-1.3401435099,-3.90744926715,0.933379,-1.650088,0.014108,0,0,0,0,0,0,1463621625299,4710
1.55905512555,-1.7188724709,-3.4037750526,1.248410,-1.160621,0.023380,0,0,0,0,0,0,1463621625309,4720
1.3135089201,-3.0278899911,-4.296053424,1.591196,-0.418482,0.272426,0,0,0,0,0,0,1463621625329,4740
1.25350264065,-3.09911496375,-4.5342741366,1.477341,-0.251108,0.426314,0,0,0,0,0,0,1463621625339,4750
1.22581875,-2.9599502127,-4.56180112245,1.254987,-0.177509,0.512064,0,0,0,0,0,0,1463621625349,4760
0.90874356885,-2.82288406335,-4.7252076651,1.009846,-0.108745,0.508444,0,0,0,0,0,0,1463621625359,4770
0.44965973715,-2.6834251158,-5.0336040495,0.833549,-0.062220,0.399572,0,0,0,0,0,0,1463621625369,4780
0.2931373926,-2.4721331895,-5.3081874495,0.744191,-0.061272,0.201062,0,0,0,0,0,0,1463621625379,4790
0.45609283395,-2.42081551335,-5.5601765583,0.698538,-0.060539,-0.009555,0,0,0,0,0,0,1463621625389,4800
0.89572047045,-3.36591196305,-5.8295232606,0.698014,-0.055162,-0.148050,0,0,0,0,0,0,1463621625409,4820
1.04101431525,-3.9803217402,-5.99606789925,0.720967,-0.017336,-0.056242,0,0,0,0,0,0,1463621625419,4830
1.14935707965,-4.400198985,-6.10395956235,0.783622,0.032371,0.076904,0,0,0,0,0,0,1463621625429,4840
1.20068456235,-4.85389902075,-6.28965639315,0.871873,0.051388,0.241505,0,0,0,0,0,0,1463621625439,4850
1.0106434299,-5.35128723675,-6.62139236655,0.902117,-0.001821,0.396348,0,0,0,0,0,0,1463621625449,4860
0.79755690495,-5.1564605079,-6.7415520237,0.807260,-0.059320,0.495755,0,0,0,0,0,0,1463621625459,4870
0.667826055,-4.71054687285,-6.85408218495,0.622258,-0.161757,0.521991,0,0,0,0,0,0,1463621625469,4880
0.485424225,-4.3348089096,-6.9148337622,0.403541,-0.309534,0.442588,0,0,0,0,0,0,1463621625479,4890
0.29299029435,-4.2330561468,-6.9914425308,0.183450,-0.452592,0.280111,0,0,0,0,0,0,1463621625489,4900
0.31274068605,-4.33734880605,-7.0717974015,-0.125789,-0.513124,-0.124881,0,0,0,0,0,0,1463621625509,4920
0.4881112197,-4.40573968575,-7.11923168385,-0.147331,-0.438551,-0.263614,0,0,0,0,0,0,1463621625519,4930
0.7607529228,-4.8067589349,-7.23685144455,-0.077722,-0.327592,-0.334594,0,0,0,0,0,0,1463621625529,4940
0.88763987325,-5.4470481975,-7.47791605665,0.076194,-0.246404,-0.370349,0,0,0,0,0,0,1463621625539,4950
1.2020280597,-5.8928147343,-7.5814634181,0.255662,-0.197034,-0.383175,0,0,0,0,0,0,1463621625549,4960
1.75538225655,-6.045149682,-7.68665827995,0.303815,-0.199982,-0.337840,0,0,0,0,0,0,1463621625569,4980
1.85025082125,-6.26855269755,-7.61154010695,0.177890,-0.221757,-0.311368,0,0,0,0,0,0,1463621625579,4990
1.8120935352,-6.71641783605,-7.67693018235,-0.007757,-0.210595,-0.313911,0,0,0,0,0,0,1463621625589,5000
2.0712610386,-6.6573137592,-7.7073010677,-0.263490,-0.132165,-0.308823,0,0,0,0,0,0,1463621625599,5010
3.39823435185,-5.34559943775,-8.33696983665,-0.783092,0.037046,-0.212135,0,0,0,0,0,0,1463621625619,5030
3.8493846846,-4.91673939315,-9.05731977345,-0.870309,0.046266,-0.149475,0,0,0,0,0,0,1463621625629,5040
3.97717383765,-4.83114782475,-9.7121325366,-0.771006,-0.009811,-0.068798,0,0,0,0,0,0,1463621625639,5050
3.71800633425,-5.06173904145,-9.49067121795,-0.493666,0.092322,0.046972,0,0,0,0,0,0,1463621625649,5060
3.62074497135,-5.35009083765,-9.5861379822,-0.160664,0.278958,0.104426,0,0,0,0,0,0,1463621625659,5070
3.6075747747,-5.3493357333,-9.6099286725,0.217579,0.343020,0.144359,0,0,0,0,0,0,1463621625669,5080
3.6310712685,-5.3906409219,-9.19827912315,0.463569,0.417097,0.191932,0,0,0,0,0,0,1463621625679,5090
3.49384821435,-5.68318011495,-8.8165591644,0.526827,0.434320,0.245895,0,0,0,0,0,0,1463621625689,5100
3.36681416565,-5.69604630855,-8.3929358175,0.396723,0.412721,0.294786,0,0,0,0,0,0,1463621625699,5110
3.25817720475,-5.63140153095,-8.14409461125,0.109465,0.339402,0.334972,0,0,0,0,0,0,1463621625709,5120
