1.5798548181,-1.7859100467,-7.33336750965,-1.403397,0.893524,-0.076002,0,0,0,0,0,0,1461599170944,0
1.06615830945,-2.2452880749,-5.9906841033,-1.390458,1.248922,-0.196436,0,0,0,0,0,0,1461599170954,10
1.57641271905,-2.1806432973,-4.2563957358,-1.268726,1.633420,-0.366572,0,0,0,0,0,0,1461599170964,20
2.7145511055,-1.7499984606,-4.02940352295,-1.060366,1.837858,-0.544466,0,0,0,0,0,0,1461599170974,30
3.89413197225,-1.0417694196,-4.25624863755,-0.864568,1.875282,-0.731265,0,0,0,0,0,0,1461599170984,40
4.35964890075,-0.24899811105,-5.12383411605,-0.803304,1.663229,-0.907491,0,0,0,0,0,0,1461599170994,50
4.1705099709,-0.02723278935,-6.52862240355,-0.833551,1.510977,-1.087693,0,0,0,0,0,0,1461599171004,60
3.9484504527,0.15412954635,-6.8938869714,-0.956318,1.422854,-1.262229,0,0,0,0,0,0,1461599171014,70
2.70616650525,0.8554645827,-6.7921342086,-1.162812,1.426713,-1.400010,0,0,0,0,0,0,1461599171024,80
3.0455417811,0.5855294874,-4.24293134265,-1.357147,1.916024,-1.471565,0,0,0,0,0,0,1461599171034,90
4.18756356135,0.23687721525,-2.78652137595,-1.348801,2.733255,-1.416074,0,0,0,0,0,0,1461599171044,100
5.4665043927,0.0730195713,-1.9683118767,-0.983332,3.760361,-1.168836,0,0,0,0,0,0,1461599171054,110
6.1799701314,-0.06524297715,-2.17839759735,-0.410537,4.727293,-0.775823,0,0,0,0,0,0,1461599171064,120
6.61256647155,-0.07406887215,-2.6988410124,0.055661,5.452425,-0.337250,0,0,0,0,0,0,1461599171074,130
7.2447849435,0.3254597814,-2.1565584105,0.294256,6.211396,-0.009339,0,0,0,0,0,0,1461599171084,140
8.31886694535,1.03997482095,-3.25607860305,0.361402,6.934796,0.184382,0,0,0,0,0,0,1461599171094,150
8.1560684088,1.5213489408,-4.7501947545,0.304571,7.313745,0.203324,0,0,0,0,0,0,1461599171104,160
6.54507779445,1.88047460835,-6.6794569491,0.276068,6.681327,-0.042109,0,0,0,0,0,0,1461599171114,170
6.45560283225,1.98312957375,-5.3946812205,0.582389,5.440570,-0.438931,0,0,0,0,0,0,1461599171124,180
8.36644832595,4.75244045445,-2.74372559175,1.097045,4.996147,-0.647910,0,0,0,0,0,0,1461599171134,190
8.6793459168,5.5606276596,-1.5128172423,1.500055,5.320999,-0.862615,0,0,0,0,0,0,1461599171144,200
8.45908099725,4.3901766909,-0.6218921748,1.837104,5.637980,-1.016070,0,0,0,0,0,0,1461599171154,210
9.22895401155,4.6589153871,-0.4985846151,1.993306,5.801686,-1.111825,0,0,0,0,0,0,1461599171164,220
10.2425884392,5.39931971865,-0.63820046745,1.930071,5.826684,-1.210158,0,0,0,0,0,0,1461599171174,230
11.5424760613,6.0264387846,-0.97174084605,1.828560,5.702487,-1.363899,0,0,0,0,0,0,1461599171184,240
13.218248745,6.18056833095,-2.16104000385,1.823975,5.176250,-1.624539,0,0,0,0,0,0,1461599171194,250
15.1591807341,7.03858261665,-2.4302396079,1.800755,4.470077,-2.064673,0,0,0,0,0,0,1461599171204,260
14.9208129232,7.58565081495,-2.1459281103,1.644578,3.754718,-2.651876,0,0,0,0,0,0,1461599171214,270
13.5887500105,7.94986608195,-1.5036971508,1.079666,2.428733,-3.859345,0,0,0,0,0,0,1461599171234,290
13.2254369461,8.5971866409,-0.88165787775,0.827626,2.098532,-4.320632,0,0,0,0,0,0,1461599171244,300
13.1996947524,8.56187325435,-0.21577351965,0.742339,1.925291,-4.630573,0,0,0,0,0,0,1461599171254,310
13.0888218981,7.69144387635,0.4553377296,0.703618,1.995506,-4.790513,0,0,0,0,0,0,1461599171264,320
13.203735051,7.77823184385,1.029491619,0.675117,2.242736,-4.736807,0,0,0,0,0,0,1461599171274,330
14.1247466139,7.45726346235,1.34597840715,0.804685,2.598179,-4.510818,0,0,0,0,0,0,1461599171284,340
16.0566958032,6.65940255435,0.89138597535,1.075143,2.996315,-4.060782,0,0,0,0,0,0,1461599171294,350
17.8804591329,6.10799986095,-0.1141678551,1.425405,3.099588,-3.318968,0,0,0,0,0,0,1461599171304,360
19.1647935667,4.19130966345,-0.66154005645,1.863915,2.164560,-1.692345,0,0,0,0,0,0,1461599171324,380
18.5354189943,5.0782042389,-0.6920678466,1.732412,2.739206,-2.437215,0,0,0,0,0,0,1461599171314,370
19.4696007538,4.4275788726,-0.6977556456,1.838898,1.546013,-1.344050,0,0,0,0,0,0,1461599171334,390
19.4543319555,6.60119087355,-1.2674181351,1.675473,0.819307,-1.592383,0,0,0,0,0,0,1461599171344,400
19.6045683015,6.8090407008,-0.2709942027,1.308609,0.356645,-2.325672,0,0,0,0,0,0,1461599171354,410
19.0672282008,4.91524879755,-0.88075567515,0.846681,-0.054224,-3.141848,0,0,0,0,0,0,1461599171364,420
18.2454295043,5.18892999495,-1.34462510325,-0.122800,-0.558805,-3.739192,0,0,0,0,0,0,1461599171384,440
17.7469919874,5.13805361355,-1.7495473593,-0.233204,-0.873603,-3.486443,0,0,0,0,0,0,1461599171394,450
17.474203186,3.3222237828,-1.4764545549,-0.058940,-0.954907,-3.041096,0,0,0,0,0,0,1461599171404,460
16.6763422781,1.83438382335,-1.057930614,0.294735,-0.902759,-2.454324,0,0,0,0,0,0,1461599171414,470
15.7180756317,0.53030880435,-0.31752628245,0.728330,-0.709926,-1.795532,0,0,0,0,0,0,1461599171424,480
14.2176734817,0.5156480121,-0.81775839795,1.071751,-0.594773,-1.178243,0,0,0,0,0,0,1461599171434,490
13.02702102,0.25498010655,-0.5478134961,1.222815,-0.486923,-0.619029,0,0,0,0,0,0,1461599171444,500
11.7805496757,-0.08544447015,-0.1812054309,1.213351,-0.370989,-0.183037,0,0,0,0,0,0,1461599171454,510
10.8433769184,0.0508763814,0.4533960327,1.111292,-0.323757,0.128428,0,0,0,0,0,0,1461599171464,520
9.8638594782,-0.31393708515,1.49127225195,0.712499,-0.426390,0.334506,0,0,0,0,0,0,1461599171484,540
9.58030308495,-0.66348175335,2.0018306646,0.488299,-0.493392,0.391254,0,0,0,0,0,0,1461599171494,550
9.43006673895,-0.94045795155,2.3011069575,0.264550,-0.511072,0.502811,0,0,0,0,0,0,1461599171504,560
9.3467208705,-1.6093333074,2.5970882496,0.059334,-0.483807,0.659387,0,0,0,0,0,0,1461599171514,570
9.2280616155,-1.67936188095,2.6418257307,-0.151460,-0.360121,0.909630,0,0,0,0,0,0,1461599171524,580
9.01258229235,-1.7854589454,2.7338503959,-0.299803,-0.366199,1.184766,0,0,0,0,0,0,1461599171534,590
8.89496253165,-1.66694678865,3.1028512593,-0.419682,-0.399355,1.403983,0,0,0,0,0,0,1461599171544,600
8.6320587327,-0.84574629165,3.77651221155,-0.617421,-0.205660,1.633448,0,0,0,0,0,0,1461599171564,620
7.89420410415,-0.38381856045,4.33136681055,-0.527149,0.085034,1.715299,0,0,0,0,0,0,1461599171574,630
6.574114989,-0.1526291442,5.3966229174,-0.286241,0.649584,1.781335,0,0,0,0,0,0,1461599171584,640
5.3910920232,-0.0888865692,6.94685214795,0.648534,2.596884,2.135558,0,0,0,0,0,0,1461599171604,660
5.6566926234,0.0811001685,6.60778087515,1.292199,3.287414,2.429464,0,0,0,0,0,0,1461599171614,670
8.4035661177,0.5253761097,4.7668070502,2.372041,3.596682,2.832192,0,0,0,0,0,0,1461599171634,690
10.222239848,-0.1412535462,3.3912030555,2.851059,3.410487,3.017060,0,0,0,0,0,0,1461599171644,700
10.9653311742,0.4785400269,2.8655327493,3.134205,3.280756,2.988875,0,0,0,0,0,0,1461599171654,710
10.9095220981,0.8216515983,2.3570631318,3.195771,3.186298,2.748729,0,0,0,0,0,0,1461599171664,720
10.4727285546,1.2424310457,2.05046134605,3.036948,2.842795,2.397346,0,0,0,0,0,0,1461599171674,730
10.6669570839,1.12107498945,2.21760418425,2.735497,2.545727,2.084938,0,0,0,0,0,0,1461599171684,740
12.0940356595,0.85337578755,2.72801549865,2.339632,2.460689,1.931992,0,0,0,0,0,0,1461599171694,750
13.229624343,0.7617924171,3.3657648648,1.993460,2.370272,1.937362,0,0,0,0,0,0,1461599171704,760
14.2324813722,1.58853361485,2.8942659408,1.915149,1.785915,1.992289,0,0,0,0,0,0,1461599171724,780
14.0316726478,2.7141000042,2.28434756355,1.984519,1.224187,1.854303,0,0,0,0,0,0,1461599171734,790
13.1374525795,3.91388236395,2.775449781,1.854909,0.612599,1.653641,0,0,0,0,0,0,1461599171744,800
11.7618485849,5.0578458411,3.81212960115,1.563961,0.188655,1.449734,0,0,0,0,0,0,1461599171754,810
10.8745029081,5.622879639,4.5468461337,1.275082,-0.046830,1.274207,0,0,0,0,0,0,1461599171764,820
10.2883752211,6.4588880265,5.68722041355,1.033775,0.084404,1.086758,0,0,0,0,0,0,1461599171774,830
9.8239075935,6.88805207415,6.3894576525,1.084220,0.448407,0.994853,0,0,0,0,0,0,1461599171784,840
9.1213663515,5.87531004255,5.62063393905,1.680174,0.719412,1.059329,0,0,0,0,0,0,1461599171794,850
8.7685266825,5.1850367946,4.81992913155,2.481956,1.123318,1.199984,0,0,0,0,0,0,1461599171804,860
8.5092022743,5.4847641888,4.55372052525,3.033284,1.894295,1.256712,0,0,0,0,0,0,1461599171814,870
8.0365069512,4.9197303909,3.1986220266,3.309812,2.706223,1.129705,0,0,0,0,0,0,1461599171824,880
8.7148064016,3.00004919565,0.0787073703,3.313233,2.880777,0.708192,0,0,0,0,0,0,1461599171844,900
8.7813928761,2.95007501685,-1.18048306935,2.875813,2.485070,0.672082,0,0,0,0,0,0,1461599171854,910
8.6881718118,2.89964973675,-2.3979172191,2.232015,1.899409,0.758565,0,0,0,0,0,0,1461599171864,920
8.84618475195,2.6867201166,-3.4565931309,1.716634,1.105400,0.913396,0,0,0,0,0,0,1461599171874,930
9.34357296795,2.72322990225,-3.49355401785,1.355909,0.287588,1.075186,0,0,0,0,0,0,1461599171884,940
10.9466300833,4.77713334735,-3.12828945,0.575332,-0.788884,0.892918,0,0,0,0,0,0,1461599171904,960
10.0808293969,6.26586570285,-2.99781330225,-0.200019,-0.585928,-0.033117,0,0,0,0,0,0,1461599171924,980
10.6193757033,7.03664091975,-3.1965234249,-0.034217,-0.246155,-0.339404,0,0,0,0,0,0,1461599171934,990
11.5795840465,7.1457191754,-2.55114456285,0.421569,-0.092288,-0.497542,0,0,0,0,0,0,1461599171944,1000
11.0163546538,6.557051592,-1.0275499221,0.842669,-0.085868,-0.615185,0,0,0,0,0,0,1461599171954,1010
10.7525486523,4.7579811552,0.6775541526,0.883615,-0.114799,-0.481525,0,0,0,0,0,0,1461599171964,1020
10.5659496189,3.1318786473,1.57252932525,0.296907,-0.298246,-0.202091,0,0,0,0,0,0,1461599171974,1030
10.067512102,1.199929458,1.72396207035,-0.812104,-0.700161,-0.045902,0,0,0,0,0,0,1461599171984,1040
9.34072906845,1.19648735895,1.8116424339,-1.916478,-1.090702,-0.079354,0,0,0,0,0,0,1461599171994,1050
8.60602234245,2.52735387255,2.04596994615,-2.598324,-1.415121,-0.210722,0,0,0,0,0,0,1461599172004,1060
7.40309208015,3.68613504675,2.37262612665,-2.701126,-1.666260,-0.269715,0,0,0,0,0,0,1461599172014,1070
6.1885018299,4.8148395321,3.25458800745,-2.409115,-1.538298,-0.252949,0,0,0,0,0,0,1461599172024,1080
4.9201814922,5.5754355501,4.6105887087,-1.904673,-0.922950,-0.262273,0,0,0,0,0,0,1461599172034,1090
4.50898304415,3.9120877653,5.48775518655,-0.717827,0.224677,-0.516645,0,0,0,0,0,0,1461599172054,1110
4.8462597183,2.5743370536,4.8399835263,-0.373466,0.416919,-0.561550,0,0,0,0,0,0,1461599172064,1120
5.48132208975,1.28417752905,4.0692083094,-0.251860,0.422797,-0.581738,0,0,0,0,0,0,1461599172074,1130
6.0915346635,0.45205253535,3.3011200872,-0.260841,0.325004,-0.577241,0,0,0,0,0,0,1461599172084,1140
6.10186096065,-0.16893743685,2.85595174995,-0.203484,0.272680,-0.584625,0,0,0,0,0,0,1461599172094,1150
5.9142126264,-0.21667572225,2.48934368475,-0.107221,0.178060,-0.686525,0,0,0,0,0,0,1461599172104,1160
6.0439532829,-0.1250923518,1.91728839705,0.260133,0.249313,-0.978948,0,0,0,0,0,0,1461599172114,1170
6.160670841,-0.32395937925,0.9181676634,0.811042,-0.043426,-1.376538,0,0,0,0,0,0,1461599172124,1180
7.56590042325,-1.3316118114,1.10401159245,1.095997,-0.595208,-1.522702,0,0,0,0,0,0,1461599172134,1190
9.24346770555,-0.7885839117,1.6530312942,0.834975,-0.993137,-1.207601,0,0,0,0,0,0,1461599172144,1200
10.289424522,-0.2902934931,2.0531581473,0.378407,-1.243499,-0.862780,0,0,0,0,0,0,1461599172154,1210
10.0414757118,0.3778267584,1.76181535335,0.148865,-1.342132,-0.770044,0,0,0,0,0,0,1461599172164,1220
10.4995102426,0.231042318,2.38684562415,0.193240,-1.345181,-0.879166,0,0,0,0,0,0,1461599172174,1230
10.4321784704,0.3980282514,3.2450070081,0.409195,-1.126830,-1.042076,0,0,0,0,0,0,1461599172184,1240
10.6805783818,0.1954249284,4.27031123025,0.546447,-0.807757,-0.988080,0,0,0,0,0,0,1461599172194,1250
11.1369654123,-0.50367421455,4.9391865861,0.501193,-0.664288,-0.729502,0,0,0,0,0,0,1461599172204,1260
11.5930582462,-1.1725495704,4.96192797555,0.272427,-0.800532,-0.396260,0,0,0,0,0,0,1461599172214,1270
12.5353107965,-1.636124802,5.04648004965,-0.133183,-1.230618,-0.173987,0,0,0,0,0,0,1461599172224,1280
13.3997581789,-1.1502494757,5.1619914021,-0.665986,-1.920811,-0.230124,0,0,0,0,0,0,1461599172234,1290
14.4726535883,-0.01226799405,5.61449503875,-1.334162,-2.791353,-0.570254,0,0,0,0,0,0,1461599172243,1299
14.7111684974,1.4163011772,5.3466487386,-2.615243,-4.765528,-1.836135,0,0,0,0,0,0,1461599172264,1320
13.4639518552,2.41557881565,6.30297368805,-3.183381,-5.367085,-2.297195,0,0,0,0,0,0,1461599172274,1330
12.044208579,4.28153973,7.70550646905,-3.644115,-5.306000,-2.566516,0,0,0,0,0,0,1461599172284,1340
12.3934590507,5.14823281245,8.2081411893,-4.008932,-4.715531,-2.691066,0,0,0,0,0,0,1461599172294,1350
13.4296877696,4.5375691374,7.91350339455,-4.285322,-4.054057,-2.668649,0,0,0,0,0,0,1461599172304,1360
13.7882152375,2.93960162145,7.00700552565,-4.459498,-3.746390,-2.553430,0,0,0,0,0,0,1461599172314,1370
12.9952968307,2.05540384725,5.7858252738,-4.376383,-3.291832,-2.318654,0,0,0,0,0,0,1461599172324,1380
12.6417020574,3.64828176375,2.06468084355,-2.974903,-1.926823,-1.990965,0,0,0,0,0,0,1461599172343,1399
11.8659941458,3.8894934741,0.18868782855,-1.945083,-1.516642,-2.212465,0,0,0,0,0,0,1461599172354,1410
10.2976522174,4.4022975867,-0.50292891675,-0.909076,-0.842365,-2.533874,0,0,0,0,0,0,1461599172364,1420
9.7827593097,4.1624293737,-0.3145352847,-0.151494,-0.164973,-2.831514,0,0,0,0,0,0,1461599172374,1430
9.69537314265,4.27958822655,0.9548245473,0.361312,0.279379,-2.950144,0,0,0,0,0,0,1461599172384,1440
8.90918202915,5.0587480437,1.69552307535,0.750558,0.668623,-2.944582,0,0,0,0,0,0,1461599172394,1450
7.47866135445,6.1964255223,2.2481319744,1.125771,1.181877,-2.857812,0,0,0,0,0,0,1461599172404,1460
5.657594826,6.85961307915,2.4496958031,1.484592,1.708017,-2.614112,0,0,0,0,0,0,1461599172414,1470
4.56360552765,7.8922526007,1.9909061679,1.772409,2.178324,-2.178477,0,0,0,0,0,0,1461599172424,1480
4.18517076315,8.73185999205,1.2172870515,1.904606,2.713578,-1.503217,0,0,0,0,0,0,1461599172434,1490
4.42533317265,8.55379265715,0.3956354532,1.821698,3.667539,-0.670850,0,0,0,0,0,0,1461599172444,1500
5.4633662967,7.8639705105,-0.8026465044,1.578062,4.728171,0.139397,0,0,0,0,0,0,1461599172454,1510
5.4633662967,7.8639705105,-0.8026465044,1.336162,5.300360,0.623224,0,0,0,0,0,0,1461599172464,1520
7.38738198705,7.256454738,-3.4170923475,1.110536,5.359077,0.708864,0,0,0,0,0,0,1461599172474,1530
8.3836588212,8.3417652396,-7.1801401659,0.559703,4.351196,0.251332,0,0,0,0,0,0,1461599172484,1540
7.89181130595,8.3122867503,-4.4030428845,-0.277633,3.169424,-0.393963,0,0,0,0,0,0,1461599172494,1550
7.7385839622,7.9480714833,1.3428305046,-1.322088,3.342977,-0.790375,0,0,0,0,0,0,1461599172504,1560
6.79108490775,7.1259687837,2.19051849315,-2.279662,4.093369,-0.955169,0,0,0,0,0,0,1461599172514,1570
5.35458223755,5.87052444615,1.15937937375,-2.808899,4.647271,-1.055180,0,0,0,0,0,0,1461599172524,1580
4.47785705445,4.95145458015,0.5142947082,-2.933746,4.954345,-1.148220,0,0,0,0,0,0,1461599172534,1590
3.97358464035,4.4063378853,0.3541929729,-2.671885,4.861690,-1.205716,0,0,0,0,0,0,1461599172544,1600
3.2661107037,3.94575365145,0.6367000653,-2.089473,4.330495,-1.179494,0,0,0,0,0,0,1461599172554,1610
2.19546099435,3.30007078635,1.5075805446,-1.269589,3.541445,-0.974428,0,0,0,0,0,0,1461599172564,1620
1.59781061115,2.94932971905,2.9147616303,-0.649938,3.250020,-0.723555,0,0,0,0,0,0,1461599172574,1630
1.57656962385,3.4004800518,3.86824268025,-0.212557,3.279917,-0.530985,0,0,0,0,0,0,1461599172584,1640
1.67742018405,3.4934069196,3.5887265856,0.132003,3.436666,-0.483501,0,0,0,0,0,0,1461599172593,1649
1.6138247073,3.27598589955,2.4680928909,0.398557,3.661998,-0.543408,0,0,0,0,0,0,1461599172604,1660
1.31006682105,3.3859663578,0.2199609165,0.618850,3.606464,-0.632169,0,0,0,0,0,0,1461599172614,1670
0.8171601984,3.46601722545,-0.97368254295,0.846253,3.229863,-0.698402,0,0,0,0,0,0,1461599172623,1679
0.49229861655,3.66518825595,-1.7269530681,1.024781,2.663101,-0.753190,0,0,0,0,0,0,1461599172634,1690
0.26231540595,3.816316998,-2.2557614703,1.153798,2.003978,-0.804143,0,0,0,0,0,0,1461599172644,1700
0.22459941465,4.035983718,-2.1766029987,1.244656,1.415034,-0.873294,0,0,0,0,0,0,1461599172653,1709
0.26590460325,4.3726621926,-1.90516750125,1.349953,0.967322,-0.967901,0,0,0,0,0,0,1461599172664,1720
0.4764414252,4.99321087005,-1.2831282282,1.522203,0.749672,-1.137685,0,0,0,0,0,0,1461599172674,1730
0.5187861081,5.1676792011,-0.5964539841,1.760523,0.780347,-1.357956,0,0,0,0,0,0,1461599172683,1739
0.4086585516,4.8669123126,0.3582332715,2.121919,1.094787,-1.558540,0,0,0,0,0,0,1461599172694,1750
0.6039265752,4.59667321425,1.7923431435,2.685690,1.781935,-1.762746,0,0,0,0,0,0,1461599172704,1760
1.1768840655,4.64754959565,3.3222237828,3.462030,2.773406,-2.009668,0,0,0,0,0,0,1461599172713,1769
2.2707262656,5.31537565065,5.5142426781,4.519080,4.228997,-2.529682,0,0,0,0,0,0,1461599172724,1780
1.7378775648,5.1964123926,5.5351894689,5.289440,5.183462,-2.895196,0,0,0,0,0,0,1461599172734,1790
0.42735964245,7.11370078965,9.90890096235,4.728066,5.196626,-2.920027,0,0,0,0,0,0,1461599172743,1799
-0.36196956705,12.4498761328,16.9717253706,2.746568,4.102644,-2.629462,0,0,0,0,0,0,1461599172754,1810
-1.1466602784,15.8732446724,16.4315413704,0.821524,2.161005,-2.163964,0,0,0,0,0,0,1461599172764,1820
-2.347491939,18.8016276006,16.5998806077,-0.800108,0.854605,-1.832681,0,0,0,0,0,0,1461599172773,1829
-2.78503078035,19.6722040769,15.9955029312,-1.963870,0.800957,-1.634407,0,0,0,0,0,0,1461599172784,1840
-2.711707206,22.3397720013,13.7220798644,-2.032448,1.475896,-1.431430,0,0,0,0,0,0,1461599172793,1849
-3.73371642735,24.5919442743,9.4311160398,-1.522473,1.643595,-1.127370,0,0,0,0,0,0,1461599172803,1859
-5.221399482,23.6808079072,3.5902171812,-1.007182,0.554087,-0.677322,0,0,0,0,0,0,1461599172813,1869
-6.20106402045,20.1984725826,-0.2070947229,-0.425255,-0.884508,-0.231103,0,0,0,0,0,0,1461599172823,1879
-5.6547509265,15.554669089,-2.19875599515,0.328613,-1.818617,0.184209,0,0,0,0,0,0,1461599172833,1889
-4.8410230206,13.2163070481,-2.81764736565,1.127889,-2.123657,0.536770,0,0,0,0,0,0,1461599172843,1899
-4.0956859944,13.0407796097,-2.09131543335,1.686591,-2.084353,0.902091,0,0,0,0,0,0,1461599172853,1909
-2.1646390077,13.4434561657,0.6100654755,1.651191,-1.986857,1.278455,0,0,0,0,0,0,1461599172863,1919
1.4402487723,14.8850484354,8.7885712707,1.221043,-0.987994,1.416189,0,0,0,0,0,0,1461599172873,1929
3.11482505685,15.418054041,8.10773192385,0.504437,-0.359958,1.343011,0,0,0,0,0,0,1461599172883,1939
1.2795390309,13.2849921243,-1.0121340255,-0.232165,-1.110491,1.097316,0,0,0,0,0,0,1461599172893,1949
-0.92070755985,10.1815426654,-7.2165028533,-0.122122,-2.000604,0.573312,0,0,0,0,0,0,1461599172903,1959
-1.78754774055,7.34009480295,-7.57233352005,0.338506,-2.499693,-0.008723,0,0,0,0,0,0,1461599172913,1969
-1.81957593285,5.449892097,-5.4742907934,0.566349,-2.710826,-0.430451,0,0,0,0,0,0,1461599172923,1979
-1.77962404815,4.0998831978,-3.7117203357,0.563134,-2.761286,-0.642979,0,0,0,0,0,0,1461599172933,1989
-1.4369537715,3.71351493435,-2.5077505791,0.431181,-2.703274,-0.616778,0,0,0,0,0,0,1461599172943,1999
-1.18691616615,5.0352515499,-2.0705157408,0.286973,-2.604156,-0.500563,0,0,0,0,0,0,1461599172953,2009
-1.0740918084,7.42688277045,-2.43203420655,0.207916,-2.649425,-0.468323,0,0,0,0,0,0,1461599172963,2019
-0.861603483,9.2494595076,-2.72113130055,0.128203,-2.789732,-0.488118,0,0,0,0,0,0,1461599172973,2029
-0.416582244,10.4996671474,-2.66860741875,0.012592,-2.828003,-0.532230,0,0,0,0,0,0,1461599172983,2039
0.0746670717,11.4353395026,-2.66262542325,-0.066299,-2.783340,-0.565232,0,0,0,0,0,0,1461599172993,2049
0.55021610085,12.0268509855,-2.54994816375,-0.059093,-2.626892,-0.548918,0,0,0,0,0,0,1461599173003,2059
1.23375224895,12.353203163,-2.3434516404,0.081360,-2.347900,-0.447363,0,0,0,0,0,0,1461599173013,2069
1.7700430488,12.3133983765,-2.1993541947,0.374070,-1.965763,-0.287557,0,0,0,0,0,0,1461599173023,2079
2.29766485845,11.9752293063,-2.096248128,0.798621,-1.493329,-0.089692,0,0,0,0,0,0,1461599173033,2089
2.8695730479,11.390896218,-1.818526632,1.278567,-0.867449,0.169868,0,0,0,0,0,0,1461599173043,2099
3.43055674065,10.784567038,-1.451173269,1.749174,-0.210478,0.459640,0,0,0,0,0,0,1461599173053,2109
4.11978068775,10.2719198303,-0.89332767225,2.410076,-0.055930,0.624779,0,0,0,0,0,0,1461599173063,2119
5.6824250106,9.5743112829,-0.10833295785,3.375428,-0.975216,0.530019,0,0,0,0,0,0,1461599173073,2129
6.3423273732,8.8984046307,-0.2660517015,3.947836,-2.120306,0.379028,0,0,0,0,0,0,1461599173083,2139
6.4412362365,8.4349863039,-0.5054688132,4.017903,-2.995722,0.251973,0,0,0,0,0,0,1461599173093,2149
6.2974329873,7.9896708684,-0.46252593075,3.700412,-3.477338,0.151139,0,0,0,0,0,0,1461599173103,2159
5.9918805024,7.6464023922,-0.0213978921,3.114367,-3.687712,0.090336,0,0,0,0,0,0,1461599173113,2169
5.4051546159,7.2783037314,0.79771380975,2.358818,-3.697088,0.105354,0,0,0,0,0,0,1461599173123,2179
4.48833044985,7.1974977594,1.6982198766,1.535579,-3.457526,0.246905,0,0,0,0,0,0,1461599173133,2189
3.60772187295,7.6194736059,2.08756933125,0.827663,-3.061229,0.488027,0,0,0,0,0,0,1461599173143,2199
3.21702892095,7.9940053635,2.0721632412,0.308602,-2.656056,0.709469,0,0,0,0,0,0,1461599173153,2209
2.90608283355,8.2415030724,1.6259456031,-0.017631,-2.451173,0.816529,0,0,0,0,0,0,1461599173163,2219
2.6665186236,8.3470019373,1.0594212096,-0.149199,-2.518832,0.820242,0,0,0,0,0,0,1461599173173,2229
2.6099544432,8.39518151745,0.46013313255,-0.116273,-2.694086,0.720275,0,0,0,0,0,0,1461599173183,2239
2.6439243324,8.63504973045,-0.03321478485,0.051491,-2.935317,0.523666,0,0,0,0,0,0,1461599173193,2249
2.6264098341,8.99671529445,-0.46462453245,0.303225,-3.178459,0.244245,0,0,0,0,0,0,1461599173203,2259
2.6520049296,9.1928953272,-0.42137764695,0.604410,-3.323020,-0.061333,0,0,0,0,0,0,1461599173213,2269
2.64407143065,9.1565326398,0.15487484415,0.914111,-3.294880,-0.308893,0,0,0,0,0,0,1461599173223,2279
2.4751339938,8.91023133,1.08306480165,1.203873,-3.054288,-0.455187,0,0,0,0,0,0,1461599173233,2289
2.1981577956,8.595244944,2.29721375715,1.474609,-2.629998,-0.504752,0,0,0,0,0,0,1461599173243,2299
1.9481103837,8.4390266025,3.39943075095,1.631342,-1.969004,-0.520216,0,0,0,0,0,0,1461599173253,2309
1.9129440954,8.66168432025,3.9625130454,1.596766,-1.138366,-0.539895,0,0,0,0,0,0,1461599173263,2319
2.17092500625,9.0999684594,3.85851458265,1.332894,-0.256179,-0.583742,0,0,0,0,0,0,1461599173273,2329
2.83425966135,9.7746787125,2.95082031465,0.921789,0.443195,-0.669574,0,0,0,0,0,0,1461599173283,2339
3.97927243935,10.5043056456,1.2424310457,0.521616,0.753190,-0.764452,0,0,0,0,0,0,1461599173293,2349
5.062337241,10.8444262192,-0.19931812875,0.259371,0.632313,-0.818713,0,0,0,0,0,0,1461599173303,2359
5.9971172001,11.0690256339,-0.636248964,0.189943,0.171931,-0.824524,0,0,0,0,0,0,1461599173313,2369
6.65177305845,11.297822252,-0.6485267646,0.228339,-0.341416,-0.757164,0,0,0,0,0,0,1461599173323,2379
6.906753165,11.4721532913,-0.6790447482,0.304329,-0.663742,-0.587105,0,0,0,0,0,0,1461599173333,2389
6.94132125375,11.5269130665,-0.20125982565,0.466587,-0.884518,-0.312409,0,0,0,0,0,0,1461599173343,2399
6.60493697565,11.4954928803,0.9928347351,0.690307,-1.029454,0.031733,0,0,0,0,0,0,1461599173353,2409
5.8916183352,11.4275531019,2.4642094971,0.824954,-1.034960,0.353436,0,0,0,0,0,0,1461599173363,2419
5.07880243845,11.630764431,4.24383354525,0.683545,-0.867155,0.555526,0,0,0,0,0,0,1461599173373,2429
4.5318813384,12.2297583116,6.1980730227,0.118765,-0.503549,0.600063,0,0,0,0,0,0,1461599173383,2439
4.7510969571,13.2748129254,7.60106671155,-0.826714,0.021964,0.523661,0,0,0,0,0,0,1461599173393,2449
5.76188748525,14.3554849289,7.53567663615,-1.822938,0.442162,0.424340,0,0,0,0,0,0,1461599173403,2459
7.2188956515,14.4368891004,6.3765914589,-2.514122,0.523892,0.415132,0,0,0,0,0,0,1461599173413,2469
8.152773408,13.5755798139,4.82187082845,-2.950196,0.556470,0.477849,0,0,0,0,0,0,1461599173423,2479
8.1467914125,13.2025386519,3.06918537315,-3.328582,0.823972,0.545447,0,0,0,0,0,0,1461599173433,2489
7.40069928195,13.1461313763,2.584810449,-3.614418,1.275036,0.589435,0,0,0,0,0,0,1461599173443,2499
5.7151985007,12.2100079198,2.96953121205,-3.717500,1.794592,0.618614,0,0,0,0,0,0,1461599173453,2509
3.97403574165,11.7937198723,2.68208161845,-3.638111,2.293553,0.668393,0,0,0,0,0,0,1461599173463,2519
3.39060485595,11.8842441354,1.191103563,-3.360395,2.720979,0.760542,0,0,0,0,0,0,1461599173473,2529
3.86659517985,12.2511562036,-1.0751313027,-2.991640,3.000226,0.843059,0,0,0,0,0,0,1461599173483,2539
4.6641520848,12.6569708557,-3.4453744377,-2.696469,3.051126,0.941145,0,0,0,0,0,0,1461599173493,2549
4.97495107395,12.9541485469,-4.33870210995,-2.448285,3.075745,1.062841,0,0,0,0,0,0,1461599173503,2559
5.2282836801,13.4919397489,-3.90415426635,-2.217164,3.114142,1.170960,0,0,0,0,0,0,1461599173513,2569
5.31941594925,14.120255214,-3.32191977975,-1.990516,3.163781,1.214210,0,0,0,0,0,0,1461599173523,2579
5.1528713106,14.8239928551,-2.85924675075,-1.737961,3.127583,1.164781,0,0,0,0,0,0,1461599173533,2589
4.81379023125,15.6489394542,-1.833040326,-1.362202,2.827559,1.011642,0,0,0,0,0,0,1461599173543,2599
4.3876269879,16.6127468013,0.5843330883,-0.961217,2.284399,0.781418,0,0,0,0,0,0,1461599173553,2609
3.6125172759,16.3704857901,2.0483725509,-0.825810,1.738065,0.592910,0,0,0,0,0,0,1461599173563,2619
2.7996915726,14.9689925034,1.8206252337,-1.032411,1.248570,0.477183,0,0,0,0,0,0,1461599173573,2629
2.1399461148,13.7630810499,0.8785099752,-1.468267,0.757975,0.410336,0,0,0,0,0,0,1461599173583,2639
1.34837120535,12.7026105395,-0.3435626727,-1.929155,0.329666,0.415692,0,0,0,0,0,0,1461599173593,2649
0.6576468561,11.4495590001,-0.9819102384,-2.236665,0.193183,0.537530,0,0,0,0,0,0,1461599173603,2659
0.37618906455,10.3248850068,-0.79157490945,-2.362403,0.339241,0.680665,0,0,0,0,0,0,1461599173613,2669
-0.03741198825,9.89228866665,-0.39623365275,-2.264461,0.707252,0.720538,0,0,0,0,0,0,1461599173623,2679
-0.6311691711,9.5880796791,-0.4623788325,-2.111082,0.860056,0.733414,0,0,0,0,0,0,1461599173633,2689
-0.73636403295,8.9989609944,-0.6399950661,-1.869576,0.930592,0.730902,0,0,0,0,0,0,1461599173643,2699
-0.7950170085,8.23821787815,-0.8547192849,-1.508429,1.050553,0.699032,0,0,0,0,0,0,1461599173653,2709
-0.70000134555,7.3843909893,-1.0082506317,-1.079806,1.221377,0.668114,0,0,0,0,0,0,1461599173663,2719
-0.35463426765,6.52128710415,-1.20472486095,-0.680175,1.340291,0.654018,0,0,0,0,0,0,1461599173673,2729
-0.092769963,5.7603870831,-1.51267014405,-0.366076,1.414879,0.653043,0,0,0,0,0,0,1461599173683,2739
0.16324963785,4.4061809805,-1.9882191732,-0.146066,1.440913,0.665224,0,0,0,0,0,0,1461599173693,2749
0.2931373926,3.752574423,-2.2286757792,-0.000039,1.385334,0.686883,0,0,0,0,0,0,1461599173703,2759
0.4408240356,3.17737123275,-2.3813049234,0.124231,1.253143,0.695228,0,0,0,0,0,0,1461599173713,2769
0.7167607395,2.83500495915,-2.07725284065,0.253106,1.201692,0.692561,0,0,0,0,0,0,1461599173723,2779
0.80444110305,2.8722600426,-1.7862042432,0.365478,1.313719,0.639337,0,0,0,0,0,0,1461599173733,2789
0.61036947855,3.1651032387,-1.7817128433,0.422288,1.473237,0.512436,0,0,0,0,0,0,1461599173743,2799
0.2389660104,3.3605281671,-1.85862561495,0.459590,1.618559,0.326955,0,0,0,0,0,0,1461599173753,2809
0.0011963991,3.32476367925,-1.93419488925,0.527443,1.685039,0.135145,0,0,0,0,0,0,1461599173763,2819
-0.21622462095,3.2340825114,-1.90352000085,0.628061,1.665433,-0.034304,0,0,0,0,0,0,1461599173773,2829
-0.28969529355,3.2429084064,-1.60320421365,0.758628,1.624773,-0.161579,0,0,0,0,0,0,1461599173783,2839
-0.4070110512,3.5433810984,-1.10805189105,0.913939,1.584402,-0.238976,0,0,0,0,0,0,1461599173793,2849
-0.5128041126,4.24487303955,-0.3523885677,1.072271,1.480426,-0.286084,0,0,0,0,0,0,1461599173803,2859
-0.8213574018,5.58217264995,1.6452448935,1.258046,1.302003,-0.321335,0,0,0,0,0,0,1461599173813,2869
-1.15249517565,7.84287662145,5.4020165199,1.646545,0.877393,-0.342523,0,0,0,0,0,0,1461599173823,2879
-0.80728500255,10.7509011519,10.3551186004,2.159065,0.019780,-0.329388,0,0,0,0,0,0,1461599173833,2889
1.0291974225,14.3071582504,17.1734362975,2.170393,-0.828298,-0.230802,0,0,0,0,0,0,1461599173843,2899
4.1260666863,17.9790737997,26.7263496883,0.988468,-0.474185,0.015120,0,0,0,0,0,0,1461599173853,2909
7.0625204052,18.8957410609,28.0331215086,-0.311210,1.502160,0.391200,0,0,0,0,0,0,1461599173863,2919
7.912905195,15.8091980943,18.2306118072,-0.315617,3.064366,0.649834,0,0,0,0,0,0,1461599173873,2929
7.9604865756,12.5606018889,8.8831456389,0.016773,2.908235,0.960953,0,0,0,0,0,0,1461599173883,2939
7.10067769125,10.5927411135,2.97312040935,0.249849,1.458385,1.180966,0,0,0,0,0,0,1461599173893,2949
4.9472671833,9.1315455504,0.67815235215,0.404309,-0.155807,1.147548,0,0,0,0,0,0,1461599173903,2959
2.19979548945,7.7954423391,1.08277060515,0.571640,-0.982723,1.000913,0,0,0,0,0,0,1461599173913,2969
0.09950706285,7.12462528635,1.88661350865,0.745672,-0.852322,0.866325,0,0,0,0,0,0,1461599173923,2979
-1.055380911,7.90781559555,2.2384038768,0.826710,-0.237200,0.654994,0,0,0,0,0,0,1461599173933,2989
-1.3458313089,9.68205584775,2.68521971445,0.935656,0.202207,0.424732,0,0,0,0,0,0,1461599173943,2999
-0.34955447475,11.5026712749,2.46749469135,1.199711,0.176085,0.302825,0,0,0,0,0,0,1461599173953,3009
2.0479214496,13.1609392668,2.5812212517,1.630510,-0.291531,0.235040,0,0,0,0,0,0,1461599173963,3019
5.1422410104,15.1974851184,1.2754987323,2.092557,-1.246410,0.015374,0,0,0,0,0,0,1461599173973,3029
5.1802511982,15.4705779228,-1.30632071895,1.767501,-2.309741,-0.224027,0,0,0,0,0,0,1461599173983,3039
3.4946033187,15.6083893699,2.42320831155,0.304778,-2.283708,-0.158827,0,0,0,0,0,0,1461599173993,3049
0.3601749684,13.7332985575,-3.1387628454,-0.852768,-2.074263,-0.051946,0,0,0,0,0,0,1461599174003,3059
-1.4930668506,11.0874325282,-7.1054730942,-0.957643,-2.049178,-0.155244,0,0,0,0,0,0,1461599174013,3069
-2.5493499642,9.55606129335,-6.1973277249,-0.621356,-2.037104,-0.407449,0,0,0,0,0,0,1461599174023,3079
-2.9668344108,8.04683324835,-3.98615663745,-0.330472,-1.974452,-0.596972,0,0,0,0,0,0,1461599174033,3089
-2.6288026323,7.00416162615,-1.88586821085,-0.148627,-1.836072,-0.654819,0,0,0,0,0,0,1461599174043,3099
-2.25082877565,6.8045493009,-0.75895832415,0.000573,-1.693638,-0.606834,0,0,0,0,0,0,1461599174053,3109
-1.72215766515,7.6073527101,-1.67337988545,0.107949,-1.823342,-0.555687,0,0,0,0,0,0,1461599174063,3119
-1.2427252422,8.44291980285,-2.29317345855,0.203947,-2.099816,-0.507939,0,0,0,0,0,0,1461599174073,3129
-0.68083934685,9.3902619525,-1.9611334821,0.298694,-2.203853,-0.442589,0,0,0,0,0,0,1461599174083,3139
-0.04009898295,10.078583697,-1.56564512715,0.378689,-2.044053,-0.374656,0,0,0,0,0,0,1461599174093,3149
0.4773436278,10.5999195081,-1.42093967535,0.479997,-1.636734,-0.339775,0,0,0,0,0,0,1461599174103,3159
1.23210474855,11.1610601056,-1.1825718645,0.619646,-0.966217,-0.368856,0,0,0,0,0,0,1461599174113,3169
1.8548893194,11.5933524427,-1.05284101455,0.831255,-0.168536,-0.433616,0,0,0,0,0,0,1461599174123,3179
2.3260940469,11.694811009,-1.0529881128,1.074734,0.614026,-0.516912,0,0,0,0,0,0,1461599174133,3189
2.77559687925,11.5978438427,-1.18271896275,1.295316,1.301919,-0.610482,0,0,0,0,0,0,1461599174143,3199
3.24770380935,11.2530847709,-1.3720147974,1.466948,1.803740,-0.717082,0,0,0,0,0,0,1461599174153,3209
4.00276893315,10.4677958599,-1.0517917137,1.767510,1.832750,-0.848386,0,0,0,0,0,0,1461599174163,3219
5.2202030829,9.3067689858,-0.10325316495,2.498342,0.626029,-1.073802,0,0,0,0,0,0,1461599174173,3229
5.53488546585,8.67859081245,-0.312436683,3.136738,-1.055970,-1.168550,0,0,0,0,0,0,1461599174183,3239
5.12069602005,8.5298548686,-0.70388473935,3.289930,-2.210250,-0.994101,0,0,0,0,0,0,1461599174193,3249
4.6351246968,8.2254987828,-0.8378127927,3.011279,-2.715651,-0.691563,0,0,0,0,0,0,1461599174203,3259
4.33779990735,7.8015812394,-0.64822276155,2.506330,-2.824336,-0.336476,0,0,0,0,0,0,1461599174213,3269
4.27599902925,7.44484837005,-0.2066436216,1.926024,-2.785478,-0.052898,0,0,0,0,0,0,1461599174223,3279
4.06127481045,7.27066442895,0.25452900525,1.359039,-2.749769,0.095183,0,0,0,0,0,0,1461599174233,3289
3.7461413262,7.27680332925,0.58612768695,0.869805,-2.687148,0.172497,0,0,0,0,0,0,1461599174243,3299
3.3766893615,7.30104512085,0.6780052539,0.502310,-2.589937,0.228824,0,0,0,0,0,0,1461599174253,3309
3.2683465971,7.32813081195,0.65196886365,0.279041,-2.462281,0.288441,0,0,0,0,0,0,1461599174263,3319
3.23034621585,7.38902948745,0.58897158645,0.208474,-2.305368,0.337409,0,0,0,0,0,0,1461599174273,3329
3.2421631086,7.4909293485,0.554854599,0.264713,-2.160767,0.353186,0,0,0,0,0,0,1461599174283,3339
3.22301091645,7.7179313679,0.49439721825,0.418605,-2.081731,0.314214,0,0,0,0,0,0,1461599174293,3349
3.0661943754,7.9435800834,0.4947012213,0.649651,-2.107622,0.210714,0,0,0,0,0,0,1461599174303,3359
2.8791442407,8.1107229216,0.67291565445,0.936767,-2.204163,0.067701,0,0,0,0,0,0,1461599174313,3369
2.755248288,8.32934034075,0.9706915452,1.240062,-2.247716,-0.095210,0,0,0,0,0,0,1461599174323,3379
2.67100021695,8.43752620035,1.43186417205,1.515404,-2.112470,-0.254081,0,0,0,0,0,0,1461599174333,3389
2.515380075,8.37856922175,2.1080748273,1.701168,-1.772443,-0.370834,0,0,0,0,0,0,1461599174343,3399
2.2674312648,8.29297765335,2.7759008823,1.752359,-1.287929,-0.417928,0,0,0,0,0,0,1461599174353,3409
2.0251702536,8.35881883005,3.29767798815,1.636678,-0.701525,-0.415727,0,0,0,0,0,0,1461599174363,3419
2.2901824608,8.84693004975,3.0238496925,1.368552,-0.092242,-0.400263,0,0,0,0,0,0,1461599174373,3429
3.0754713717,9.60887937165,1.72590376725,1.036712,0.366127,-0.394174,0,0,0,0,0,0,1461599174383,3439
4.0062110322,10.460754757,0.2106839202,0.726018,0.559568,-0.391800,0,0,0,0,0,0,1461599174393,3449
4.82920612785,11.208494388,-0.6961081452,0.490962,0.500698,-0.391367,0,0,0,0,0,0,1461599174403,3459
5.4721921917,11.7711255812,-1.0648148121,0.343650,0.258689,-0.382745,0,0,0,0,0,0,1461599174413,3469
5.9360616198,12.0886518636,-1.02216612615,0.299290,-0.120672,-0.352850,0,0,0,0,0,0,1461599174423,3479
6.3200272785,12.1528455399,-0.5304559026,0.380288,-0.665934,-0.269105,0,0,0,0,0,0,1461599174433,3489
6.3813770553,11.8796056373,0.51654040815,0.505300,-1.231943,-0.095347,0,0,0,0,0,0,1461599174443,3499
6.2075069238,11.5801822461,1.7272472646,0.541878,-1.564564,0.105866,0,0,0,0,0,0,1461599174453,3509
6.2075069238,11.5801822461,1.7272472646,0.420619,-1.628865,0.283240,0,0,0,0,0,0,1461599174463,3519
5.756052588,11.8586588465,4.6681923834,0.098535,-1.464283,0.408007,0,0,0,0,0,0,1461599174473,3529
5.77355727975,12.7745808099,6.33529607685,-0.449866,-1.035725,0.468992,0,0,0,0,0,0,1461599174483,3539
6.46352652465,14.0084801571,7.1801401659,-1.112368,-0.343226,0.506783,0,0,0,0,0,0,1461599174493,3549
8.85516755175,14.2380220729,6.389163456,-2.085262,1.007952,0.607759,0,0,0,0,0,0,1461599174513,3569
9.1234649532,13.4947836484,5.230225377,-2.430148,1.624980,0.633555,0,0,0,0,0,0,1461599174523,3579
8.53374806895,13.1126125884,3.9791253411,-2.794179,2.297014,0.609940,0,0,0,0,0,0,1461599174533,3589
7.2193467528,12.4905733153,3.7114261392,-3.122547,2.877131,0.539331,0,0,0,0,0,0,1461599174543,3599
5.50511278005,12.1287508466,3.57465418635,-3.362097,3.265682,0.488547,0,0,0,0,0,0,1461599174553,3609
4.30877251935,12.4450807299,2.31292385025,-3.394650,3.574480,0.523676,0,0,0,0,0,0,1461599174563,3619
4.37326039215,12.267013395,-0.98850024,-3.105536,3.890533,0.662649,0,0,0,0,0,0,1461599174573,3629
4.67867558535,12.0929863587,-3.82574109255,-2.728824,3.969401,0.837020,0,0,0,0,0,0,1461599174583,3639
4.72984616325,12.9080577619,-5.03839945245,-2.459751,3.654813,0.978825,0,0,0,0,0,0,1461599174593,3649
4.8504569217,13.9653901764,-5.1034855248,-2.258761,3.217610,1.051873,0,0,0,0,0,0,1461599174603,3659
4.82846083005,14.7996039653,-4.7231090634,-2.096278,2.811993,1.064802,0,0,0,0,0,0,1461599174613,3669
4.67253668505,15.623207067,-4.3949622873,-1.943301,2.486725,1.007155,0,0,0,0,0,0,1461599174623,3679
4.3149016131,16.2507772342,-4.0311981216,-1.773194,2.235322,0.875443,0,0,0,0,0,0,1461599174633,3689
3.72653803275,16.2681348277,-3.642741063,-1.596661,2.031394,0.692960,0,0,0,0,0,0,1461599174643,3699
2.9777589075,15.906616362,-3.0250460916,-1.472313,1.875263,0.480469,0,0,0,0,0,0,1461599174653,3709
2.24514097665,15.8817763708,-0.01556299485,-1.504556,1.764393,0.285750,0,0,0,0,0,0,1461599174663,3719
1.6587190932,15.5985141741,3.6123603711,-1.679566,1.658583,0.144543,0,0,0,0,0,0,1461599174673,3729
0.76613671875,12.4785995178,2.1556562079,-2.145030,1.218132,0.086946,0,0,0,0,0,0,1461599174693,3749
0.6964023417,11.1748186953,0.61276227675,-2.314729,0.916125,0.173005,0,0,0,0,0,0,1461599174703,3759
0.5389876011,10.0497132138,-0.3549382707,-2.364558,0.701921,0.241786,0,0,0,0,0,0,1461599174713,3769
0.1352715507,9.3869669517,-1.0254513204,-2.330665,0.438958,0.220926,0,0,0,0,0,0,1461599174723,3779
-0.16460294175,8.629960131,-1.58568971535,-2.225523,0.134206,0.186268,0,0,0,0,0,0,1461599174733,3789
-0.2789178951,7.7345436636,-1.8779347119,-1.975358,0.013191,0.173372,0,0,0,0,0,0,1461599174743,3799
-0.2147242188,6.716113833,-2.0136573639,-1.577458,0.192949,0.188632,0,0,0,0,0,0,1461599174753,3809
0.04264868595,5.60282524425,-2.1311202198,-1.125258,0.533485,0.249678,0,0,0,0,0,0,1461599174763,3819
0.1687903386,4.6352816016,-2.2795521606,-0.711160,0.903180,0.356089,0,0,0,0,0,0,1461599174773,3829
0.340875678,3.87018437715,-2.4645036936,-0.382714,1.197749,0.481730,0,0,0,0,0,0,1461599174783,3839
0.4990357164,3.2889991914,-2.7245733996,-0.173706,1.291586,0.599083,0,0,0,0,0,0,1461599174793,3849
0.63325796625,2.68880891175,-2.89635473595,-0.071317,1.200491,0.692197,0,0,0,0,0,0,1461599174803,3859
0.87238088145,2.23302008085,-2.67384411645,-0.047924,1.129618,0.755279,0,0,0,0,0,0,1461599174813,3869
1.17030387045,2.1415936152,-2.0441753475,-0.027533,1.186710,0.716200,0,0,0,0,0,0,1461599174823,3879
0.8637020847,2.80866456585,-2.1553620114,0.203605,1.428827,0.316779,0,0,0,0,0,0,1461599174843,3899
0.56831899215,2.76841848465,-2.31621885105,0.370845,1.539560,0.107464,0,0,0,0,0,0,1461599174853,3909
0.0743728752,2.3664970329,-2.5472513625,0.785045,1.540880,-0.129532,0,0,0,0,0,0,1461599174873,3929
-0.09785956245,2.50640708175,-2.58136834995,1.043806,1.446307,-0.159309,0,0,0,0,0,0,1461599174883,3939
-0.3763361628,3.02234929035,-2.36305493385,1.288279,1.259284,-0.183427,0,0,0,0,0,0,1461599174893,3949
-0.68533074675,3.9427626537,-1.6129225047,1.504819,1.043532,-0.220359,0,0,0,0,0,0,1461599174903,3959
-0.87147867885,5.4940411851,-0.034715187,1.727117,0.702163,-0.270233,0,0,0,0,0,0,1461599174913,3969
-1.4927726541,10.8908112007,10.6193757033,2.629077,-1.407556,-0.132525,0,0,0,0,0,0,1461599174933,3989
0.3327950808,15.0002655913,21.4027463422,1.430386,-1.264617,0.173393,0,0,0,0,0,0,1461599174943,3999
5.2387570755,20.361732027,33.0085236839,-0.452066,1.056675,0.653675,0,0,0,0,0,0,1461599174953,4009
8.18210479905,23.4753606847,31.1500451671,-0.380910,3.157845,0.756802,0,0,0,0,0,0,1461599174963,4019
8.20454218545,19.4478988587,18.9285145511,0.034044,3.287953,0.825806,0,0,0,0,0,0,1461599174973,4029
5.21556458475,10.3778599899,2.2473866766,0.266844,-0.041020,0.790671,0,0,0,0,0,0,1461599174993,4049
2.5150858785,7.4542724646,-0.0941232669,0.258924,-1.147121,0.648292,0,0,0,0,0,0,1461599175003,4059
0.1131283608,6.30730818315,-0.2805653955,0.249933,-1.357591,0.515323,0,0,0,0,0,0,1461599175013,4069
-1.3121556162,6.8368716897,0.5644257918,0.255892,-1.022201,0.273267,0,0,0,0,0,0,1461599175023,4079
-2.38594342155,10.2723709316,1.2253676487,0.398482,-0.681878,0.033264,0,0,0,0,0,0,1461599175033,4089
-1.5277820376,11.969090406,1.997790366,0.853519,-0.338848,-0.000544,0,0,0,0,0,0,1461599175043,4099
2.1613440069,14.8576685478,5.6761488186,1.522713,0.002759,0.149212,0,0,0,0,0,0,1461599175053,4109
7.10636549025,17.5340525607,6.59760167625,2.208898,-0.033001,0.188733,0,0,0,0,0,0,1461599175063,4119
8.70014560935,16.7620809447,5.7470697882,1.401338,-0.505352,0.287287,0,0,0,0,0,0,1461599175073,4129
4.15284837435,14.9024060289,-5.25910566675,-0.842070,-1.670041,0.548568,0,0,0,0,0,0,1461599175083,4139
-0.06973437705,11.7857863734,-10.170461264,-1.601576,-2.539506,0.320083,0,0,0,0,0,0,1461599175093,4149
-1.64868699255,9.24870440325,-8.06328863925,-1.243327,-2.683147,-0.128796,0,0,0,0,0,0,1461599175103,4159
-2.62192824075,7.53971693475,-5.21152428615,-0.727165,-2.415338,-0.536853,0,0,0,0,0,0,1461599175113,4169
-2.7920620767,6.58877578125,-3.3386791737,-0.401284,-2.092900,-0.822315,0,0,0,0,0,0,1461599175123,4179
-2.11630252275,6.3064157871,-2.2888291569,-0.262005,-1.930977,-0.877440,0,0,0,0,0,0,1461599175133,4189
-1.6126283082,7.15035767355,-1.8448670253,-0.186887,-1.906188,-0.802195,0,0,0,0,0,0,1461599175143,4199
-1.2222295527,8.0942675307,-1.73996635995,-0.107606,-1.917447,-0.711340,0,0,0,0,0,0,1461599175153,4209
-0.85651388355,9.0510337749,-1.7220105669,-0.021924,-1.932955,-0.615246,0,0,0,0,0,0,1461599175163,4219
-0.3104949861,10.0269620178,-1.4163011772,0.040973,-1.804782,-0.515485,0,0,0,0,0,0,1461599175173,4229
0.2180192196,10.6195228015,-1.22357305005,0.125039,-1.490513,-0.412046,0,0,0,0,0,0,1461599175183,4239
0.85935778305,10.9937603626,-1.2065194596,0.300158,-1.090474,-0.324587,0,0,0,0,0,0,1461599175193,4249
1.535117337,11.5188324693,-1.0707968076,0.584379,-0.599611,-0.281995,0,0,0,0,0,0,1461599175203,4259
2.124687123,11.9174687268,-0.88599237285,0.966244,0.069087,-0.317465,0,0,0,0,0,0,1461599175213,4269
2.6877596109,11.9663936047,-0.9124798644,1.364006,0.766007,-0.414625,0,0,0,0,0,0,1461599175223,4279
3.26894479665,11.7896795737,-1.02695172255,1.719365,1.326656,-0.546788,0,0,0,0,0,0,1461599175233,4289
4.2692619294,11.2265972793,-0.670964151,2.220330,1.355727,-0.735256,0,0,0,0,0,0,1461599175243,4299
5.1450849099,10.0836732964,-0.5240228058,2.976763,0.387055,-0.977863,0,0,0,0,0,0,1461599175253,4309
5.1709742019,9.33833627025,-0.9464497536,3.514284,-0.950144,-1.086640,0,0,0,0,0,0,1461599175263,4319
4.9993399638,8.99073329895,-1.28372642775,3.588340,-2.087606,-0.973171,0,0,0,0,0,0,1461599175273,4329
4.81618302945,8.5237159683,-1.26068103525,3.263935,-2.759145,-0.714387,0,0,0,0,0,0,1461599175283,4339
4.5775210221,7.9206915957,-0.8979661704,2.695801,-3.094592,-0.414149,0,0,0,0,0,0,1461599175293,4349
4.2834814269,7.2660259308,-0.20859512505,2.056891,-3.241873,-0.155239,0,0,0,0,0,0,1461599175303,4359
4.1437184763,6.96870114135,0.44471723595,1.432137,-3.267414,0.030077,0,0,0,0,0,0,1461599175313,4369
3.82379939565,6.99743433285,0.8423041926,0.904686,-3.205370,0.158875,0,0,0,0,0,0,1461599175323,4379
3.50447851455,6.97797813765,1.110297591,0.523545,-3.095053,0.257007,0,0,0,0,0,0,1461599175333,4389
2.99765639745,7.02541242,1.2053230605,0.220064,-2.825292,0.372999,0,0,0,0,0,0,1461599175353,4409
2.96264701395,7.26917383335,1.1260076841,0.271178,-2.632841,0.385002,0,0,0,0,0,0,1461599175363,4419
3.0811591707,7.67977408185,0.91278386745,0.400231,-2.394155,0.350930,0,0,0,0,0,0,1461599175373,4429
3.21942171915,8.09920022535,0.61440977715,0.563114,-2.165638,0.248259,0,0,0,0,0,0,1461599175383,4439
3.22779651285,8.45608019295,0.4966429182,0.746861,-1.990777,0.088422,0,0,0,0,0,0,1461599175393,4449
3.1517859438,8.7378517941,0.6259324734,0.965237,-1.904608,-0.114107,0,0,0,0,0,0,1461599175403,4459
2.9623430109,8.85710924865,1.1611739724,1.216331,-1.893010,-0.319746,0,0,0,0,0,0,1461599175413,4469
2.7815886813,8.78153997435,1.9732543779,1.460458,-1.819318,-0.472524,0,0,0,0,0,0,1461599175423,4479
2.6116019436,8.60078564475,2.68072831455,1.622503,-1.551365,-0.564163,0,0,0,0,0,0,1461599175433,4489
2.5436621652,8.47239829215,3.0802569681,1.624622,-1.067729,-0.605508,0,0,0,0,0,0,1461599175443,4499
2.5255592739,8.52431416785,2.99481249795,1.452541,-0.448182,-0.602508,0,0,0,0,0,0,1461599175453,4509
2.75704288665,8.77720547925,2.25486907425,1.152355,0.134752,-0.566760,0,0,0,0,0,0,1461599175463,4519
3.3160848825,9.31229988,0.9560209464,0.816941,0.482788,-0.523300,0,0,0,0,0,0,1461599175473,4529
4.027157823,10.1142010866,-0.08993587005,0.538551,0.493349,-0.499462,0,0,0,0,0,0,1461599175483,4539
4.91838689355,10.988523665,-0.74309132625,0.364081,0.168300,-0.512691,0,0,0,0,0,0,1461599175493,4549
5.8233843603,11.5180871715,-1.0094470308,0.288965,-0.351755,-0.536060,0,0,0,0,0,0,1461599175503,4559
6.4573974309,11.7133650016,-0.9497447544,0.270034,-0.770541,-0.505688,0,0,0,0,0,0,1461599175513,4569
6.9874022322,11.9382684193,-0.45654393525,0.307706,-1.022975,-0.393263,0,0,0,0,0,0,1461599175523,4579
7.52669383635,12.278388993,0.55619809635,0.412049,-1.223016,-0.215919,0,0,0,0,0,0,1461599175533,4589
7.6188655998,12.7023065364,1.97653957215,0.526425,-1.355874,-0.010327,0,0,0,0,0,0,1461599175543,4599
7.2082653513,12.9275139571,3.72847972965,0.542278,-1.318410,0.175326,0,0,0,0,0,0,1461599175553,4609
6.36177376185,12.7099360323,5.82398255985,0.325175,-1.060616,0.289389,0,0,0,0,0,0,1461599175563,4619
5.66207641935,12.5863440826,7.97679486825,-0.203664,-0.536571,0.325514,0,0,0,0,0,0,1461599175573,4629
5.8295232606,13.2477272343,8.86923014445,-0.984541,0.212309,0.316900,0,0,0,0,0,0,1461599175583,4639
7.05668550795,14.0472356427,7.9012354005,-1.748439,0.937769,0.312184,0,0,0,0,0,0,1461599175593,4649
8.2871427561,13.8316092213,6.09423146475,-2.274377,1.363192,0.389997,0,0,0,0,0,0,1461599175603,4659
8.36540883165,13.1142600888,4.1438753811,-2.603801,1.553340,0.517197,0,0,0,0,0,0,1461599175613,4669
7.55991842775,12.914637957,3.05826087645,-2.962600,1.698267,0.556840,0,0,0,0,0,0,1461599175623,4679
6.23234691495,12.4575056287,3.00977729325,-3.351363,1.915888,0.488712,0,0,0,0,0,0,1461599175633,4689
4.6270440996,11.9894389972,2.6983899111,-3.617262,2.184021,0.395472,0,0,0,0,0,0,1461599175643,4699
3.4986436173,12.0862590654,1.7854589454,-3.653122,2.533762,0.355342,0,0,0,0,0,0,1461599175653,4709
3.4468650333,12.2809288894,-0.2410646121,-3.398033,2.943989,0.413424,0,0,0,0,0,0,1461599175663,4719
4.1132004927,12.452268931,-2.911172433,-2.972366,3.236364,0.569106,0,0,0,0,0,0,1461599175673,4729
4.5357647322,12.6041429709,-4.45885196055,-2.588243,3.254998,0.800402,0,0,0,0,0,0,1461599175683,4739
4.73104256235,12.9213750569,-4.5200546391,-2.289135,3.109147,1.049026,0,0,0,0,0,0,1461599175693,4749
4.8676576104,13.2240836422,-4.20207725535,-2.081266,2.889843,1.251934,0,0,0,0,0,0,1461599175703,4759
4.78880314185,13.4488399617,-3.8514832863,-1.927196,2.670952,1.343408,0,0,0,0,0,0,1461599175713,4769
4.5959181099,13.8408862176,-3.5778020889,-1.814238,2.430074,1.319934,0,0,0,0,0,0,1461599175723,4779
3.76244961885,15.103067655,-0.81626780235,-1.729130,1.492755,1.022715,0,0,0,0,0,0,1461599175743,4799
3.3398755728,16.2859435225,2.9418473214,-1.688876,0.683985,0.833659,0,0,0,0,0,0,1461599175753,4809
2.729358996,16.2151598446,3.7892313069,-1.683435,-0.016395,0.617139,0,0,0,0,0,0,1461599175763,4819
2.1677771037,15.123573151,3.1651032387,-1.820526,-0.407763,0.420722,0,0,0,0,0,0,1461599175773,4829
1.7248544664,13.4973235449,2.1287274216,-2.045480,-0.533076,0.356503,0,0,0,0,0,0,1461599175783,4839
1.46657935905,11.8528239492,0.9750260403,-2.182191,-0.403350,0.443096,0,0,0,0,0,0,1461599175793,4849
0.9678476457,10.5069926403,0.23432751225,-2.150880,0.024999,0.562977,0,0,0,0,0,0,1461599175803,4859
0.49080802095,9.398793651,-0.2766820017,-2.025573,0.452174,0.705476,0,0,0,0,0,0,1461599175813,4869
0.3347367777,8.2920852573,-0.77661011415,-1.870202,0.707882,0.829066,0,0,0,0,0,0,1461599175823,4879
0.1690845351,7.40593597965,-0.9778699398,-1.587770,1.031884,0.888238,0,0,0,0,0,0,1461599175833,4889
0.22669801635,6.6128704746,-1.0990788978,-1.204684,1.449004,0.921823,0,0,0,0,0,0,1461599175843,4899
0.4566910335,5.81845166565,-1.2810296265,-0.845380,1.806589,0.949732,0,0,0,0,0,0,1461599175853,4909
0.75999781845,5.1985109943,-1.6040966097,-0.568041,1.997299,0.959749,0,0,0,0,0,0,1461599175863,4919
0.91501976085,4.77878084775,-2.0802438384,-0.359175,1.953964,0.935146,0,0,0,0,0,0,1461599175873,4929
1.0284521247,4.30951781715,-2.4015064164,-0.175639,1.773249,0.876447,0,0,0,0,0,0,1461599175883,4939
1.07349360885,3.81946490055,-2.53947476835,-0.000798,1.574347,0.799536,0,0,0,0,0,0,1461599175893,4949
1.13603978475,3.38491705695,-2.38610032635,0.148771,1.452059,0.717164,0,0,0,0,0,0,1461599175903,4959
1.11942748905,3.0055898964,-2.0736538368,0.204675,1.414852,0.595900,0,0,0,0,0,0,1461599175913,4969
0.7231938363,2.8767514425,-1.85458531635,0.224422,1.458122,0.410688,0,0,0,0,0,0,1461599175923,4979
0.25093980795,2.96309811525,-1.9647226794,0.287129,1.590341,0.188628,0,0,0,0,0,0,1461599175933,4989
0.0109244967,3.03760828215,-2.1777993978,0.386147,1.720394,-0.024176,0,0,0,0,0,0,1461599175943,4999
-0.2696408988,2.99691109965,-2.3991136182,0.513567,1.734675,-0.203135,0,0,0,0,0,0,1461599175953,5009
-0.41239484715,2.8646305467,-2.54994816375,0.688758,1.650294,-0.328009,0,0,0,0,0,0,1461599175963,5019
-0.58238158485,2.73803779275,-2.51478187545,0.925855,1.524622,-0.401583,0,0,0,0,0,0,1461599175973,5029
-0.84080379045,2.6774431203,-2.442811605,1.200219,1.352293,-0.440745,0,0,0,0,0,0,1461599175983,5039
-1.07782810395,2.9596560162,-1.9882191732,1.446753,1.148259,-0.462908,0,0,0,0,0,0,1461599175993,5049
-1.26921273375,3.5599933941,-1.0589701083,1.634677,0.955093,-0.477000,0,0,0,0,0,0,1461599176003,5059
-1.58869051965,4.6242002001,0.4493557341,1.766980,0.737605,-0.494030,0,0,0,0,0,0,1461599176013,5069
-2.28150366405,6.61107587595,4.4845941543,2.107569,0.295412,-0.465940,0,0,0,0,0,0,1461599176023,5079
-2.53543446975,9.9087538641,13.4849084526,2.690555,-0.380089,-0.392041,0,0,0,0,0,0,1461599176033,5089
0.968298747,15.0052080925,24.0661170633,1.985646,-0.508950,-0.113202,0,0,0,0,0,0,1461599176043,5099
7.2070689522,20.901768929,33.5077064985,-0.107655,1.348032,0.495684,0,0,0,0,0,0,1461599176053,5109
9.44383513515,24.2456848003,29.3958593097,-0.370286,2.933194,0.735466,0,0,0,0,0,0,1461599176063,5119
8.6889171096,19.5632729195,16.1419931751,-0.121069,2.850188,0.976583,0,0,0,0,0,0,1461599176073,5129
7.2111092508,13.7003779692,6.9184229595,0.053896,1.532323,1.186607,0,0,0,0,0,0,1461599176083,5139
5.5302469677,9.89348506575,2.0717121399,0.220071,0.135111,1.158303,0,0,0,0,0,0,1461599176093,5149
3.3374827746,7.63533079725,0.55021610085,0.367958,-0.712212,0.976477,0,0,0,0,0,0,1461599176103,5159
1.09369510185,7.1454249789,0.4733033292,0.433614,-0.817551,0.704222,0,0,0,0,0,0,1461599176113,5169
-0.76733311785,9.0027070965,1.0227643257,0.479590,-0.480088,0.324353,0,0,0,0,0,0,1461599176123,5179
-1.82106652845,10.8294614239,1.24257814395,0.615691,-0.067141,-0.023625,0,0,0,0,0,0,1461599176133,5189
-1.9695082758,11.7386462875,0.33817887675,0.919991,0.315917,-0.171917,0,0,0,0,0,0,1461599176143,5199
-1.27250773455,12.9501082483,1.44233756745,1.451704,0.708877,-0.036472,0,0,0,0,0,0,1461599176153,5209
2.05689444285,15.7228612281,6.5736638877,2.046195,0.741904,0.211245,0,0,0,0,0,0,1461599176163,5219
8.3042061531,17.7055397005,9.2335925097,1.214329,0.149872,0.513513,0,0,0,0,0,0,1461599176173,5229
9.93269165265,16.5026192448,5.24833807485,-0.493437,-1.297733,0.552213,0,0,0,0,0,0,1461599176183,5239
3.86869378155,13.4834080504,-8.2965766572,-1.327182,-2.226073,0.241763,0,0,0,0,0,0,1461599176193,5249
-0.06643937625,10.1248215802,-11.3837178234,-1.113657,-2.552911,-0.154272,0,0,0,0,0,0,1461599176203,5259
-1.6012527102,8.0571595455,-9.21757841355,-0.597368,-2.520907,-0.518697,0,0,0,0,0,0,1461599176213,5269
-2.4532850004,7.05474381105,-5.929628523,-0.236633,-2.293079,-0.782961,0,0,0,0,0,0,1461599176223,5279
-2.7556993893,6.3915562542,-3.53919370155,-0.070817,-2.110402,-0.898873,0,0,0,0,0,0,1461599176233,5289
-2.27911086585,6.29353978695,-2.08756933125,-0.017195,-2.075284,-0.874501,0,0,0,0,0,0,1461599176243,5299
-1.75298945835,6.8696451798,-1.30990991625,-0.013519,-2.043852,-0.792177,0,0,0,0,0,0,1461599176253,5309
-1.3401435099,7.7493515541,-1.0736407071,-0.027869,-1.983686,-0.714757,0,0,0,0,0,0,1461599176263,5319
-0.9928347351,8.94479941875,-1.1770409703,-0.043620,-1.775610,-0.628488,0,0,0,0,0,0,1461599176273,5329
-0.4183866492,9.84710008425,-1.0299427203,-0.020091,-1.405802,-0.517610,0,0,0,0,0,0,1461599176283,5339
0.1990141257,10.4881444512,-0.82270089915,0.102125,-0.917257,-0.420341,0,0,0,0,0,0,1461599176293,5349
0.7900745073,11.1597068017,-0.61186007415,0.394013,-0.396533,-0.363683,0,0,0,0,0,0,1461599176303,5359
1.5158180466,11.7560136876,-0.37618906455,0.843672,0.125530,-0.352083,0,0,0,0,0,0,1461599176313,5369
2.00362526325,12.0817676655,-0.2374754148,1.354847,0.609815,-0.391460,0,0,0,0,0,0,1461599176323,5379
2.46929909655,12.0642629737,-0.2531855079,1.827870,0.950401,-0.461684,0,0,0,0,0,0,1461599176333,5389
2.8938148395,11.7521204873,-0.4308017415,2.269779,1.053686,-0.560489,0,0,0,0,0,0,1461599176343,5399
3.3382280724,11.1275413177,-0.3275583831,2.711231,0.852620,-0.681306,0,0,0,0,0,0,1461599176353,5409
3.69466674525,10.1490633718,-0.468360828,3.044517,0.300201,-0.749031,0,0,0,0,0,0,1461599176363,5419
3.9637094445,9.2280616155,-1.02365672175,3.173092,-0.521060,-0.718360,0,0,0,0,0,0,1461599176373,5429
4.32373731465,7.99744746255,-1.3723089939,3.070045,-1.421908,-0.607538,0,0,0,0,0,0,1461599176383,5439
4.4320702725,7.6278483996,-1.10371739595,2.749923,-2.245021,-0.426967,0,0,0,0,0,0,1461599176393,5449
4.4420925666,7.2814418274,-0.51654040815,2.320929,-2.859233,-0.230716,0,0,0,0,0,0,1461599176403,5459
4.3455765015,7.09379349315,0.20859512505,1.848266,-3.206546,-0.061442,0,0,0,0,0,0,1461599176413,5469
4.1434242798,7.0266088191,0.6557051592,1.378855,-3.287164,0.071918,0,0,0,0,0,0,1461599176423,5479
3.7489852257,7.14153177855,0.92878815705,0.972087,-3.181016,0.171300,0,0,0,0,0,0,1461599176433,5489
3.3874569534,7.38977478525,1.06376551125,0.674334,-3.004238,0.227760,0,0,0,0,0,0,1461599176443,5499
3.1258966518,7.67618488455,1.04236761915,0.499188,-2.809052,0.232167,0,0,0,0,0,0,1461599176453,5509
3.0980656629,8.0332119504,0.8613092865,0.444665,-2.581470,0.205984,0,0,0,0,0,0,1461599176463,5519
3.12574955355,8.27397255945,0.53838940155,0.485077,-2.344754,0.157744,0,0,0,0,0,0,1461599176473,5529
3.1905414294,8.39563261875,0.26664990105,0.608379,-2.166912,0.091182,0,0,0,0,0,0,1461599176483,5539
3.15044244645,8.29866545235,0.48437492415,0.798375,-2.087252,0.006074,0,0,0,0,0,0,1461599176493,5549
2.9999020974,8.22803867925,1.2039697566,1.026362,-2.088624,-0.090777,0,0,0,0,0,0,1461599176503,5559
2.68237581495,8.17790759565,2.09206073115,1.242754,-2.062281,-0.184071,0,0,0,0,0,0,1461599176513,5569
2.4790173876,8.1939216918,2.9280789252,1.406667,-1.854925,-0.270961,0,0,0,0,0,0,1461599176523,5579
2.457325299,8.24090487285,3.3677065617,1.485376,-1.371959,-0.373729,0,0,0,0,0,0,1461599176533,5589
2.6696567196,8.27697336375,2.96384341305,1.442339,-0.675962,-0.483046,0,0,0,0,0,0,1461599176543,5599
2.876457246,8.24061067635,1.99793746425,1.287332,0.005749,-0.554219,0,0,0,0,0,0,1461599176553,5609
3.02997878625,8.36360442645,1.05717550965,1.105939,0.461525,-0.551596,0,0,0,0,0,0,1461599176563,5619
3.1444506444,8.71854269715,0.55619809635,0.991577,0.605836,-0.498100,0,0,0,0,0,0,1461599176573,5629
3.38132785965,9.3612345645,0.52177710585,0.974915,0.421215,-0.443188,0,0,0,0,0,0,1461599176583,5639
4.15255417785,9.98162633715,0.1771651323,0.963254,-0.020101,-0.436535,0,0,0,0,0,0,1461599176593,5649
5.1718764045,10.5167207379,-0.67440625005,0.846964,-0.447484,-0.457618,0,0,0,0,0,0,1461599176603,5659
5.8380549591,11.0910217256,-1.0860557994,0.659368,-0.635109,-0.446007,0,0,0,0,0,0,1461599176613,5669
6.34726006785,11.6828372115,-1.1002752969,0.497453,-0.624610,-0.383751,0,0,0,0,0,0,1461599176623,5679
7.0412794179,12.2903627906,-0.6666296559,0.433673,-0.650330,-0.289648,0,0,0,0,0,0,1461599176633,5689
7.82357733105,12.8917494693,0.44426613465,0.517241,-0.902886,-0.175492,0,0,0,0,0,0,1461599176643,5699
8.1463403112,13.1372956747,1.9716068775,0.668516,-1.287471,-0.053562,0,0,0,0,0,0,1461599176653,5709
7.70356477215,12.7820632075,3.89248447185,0.694656,-1.503643,0.067827,0,0,0,0,0,0,1461599176663,5719
6.80769720345,12.1797743262,6.5401450998,0.444081,-1.329764,0.183532,0,0,0,0,0,0,1461599176673,5729
6.2259040116,12.2668662967,8.8241886603,-0.180604,-0.603840,0.299105,0,0,0,0,0,0,1461599176683,5739
6.6414467613,13.2525226372,8.80129036605,-1.027959,0.450126,0.386631,0,0,0,0,0,0,1461599176693,5749
7.6811175792,14.062200438,6.73018623225,-1.759140,1.260068,0.458085,0,0,0,0,0,0,1461599176703,5759
8.3728912293,13.9787074713,4.4196551802,-2.213971,1.574903,0.568354,0,0,0,0,0,0,1461599176713,5769
8.32335834525,13.7596389509,2.44790120445,-2.541746,1.680860,0.673441,0,0,0,0,0,0,1461599176723,5779
7.33336750965,13.4012585811,1.74371246205,-2.876234,1.781001,0.707126,0,0,0,0,0,0,1461599176733,5789
5.56840425375,12.8642126769,2.2198498842,-3.220519,1.902966,0.666497,0,0,0,0,0,0,1461599176743,5799
3.71441713695,12.8646637782,2.74223499615,-3.551254,2.187581,0.619803,0,0,0,0,0,0,1461599176753,5809
2.55489066495,13.1811407598,1.87614011325,-3.651530,2.686376,0.574161,0,0,0,0,0,0,1461599176763,5819
2.8800464433,13.312676015,-1.104609792,-3.443392,3.139984,0.581898,0,0,0,0,0,0,1461599176773,5829
3.76574461965,13.4917828442,-4.04152441875,-3.106420,3.275451,0.624987,0,0,0,0,0,0,1461599176783,5839
4.16946067005,13.7552946492,-4.66684888605,-2.780035,3.157139,0.722291,0,0,0,0,0,0,1461599176793,5849
4.3343578083,13.9830419664,-4.10646339285,-2.511425,2.965971,0.869512,0,0,0,0,0,0,1461599176803,5859
4.11050369145,14.0623475362,-3.6244812669,-2.282377,2.777941,0.993660,0,0,0,0,0,0,1461599176813,5869
3.58408808745,14.1275905134,-3.322066878,-2.094105,2.600168,1.048983,0,0,0,0,0,0,1461599176823,5879
3.0289294854,14.2253029776,-3.2019170274,-1.928587,2.401804,1.042499,0,0,0,0,0,0,1461599176833,5889
2.43562340385,14.2836617566,-2.92253822445,-1.811516,2.175396,0.962638,0,0,0,0,0,0,1461599176843,5899
1.6207089054,14.5001805741,-1.58614081665,-1.729643,2.020828,0.801688,0,0,0,0,0,0,1461599176853,5909
0.7115240418,15.8365877885,2.6301559362,-1.623705,2.048630,0.571885,0,0,0,0,0,0,1461599176863,5919
0.468360828,14.6945660082,2.824678662,-1.519138,1.721918,0.149090,0,0,0,0,0,0,1461599176883,5939
0.563680494,12.6663949503,0.9633562458,-1.696005,1.146655,0.098384,0,0,0,0,0,0,1461599176893,5949
0.61590037275,10.7104981659,-0.43902943695,-1.967957,0.442829,0.174134,0,0,0,0,0,0,1461599176903,5959
0.69700054125,9.13079044605,-0.916520163,-2.135627,0.029903,0.365720,0,0,0,0,0,0,1461599176913,5969
0.2519891088,8.3082464517,-1.1459149806,-2.141170,-0.137067,0.512356,0,0,0,0,0,0,1461599176923,5979
0.1117750569,7.5135236397,-1.46344126305,-2.020582,-0.218620,0.608597,0,0,0,0,0,0,1461599176933,5989
0.04549258545,6.779856408,-1.7296400628,-1.781023,-0.170938,0.680493,0,0,0,0,0,0,1461599176943,5999
0.1517269416,5.2508779713,-2.1991972899,-1.081407,0.347664,0.755962,0,0,0,0,0,0,1461599176963,6019
0.2992762929,4.48354485345,-2.26848056565,-0.744767,0.611006,0.832216,0,0,0,0,0,0,1461599176973,6029
0.47703962475,3.74958342525,-2.26159636755,-0.466036,0.808627,0.915824,0,0,0,0,0,0,1461599176983,6039
0.64463356425,2.8053793716,-2.0607876432,-0.223360,0.858257,0.964263,0,0,0,0,0,0,1461599177003,6059
0.8289868977,2.62506633675,-1.7526854553,-0.236704,0.809866,0.886128,0,0,0,0,0,0,1461599177013,6069
0.8095307025,2.7181403028,-1.7281494672,-0.137984,0.822331,0.738310,0,0,0,0,0,0,1461599177023,6079
0.79590940455,2.78936527545,-1.6723305846,0.070025,0.950208,0.562904,0,0,0,0,0,0,1461599177033,6089
0.6281683668,2.76841848465,-1.714381071,0.327351,1.134243,0.377999,0,0,0,0,0,0,1461599177043,6099
0.4308017415,2.61294544095,-1.86027311535,0.593257,1.313058,0.210023,0,0,0,0,0,0,1461599177053,6109
0.1776162336,2.5105944786,-2.03639875335,0.875053,1.437833,0.076576,0,0,0,0,0,0,1461599177063,6119
-0.023339589,2.5756903575,-2.06587724265,1.184357,1.496717,-0.038540,0,0,0,0,0,0,1461599177073,6129
-0.28759669185,3.0257913894,-1.95349417965,1.523296,1.485471,-0.132186,0,0,0,0,0,0,1461599177083,6139
-0.6367000653,3.8850020742,-1.6732327872,1.846864,1.376474,-0.218081,0,0,0,0,0,0,1461599177093,6149
-0.76374392055,5.157656907,-0.87791177565,2.130644,1.214320,-0.316914,0,0,0,0,0,0,1461599177103,6159
-0.5397328989,6.89762326695,0.84484408905,2.423812,1.003239,-0.412020,0,0,0,0,0,0,1461599177113,6169
-0.2498905071,9.2760940974,4.90836459945,2.868372,0.487925,-0.451593,0,0,0,0,0,0,1461599177123,6179
0.3501526743,12.8356363902,13.6924542768,2.877949,-0.275092,-0.357529,0,0,0,0,0,0,1461599177133,6189
4.46169586005,18.043267476,27.1638885297,0.840687,-0.481321,0.153869,0,0,0,0,0,0,1461599177143,6199
8.39757431565,24.0810818586,35.2446818607,-1.051970,1.021136,0.650067,0,0,0,0,0,0,1461599177153,6209
7.543002129,21.6945402375,24.9308684488,-0.678666,2.674910,0.781571,0,0,0,0,0,0,1461599177163,6219
6.3879670569,15.932505654,12.957590646,-0.162360,2.446312,1.000890,0,0,0,0,0,0,1461599177173,6229
4.85374211595,11.7868356742,4.35486330435,0.074254,0.706364,1.112662,0,0,0,0,0,0,1461599177183,6239
2.36454552945,8.8346620557,0.1053419601,0.215424,-1.196371,1.031914,0,0,0,0,0,0,1461599177193,6249
-1.31979491865,8.4608755959,0.9229532598,0.305756,-2.153749,0.461618,0,0,0,0,0,0,1461599177213,6269
-1.7766330504,10.4571655598,1.0696004085,0.315052,-1.359590,-0.023455,0,0,0,0,0,0,1461599177223,6279
-1.0686982059,11.3326845372,-0.12988775475,0.972068,0.156332,-0.306023,0,0,0,0,0,0,1461599177243,6299
1.3941579873,13.1931145574,3.192032025,1.710320,0.314922,-0.285397,0,0,0,0,0,0,1461599177253,6309
5.92379362575,15.3041803824,2.18543870025,1.817980,-0.519036,-0.400670,0,0,0,0,0,0,1461599177263,6319
6.58308798225,14.5966966392,-0.71735893905,0.595547,-1.423818,-0.259897,0,0,0,0,0,0,1461599177273,6329
4.15614337515,13.8389445207,-2.92673542785,-0.701620,-2.111384,-0.116452,0,0,0,0,0,0,1461599177283,6339
0.838263894,12.4043835474,-6.42357463995,-1.176518,-2.277502,-0.188466,0,0,0,0,0,0,1461599177293,6349
-0.23791670955,10.8795925075,-5.492844786,-1.017925,-1.959379,-0.403236,0,0,0,0,0,0,1461599177303,6359
-1.0214110218,9.40627604865,-3.73730562465,-0.652913,-1.574599,-0.582948,0,0,0,0,0,0,1461599177313,6369
-1.34058480465,8.2148684826,-2.25157407345,-0.351216,-1.377975,-0.627441,0,0,0,0,0,0,1461599177323,6379
-0.9479403492,7.64550999615,-1.9065109986,-0.135045,-1.503882,-0.595325,0,0,0,0,0,0,1461599177333,6389
-0.4695572271,7.8280589244,-2.2226937837,-0.007322,-1.834752,-0.555819,0,0,0,0,0,0,1461599177343,6399
-0.0592511751,8.43468230085,-2.54067116745,0.083070,-2.119080,-0.566713,0,0,0,0,0,0,1461599177353,6409
0.20125982565,9.17089923555,-2.4633072945,0.148231,-2.301413,-0.603081,0,0,0,0,0,0,1461599177363,6419
0.46162372815,9.85967208135,-2.31980804835,0.164958,-2.365361,-0.614479,0,0,0,0,0,0,1461599177373,6429
0.8354199945,10.1412867777,-2.312776752,0.146272,-2.282106,-0.581569,0,0,0,0,0,0,1461599177383,6439
1.246020243,9.9882065322,-2.1249813195,0.289280,-1.903237,-0.492962,0,0,0,0,0,0,1461599177393,6449
1.43680667325,9.81028629555,-1.47840605835,0.664495,-1.190851,-0.373432,0,0,0,0,0,0,1461599177403,6459
1.52973354105,9.7827593097,-1.1240659872,1.139375,-0.359894,-0.289902,0,0,0,0,0,0,1461599177413,6469
1.82840182785,9.97474213905,-1.15459377735,1.580308,0.337779,-0.265934,0,0,0,0,0,0,1461599177423,6479
2.1806432973,10.0896650985,-1.2077158587,1.954077,0.837700,-0.258142,0,0,0,0,0,0,1461599177433,6489
2.7226317027,9.8476982838,-1.0384744188,2.385878,1.033780,-0.325088,0,0,0,0,0,0,1461599177443,6499
3.71157323745,9.5476766931,-0.64628106465,2.944952,0.663190,-0.454901,0,0,0,0,0,0,1461599177453,6509
4.7635120494,9.3483683709,-0.4928968161,3.441885,0.007797,-0.576166,0,0,0,0,0,0,1461599177463,6519
5.59519574835,8.74682478735,-0.0242417916,3.711058,-0.368663,-0.605455,0,0,0,0,0,0,1461599177473,6529
5.67509951775,8.3113845477,0.5365948029,3.786378,-0.304500,-0.526635,0,0,0,0,0,0,1461599177483,6539
5.56152005565,8.1381028092,1.003013934,3.761354,-0.071547,-0.385668,0,0,0,0,0,0,1461599177493,6549
5.31686624625,8.0381544516,1.5556130265,3.672609,0.027380,-0.272005,0,0,0,0,0,0,1461599177503,6559
4.7078500716,8.0203457568,2.0992489323,3.411416,-0.216890,-0.181404,0,0,0,0,0,0,1461599177513,6569
3.79761590715,8.36046633045,2.20114879335,2.931989,-0.562719,-0.103708,0,0,0,0,0,0,1461599177523,6579
3.0008043,8.7475798917,1.85623281675,2.330846,-0.735545,0.021415,0,0,0,0,0,0,1461599177533,6589
2.7221806014,8.8315239597,1.4103191817,1.775203,-0.579496,0.195029,0,0,0,0,0,0,1461599177543,6599
2.60576704635,8.36017213395,0.8692329789,1.346079,-0.284600,0.352848,0,0,0,0,0,0,1461599177553,6609
2.4464008023,7.8104071344,0.3654116661,1.084217,0.002964,0.447328,0,0,0,0,0,0,1461599177563,6619
2.3130709485,7.0589312079,0.05865297555,1.006426,0.258411,0.440790,0,0,0,0,0,0,1461599177573,6629
2.53588557105,6.53999800155,0.02678168805,1.096798,0.490406,0.348375,0,0,0,0,0,0,1461599177583,6639
3.06035947815,5.9086817322,0.0019416969,1.320435,0.701737,0.247147,0,0,0,0,0,0,1461599177593,6649
3.6285215655,5.43568240605,-0.0016475004,1.587537,0.809077,0.196795,0,0,0,0,0,0,1461599177603,6659
4.0525960137,4.967017575,-0.5059199145,1.833164,0.813954,0.235201,0,0,0,0,0,0,1461599177613,6669
4.4539192659,4.70725187205,-0.76613671875,2.025238,0.745875,0.311762,0,0,0,0,0,0,1461599177623,6679
4.93739198745,5.61898643865,-1.28731562505,2.030882,0.407213,0.254207,0,0,0,0,0,0,1461599177633,6689
5.35322893365,7.17101026785,-2.24139487455,1.959420,-0.015017,0.228519,0,0,0,0,0,0,1461599177643,6699
5.4838619862,7.7029665726,-2.03998795065,1.935967,-0.302609,0.308111,0,0,0,0,0,0,1461599177653,6709
5.5734938532,8.62008493515,-1.65392369025,1.929920,-0.505290,0.370224,0,0,0,0,0,0,1461599177663,6719
5.9308249221,9.92670965715,-1.5424526364,1.916497,-0.652947,0.390282,0,0,0,0,0,0,1461599177673,6729
6.10919626005,10.8953026007,-1.1566825725,1.713804,-0.856629,0.381625,0,0,0,0,0,0,1461599177683,6739
5.4531870978,12.6710334485,1.05209571675,0.887325,-1.108006,0.290563,0,0,0,0,0,0,1461599177693,6749
4.42698067305,14.5784466496,5.1151553193,0.178988,-0.939900,0.158680,0,0,0,0,0,0,1461599177703,6759
5.1289237155,15.5853439774,3.5607386919,-0.056761,-0.518638,0.220072,0,0,0,0,0,0,1461599177713,6769
5.59998134475,14.9459471109,1.49097805545,-0.055450,-0.197975,0.438329,0,0,0,0,0,0,1461599177723,6779
4.0195283271,14.5470166569,0.4873659219,-0.085170,-0.117626,0.652488,0,0,0,0,0,0,1461599177733,6789
2.66546932275,14.9221564206,1.47750385575,-0.364354,-0.240316,0.634593,0,0,0,0,0,0,1461599177743,6799
1.2897182298,15.571732486,3.07920766725,-1.032187,-0.473835,0.430411,0,0,0,0,0,0,1461599177753,6809
0.5551487955,16.4430640666,3.99019693605,-1.933970,-0.755613,0.223554,0,0,0,0,0,0,1461599177763,6819
1.31365601835,15.9913057278,5.6400803277,-3.316856,-1.341270,0.158739,0,0,0,0,0,0,1461599177783,6839
3.10060555935,14.6390511286,6.1362721446,-3.794297,-1.676842,0.185352,0,0,0,0,0,0,1461599177793,6849
4.1381875821,13.9073255938,5.59758854655,-4.160532,-1.722524,0.191313,0,0,0,0,0,0,1461599177803,6859
4.5664396206,13.7312097624,4.8298043274,-4.394375,-1.270045,0.158126,0,0,0,0,0,0,1461599177813,6869
4.99321087005,14.2493976709,3.56792689305,-4.470798,-0.439700,0.081257,0,0,0,0,0,0,1461599177823,6879
7.07255250585,14.8691912441,0.20500592775,-4.401326,0.360310,-0.306236,0,0,0,0,0,0,1461599177833,6889
6.88430597205,14.6353050266,-1.94227548645,-4.145546,1.038749,-0.662377,0,0,0,0,0,0,1461599177843,6899
7.36239489765,13.4464471635,-1.4649416652,-3.631032,1.890068,-0.834786,0,0,0,0,0,0,1461599177853,6909
7.95899598,12.5496773922,-1.17524637165,-3.047005,2.740393,-0.969442,0,0,0,0,0,0,1461599177863,6919
7.2592986375,13.2405488397,-2.52121497225,-2.698342,3.126537,-0.967819,0,0,0,0,0,0,1461599177873,6929
6.6002984775,14.5299630664,-3.14744164215,-2.571048,3.143585,-0.912283,0,0,0,0,0,0,1461599177883,6939
5.54296606305,15.4771581178,-4.107963795,-2.675570,2.832042,-0.794906,0,0,0,0,0,0,1461599177893,6949
4.09508779485,16.0698659998,-4.65967049145,-2.899574,2.260633,-0.626686,0,0,0,0,0,0,1461599177903,6959
2.7999857691,15.5462942953,-5.11995072225,-3.137285,1.515747,-0.479143,0,0,0,0,0,0,1461599177913,6969
1.66290649005,14.9211071197,-4.7461544559,-3.289021,0.749728,-0.424202,0,0,0,0,0,0,1461599177923,6979
1.0493989155,14.8453907472,-3.2497926045,-3.250326,0.266619,-0.586767,0,0,0,0,0,0,1461599177933,6989
0.927895761,9.0015106974,-2.20922939055,-3.140206,0.033792,-0.528078,0,0,0,0,0,0,1461599177943,6999
1.36363019715,5.8048303677,-4.677920481,-3.485920,-0.524875,-0.118882,0,0,0,0,0,0,1461599177953,7009
0.91786366035,13.6759890793,-2.2678823661,-3.803660,-0.924691,-0.379882,0,0,0,0,0,0,1461599177963,7019
0.3718447629,14.1793690974,0.0908282661,-3.650553,-0.362354,-0.654147,0,0,0,0,0,0,1461599177973,7029
0.93358356,12.5360659008,1.2508058394,-3.171432,1.059769,-0.743135,0,0,0,0,0,0,1461599177983,7039
1.7927942448,9.89034696975,1.45610596365,-2.687504,2.456493,-0.666143,0,0,0,0,0,0,1461599177993,7049
2.22329198325,7.8494568165,0.75999781845,-2.405161,3.373500,-0.527914,0,0,0,0,0,0,1461599178003,7059
2.23511868255,5.93920952235,0.37454156415,-2.283612,3.729024,-0.440403,0,0,0,0,0,0,1461599178013,7069
1.4498199651,0.277721496,2.26983386955,-1.891085,3.607486,-0.614407,0,0,0,0,0,0,1461599178023,7079
0.70149194115,-3.95354005215,1.55905512555,-1.576725,3.416103,-0.771329,0,0,0,0,0,0,1461599178033,7089
1.92327039255,-2.0486667474,-0.61140897285,-1.284942,2.908136,-0.593154,0,0,0,0,0,0,1461599178043,7099
2.2412477763,1.27519472925,0.41973014655,-1.050208,2.620548,-0.262159,0,0,0,0,0,0,1461599178053,7109
2.54545676385,3.6834382455,-0.80175410835,-0.840733,2.096585,0.170236,0,0,0,0,0,0,1461599178063,7119
2.0405861502,5.0979546306,-1.40568068355,-0.728383,1.653026,0.504043,0,0,0,0,0,0,1461599178073,7129
1.2053230605,5.5670607564,-2.6083069428,-0.658376,1.177695,0.692979,0,0,0,0,0,0,1461599178083,7139
0.5083127127,6.07791336555,-3.7856421096,-0.518135,0.563832,0.727610,0,0,0,0,0,0,1461599178093,7149
-0.0831987702,7.34743010235,-3.11915955195,-0.254485,0.223964,0.608115,0,0,0,0,0,0,1461599178103,7159
-0.1812054309,7.9266735912,-2.55069346155,0.088830,0.090749,0.417378,0,0,0,0,0,0,1461599178113,7169
0.01885799565,7.98173736945,-2.33267424195,0.461368,0.057317,0.211329,0,0,0,0,0,0,1461599178123,7179
-1.15129877655,6.82774179165,-2.10612332385,0.878307,-0.169981,0.129914,0,0,0,0,0,0,1461599178133,7189
-3.55296209775,5.0554530429,-0.7065815406,1.440882,-0.678176,0.239652,0,0,0,0,0,0,1461599178143,7199
-3.15926834145,5.91481082595,2.2473866766,2.048457,-0.758395,0.423322,0,0,0,0,0,0,1461599178153,7209
-0.86579087985,8.51548827285,4.84087592235,2.480433,-0.019447,0.561788,0,0,0,0,0,0,1461599178163,7219
-0.0020986017,10.1221345856,4.617316002,2.764153,0.631500,0.825421,0,0,0,0,0,0,1461599178173,7229
0.2066436216,10.7579324483,5.26120426845,3.061402,1.117285,1.199305,0,0,0,0,0,0,1461599178183,7239
0.71839843335,10.8848292052,6.10635236055,3.398684,1.322737,1.506285,0,0,0,0,0,0,1461599178193,7249
1.35241150395,10.8996370957,7.7360342592,3.684891,1.048278,1.615276,0,0,0,0,0,0,1461599178203,7259
1.42154768145,10.4685411577,12.3936061489,2.686107,-0.412137,1.494214,0,0,0,0,0,0,1461599178213,7269
1.59347611605,12.7325303235,18.4543188258,0.264915,-1.545652,1.289463,0,0,0,0,0,0,1461599178223,7279
0.31303488255,13.3393106047,25.8738761034,-1.560694,-0.439686,1.403019,0,0,0,0,0,0,1461599178233,7289
1.0194693249,11.9502324103,25.9781687627,-1.740893,1.429193,1.639394,0,0,0,0,0,0,1461599178243,7299
2.7600338844,12.7232533272,14.3469532304,-1.234293,1.833677,1.887070,0,0,0,0,0,0,1461599178253,7309
2.88662663835,14.287554957,7.8950965002,-0.792222,1.523011,2.052983,0,0,0,0,0,0,1461599178263,7319
3.6173028723,15.9955029312,4.07010070545,-0.757741,0.770235,1.956154,0,0,0,0,0,0,1461599178273,7329
3.43175313975,16.0335033124,2.30439215175,-1.003579,-0.127495,1.850825,0,0,0,0,0,0,1461599178283,7339
1.90232360175,13.9094241955,1.30108402125,-1.099682,-0.879714,1.924594,0,0,0,0,0,0,1461599178293,7349
0.32037018195,13.3858426845,1.32771861105,-0.875563,-1.264893,1.847653,0,0,0,0,0,0,1461599178303,7359
-0.7638910188,13.421156071,1.7441537568,-0.545765,-1.472119,1.565755,0,0,0,0,0,0,1461599178313,7369
-1.5161122431,12.3289613713,1.6858047843,-0.365515,-1.505347,1.310225,0,0,0,0,0,0,1461599178323,7379
-1.13035198575,12.2079093181,1.9594859817,-0.358122,-1.052248,1.020226,0,0,0,0,0,0,1461599178333,7389
-0.43873524045,13.4955289462,1.72141236735,-0.595262,-0.255285,0.821883,0,0,0,0,0,0,1461599178343,7399
0.1373701524,12.36802086,1.5006963465,-0.716451,0.523623,0.820594,0,0,0,0,0,0,1461599178353,7409
0.86339808165,12.3325603752,1.30512431985,-0.621095,1.036171,0.843717,0,0,0,0,0,0,1461599178363,7419
1.7740833474,12.8399708853,0.96081634935,-0.488543,1.252189,0.911716,0,0,0,0,0,0,1461599178373,7429
2.350630035,12.9430671454,0.2790747999,-0.453532,1.060849,1.087613,0,0,0,0,0,0,1461599178383,7439
2.622075339,12.3368948703,-0.68099625165,-0.528900,0.543329,1.266765,0,0,0,0,0,0,1461599178393,7449
2.500866381,12.0741381696,-1.69807277835,-0.630771,-0.268709,1.302726,0,0,0,0,0,0,1461599178403,7459
2.08233263355,11.943201114,-2.70661760655,-0.683752,-1.262455,1.235323,0,0,0,0,0,0,1461599178413,7469
1.60036031415,11.8436940511,-3.36830476125,-0.680537,-2.283386,1.108562,0,0,0,0,0,0,1461599178423,7479
1.5852484206,11.6853771079,-3.69631424565,-0.373609,-3.755915,0.871574,0,0,0,0,0,0,1461599178443,7499
2.0619840423,12.830693889,-2.50026818145,-0.000352,-3.935503,0.751551,0,0,0,0,0,0,1461599178453,7509
2.5831629486,12.8399708853,-1.2916599267,0.476770,-3.891380,0.722229,0,0,0,0,0,0,1461599178463,7519
3.5186882055,12.2258651112,-0.18629503035,0.819435,-3.733136,0.828360,0,0,0,0,0,0,1461599178473,7529
4.4449364661,11.8176576609,1.69972027875,0.821434,-3.357276,0.885128,0,0,0,0,0,0,1461599178483,7539
6.4766967213,10.697180871,4.98662086845,0.753804,-3.403144,0.839462,0,0,0,0,0,0,1461599178503,7559
7.1704120683,9.65422485885,4.33779990735,0.698115,-2.891196,0.718951,0,0,0,0,0,0,1461599178513,7569
5.5582348614,8.7644863839,2.9297264256,0.832031,-3.029667,0.745272,0,0,0,0,0,0,1461599178523,7579
4.39675688595,8.3122867503,1.90426529865,0.956443,-3.498693,0.652432,0,0,0,0,0,0,1461599178533,7589
4.9320081915,6.72359623065,1.4764545549,0.980041,-3.897684,0.350100,0,0,0,0,0,0,1461599178543,7599
4.74077065995,5.8266793611,1.6114319091,0.995057,-3.987051,0.206326,0,0,0,0,0,0,1461599178553,7609
4.8507511182,4.64619629175,1.8560857185,1.106165,-3.954464,0.198201,0,0,0,0,0,0,1461599178563,7619
4.99425036435,3.7169570334,2.3349199419,1.264624,-3.841155,0.193613,0,0,0,0,0,0,1461599178573,7629
4.73763256395,2.9466329178,2.49189338775,1.408518,-3.363494,0.119004,0,0,0,0,0,0,1461599178593,7649
4.9439721825,2.54261286435,2.89276553865,1.447362,-3.237350,0.076143,0,0,0,0,0,0,1461599178603,7659
5.74647158865,2.09849382795,3.4848752211,1.290816,-3.300451,-0.034986,0,0,0,0,0,0,1461599178613,7669
6.51410870955,1.59182861565,3.8187097962,1.041867,-3.507827,-0.131732,0,0,0,0,0,0,1461599178623,7679
7.49796064485,1.16791107225,3.9096949671,0.719047,-3.896791,-0.071793,0,0,0,0,0,0,1461599178633,7689
8.5234217718,0.7450428297,3.80599070085,0.392982,-4.339580,0.044174,0,0,0,0,0,0,1461599178643,7699
9.4266246399,0.17701803405,3.38985955815,0.129279,-4.718408,0.204973,0,0,0,0,0,0,1461599178653,7709
10.0784365987,0.6949117461,3.414248448,-0.093081,-4.919860,0.348921,0,0,0,0,0,0,1461599178663,7719
10.7673663493,0.82958509725,3.27702539385,-0.318369,-4.841548,0.496555,0,0,0,0,0,0,1461599178673,7729
11.2879470561,0.38097466095,3.35738026455,-0.533746,-4.488712,0.663709,0,0,0,0,0,0,1461599178683,7739
11.8014964665,0.0246928929,3.17617483365,-0.716151,-3.939155,0.837736,0,0,0,0,0,0,1461599178693,7749
13.81575203,-1.01857692885,1.7752797465,-0.845345,-2.659059,1.450796,0,0,0,0,0,0,1461599178713,7769
14.9251474183,-1.66335759135,0.70119774465,-0.787273,-2.094952,1.968172,0,0,0,0,0,0,1461599178723,7779
16.3243950051,-2.23706037945,-1.73143466145,-0.348039,-1.332845,3.102213,0,0,0,0,0,0,1461599178743,7799
16.623671298,-1.95724028175,-2.29346765505,-0.018128,-1.170425,3.485592,0,0,0,0,0,0,1461599178753,7809
16.7382902544,-0.2415157134,-2.789963475,0.240776,-1.372294,3.620008,0,0,0,0,0,0,1461599178773,7829
16.4107416778,-0.2362790157,-2.8581974499,0.135426,-1.599042,3.696616,0,0,0,0,0,0,1461599178783,7839
16.3499901006,-0.32919607695,-3.07083287355,-0.071572,-1.705935,3.832776,0,0,0,0,0,0,1461599178793,7849
16.4396219676,-0.28775359665,-3.44956183455,-0.308622,-1.709882,4.072468,0,0,0,0,0,0,1461599178803,7859
16.6678105796,-0.11896325805,-3.9539813469,-0.482410,-1.687110,4.355554,0,0,0,0,0,0,1461599178813,7869
16.8861338022,0.16221014355,-4.53816733695,-0.559599,-1.730930,4.588155,0,0,0,0,0,0,1461599178823,7879
17.077214429,0.0917304687,-5.23411857735,-0.563233,-1.897260,4.677228,0,0,0,0,0,0,1461599178833,7889
17.0525313426,0.1222484523,-6.08569976625,-0.558581,-2.226292,4.627233,0,0,0,0,0,0,1461599178843,7899
16.8413865145,0.58567658565,-7.111906191,-0.540911,-2.648654,4.472876,0,0,0,0,0,0,1461599178853,7909
16.4483007643,1.34238920985,-8.02902455355,-0.506585,-3.007674,4.406356,0,0,0,0,0,0,1461599178863,7919
15.8479535799,2.5162822776,-8.5831240482,-0.433623,-3.195754,4.460456,0,0,0,0,0,0,1461599178873,7929
15.4431882286,3.4522586358,-8.9214500232,-0.270810,-3.121320,4.523677,0,0,0,0,0,0,1461599178883,7939
14.9469964117,4.03059992205,-9.04564997895,-0.022778,-2.810327,4.535069,0,0,0,0,0,0,1461599178893,7949
14.2272446745,3.9459007497,-9.21130222155,0.217949,-2.259813,4.572200,0,0,0,0,0,0,1461599178903,7959
13.7829785398,3.77247191295,-9.36063636495,0.438938,-1.618634,4.636991,0,0,0,0,0,0,1461599178913,7969
13.5116901406,4.07084600325,-10.1309604805,0.701769,-1.140447,4.682848,0,0,0,0,0,0,1461599178923,7979
13.4482417621,4.6258477005,-11.2083374832,1.047716,-0.915635,4.729887,0,0,0,0,0,0,1461599178933,7989
13.2631431309,5.12712911685,-12.1387731406,1.480213,-0.922693,4.811317,0,0,0,0,0,0,1461599178943,7999
12.9258664567,5.27212876515,-12.560905892,1.957066,-1.082575,4.957016,0,0,0,0,0,0,1461599178953,8009
12.4738139214,5.22648908145,-12.5249844993,2.339355,-1.355141,5.072648,0,0,0,0,0,0,1461599178963,8019
11.8140684636,5.631705534,-12.045100975,2.520372,-1.668359,5.074552,0,0,0,0,0,0,1461599178973,8029
10.8867709021,5.57095395675,-11.1103308225,2.535742,-1.946722,4.975909,0,0,0,0,0,0,1461599178983,8039
10.1818368619,4.648893093,-9.96022844505,2.468025,-2.123334,4.794742,0,0,0,0,0,0,1461599178993,8049
9.3764935563,4.55985942555,-8.57399415015,2.345746,-2.218839,4.482649,0,0,0,0,0,0,1461599179003,8059
8.4584827977,4.76456135025,-7.49407725105,2.117996,-2.256766,4.147498,0,0,0,0,0,0,1461599179013,8069
7.6734880833,3.1513348425,-6.2529897027,1.519899,-2.110215,3.581742,0,0,0,0,0,0,1461599179033,8089
8.03426125125,4.02297042615,-6.79018270515,1.808749,-2.198324,3.868307,0,0,0,0,0,0,1461599179023,8079
7.2959555214,2.4556777986,-6.18370642695,1.248042,-2.036106,3.278827,0,0,0,0,0,0,1461599179043,8099
6.9692993409,1.45296786765,-6.5619940932,0.680579,-2.089654,2.853632,0,0,0,0,0,0,1461599179063,8119
6.8409119883,1.2823829304,-6.5631904923,0.364540,-2.229119,2.707986,0,0,0,0,0,0,1461599179073,8129
6.45440643315,1.6706830842,-6.15303153855,0.065163,-2.461127,2.567721,0,0,0,0,0,0,1461599179083,8139
5.75859248445,1.36482659625,-5.926490427,-0.209837,-2.767294,2.477743,0,0,0,0,0,0,1461599179093,8149
5.26240066755,1.494714351,-5.4261014067,-0.417541,-3.030307,2.352409,0,0,0,0,0,0,1461599179103,8159
4.63423230075,1.8783858132,-4.6179240081,-0.609414,-3.343074,1.972824,0,0,0,0,0,0,1461599179123,8179
4.6605628875,1.5767167221,-5.0313681561,-0.550367,-3.231003,2.197163,0,0,0,0,0,0,1461599179113,8169
4.31475451485,1.485888456,-4.41127057995,-0.597948,-3.438336,1.748028,0,0,0,0,0,0,1461599179133,8189
4.1467192806,1.4490746673,-3.62268666825,-0.508438,-3.282773,1.529149,0,0,0,0,0,0,1461599179143,8199
4.3407909051,1.10656129545,-3.2393192091,-0.363921,-2.974468,1.274976,0,0,0,0,0,0,1461599179153,8209
3.6997563447,-0.02797808715,-4.09224389535,-0.212368,-2.790348,1.059021,0,0,0,0,0,0,1461599179163,8219
3.07846236945,-0.4357442427,-4.3003879191,-0.093789,-2.655495,0.929220,0,0,0,0,0,0,1461599179173,8229
2.8993457337,-0.35029977255,-4.27286093325,0.024193,-2.461791,0.847931,0,0,0,0,0,0,1461599179183,8239
2.87615324295,-0.09142646565,-3.85641598095,0.197122,-2.177668,0.790453,0,0,0,0,0,0,1461599179193,8249
2.67429521775,-0.13302585075,-3.53140730085,0.488798,-1.812166,0.709250,0,0,0,0,0,0,1461599179203,8259
2.34734484075,-0.2268451146,-3.0008043,0.855518,-1.364016,0.615375,0,0,0,0,0,0,1461599179213,8269
1.8568310163,-0.6569015583,-2.86642514535,1.221799,-0.741784,0.473032,0,0,0,0,0,0,1461599179223,8279
1.41450657855,-1.4604502653,-3.2083501242,1.515622,-0.129653,0.373866,0,0,0,0,0,0,1461599179233,8289
1.6504815912,-2.23780567725,-3.59844487665,1.736385,0.388967,0.258470,0,0,0,0,0,0,1461599179243,8299
2.2357168821,-3.1803622305,-4.06127481045,1.859170,0.693296,0.180300,0,0,0,0,0,0,1461599179253,8309
2.5146347772,-3.32146867845,-4.5145237449,1.824211,0.728664,0.203315,0,0,0,0,0,0,1461599179263,8319
2.45627599815,-3.426212439,-4.9210836948,1.678225,0.501884,0.258961,0,0,0,0,0,0,1461599179273,8329
2.509692276,-3.868095582,-5.18683139325,1.468583,0.155929,0.282080,0,0,0,0,0,0,1461599179283,8339
2.40106512165,-4.31834371215,-5.47279039125,1.233366,-0.170903,0.291744,0,0,0,0,0,0,1461599179293,8349
2.29886125755,-4.62091500585,-5.57169925455,1.043021,-0.489337,0.304293,0,0,0,0,0,0,1461599179303,8359
2.21087689095,-5.0409393489,-5.39437721745,0.923418,-0.734659,0.307315,0,0,0,0,0,0,1461599179313,8369
1.9333024932,-5.5860658503,-5.07864553365,0.829215,-0.821382,0.337169,0,0,0,0,0,0,1461599179323,8379
1.5738728226,-5.9538703146,-4.68360828,0.764458,-0.752033,0.340510,0,0,0,0,0,0,1461599179333,8389
1.31918691255,-6.40217674785,-4.5052467486,0.691691,-0.547782,0.316400,0,0,0,0,0,0,1461599179343,8399
1.23330114765,-7.10591438895,-4.77024914925,0.559275,-0.326279,0.300431,0,0,0,0,0,0,1461599179353,8409
1.18960316085,-7.34652789975,-5.28858415605,0.378429,-0.157045,0.243897,0,0,0,0,0,0,1461599179363,8419
1.3239823155,-7.15035767355,-6.3337956747,0.134272,-0.102144,0.235876,0,0,0,0,0,0,1461599179373,8429
1.4935179519,-6.92965145925,-7.2702231342,-0.039423,-0.274996,0.236846,0,0,0,0,0,0,1461599179383,8439
1.72874766675,-6.59236497855,-7.97365677225,-0.183854,-0.569265,0.226839,0,0,0,0,0,0,1461599179393,8449
1.64225389575,-6.89044487235,-8.3929358175,-0.274435,-0.963860,0.190917,0,0,0,0,0,0,1461599179403,8459
0.66632565285,-8.07586063635,-8.47075079175,-0.297565,-1.519419,0.132661,0,0,0,0,0,0,1461599179423,8479
0.471498924,-7.97814817215,-7.66645678695,-0.231702,-1.554958,0.098718,0,0,0,0,0,0,1461599179433,8489
0.07167607395,-8.17312199925,-6.92680755975,-0.128177,-1.284408,0.048112,0,0,0,0,0,0,1461599179443,8499
-1.04026901745,-8.2483872705,-6.7234491324,0.096225,-0.357256,0.095285,0,0,0,0,0,0,1461599179463,8519
-1.26442713735,-7.92891929115,-7.34309560725,0.175963,-0.021994,0.158459,0,0,0,0,0,0,1461599179473,8529
-1.3054283229,-7.5075416442,-8.16668890245,0.228710,0.037732,0.202251,0,0,0,0,0,0,1461599179483,8539
-1.46987435985,-7.06806110595,-8.66782322055,0.283595,-0.081635,0.191071,0,0,0,0,0,0,1461599179493,8549
-1.8177813342,-6.7819550097,-8.67425631735,0.347716,-0.221734,0.111408,0,0,0,0,0,0,1461599179503,8559
-2.07260453595,-6.55211889735,-8.1716215971,0.404658,-0.275870,0.002767,0,0,0,0,0,0,1461599179513,8569
-2.188429698,-6.4985457147,-7.4966171475,0.439767,-0.213953,-0.098210,0,0,0,0,0,0,1461599179523,8579
-2.01021526485,-6.41924014485,-6.7396103268,0.424415,-0.017637,-0.166590,0,0,0,0,0,0,1461599179533,8589
-1.83693352635,-6.5042335137,-6.2962365882,0.340200,0.260991,-0.205895,0,0,0,0,0,0,1461599179543,8599
-1.57806021945,-6.3970871484,-6.1711442364,0.185549,0.533493,-0.238248,0,0,0,0,0,0,1461599179553,8609
-1.21759105455,-6.19059062505,-6.26570879805,-0.009955,0.737025,-0.264493,0,0,0,0,0,0,1461599179563,8619
-0.7845436131,-5.9691293064,-6.69576524175,-0.188841,0.845832,-0.292831,0,0,0,0,0,0,1461599179573,8629
-0.2938826904,-5.7334582968,-7.18836786135,-0.298935,0.844781,-0.335578,0,0,0,0,0,0,1461599179583,8639
0.1283873526,-5.61898643865,-7.7521954536,-0.347680,0.725508,-0.375697,0,0,0,0,0,0,1461599179593,8649
0.48512022195,-5.67659011335,-8.1063884265,-0.350828,0.504341,-0.368135,0,0,0,0,0,0,1461599179603,8659
0.9117345666,-5.77834287615,-8.1304733133,-0.292313,0.215085,-0.338298,0,0,0,0,0,0,1461599179613,8669
1.0085448282,-5.77759757835,-7.13225478225,-0.073263,-0.239191,-0.265566,0,0,0,0,0,0,1461599179633,8689
0.76090002105,-5.874711843,-6.40353005175,-0.001121,-0.353005,-0.237412,0,0,0,0,0,0,1461599179643,8699
0.48961162185,-5.8380549591,-5.6671660188,0.037157,-0.401879,-0.214753,0,0,0,0,0,0,1461599179653,8709
0.21457712055,-5.88264534195,-5.01939435855,0.059783,-0.368864,-0.199722,0,0,0,0,0,0,1461599179663,8719
0.0831987702,-5.8088706663,-4.4715710559,0.094419,-0.270014,-0.194841,0,0,0,0,0,0,1461599179673,8729
-0.0083747937,-5.74123489095,-4.2822850278,0.134430,-0.157399,-0.196273,0,0,0,0,0,0,1461599179683,8739
0.08305167195,-5.75380688805,-4.13219578005,0.178770,-0.044689,-0.182821,0,0,0,0,0,0,1461599179693,8749
-0.1631025396,-5.78807097375,-4.09389139575,0.213357,0.057235,-0.193897,0,0,0,0,0,0,1461599179703,8759
-0.24495781245,-5.7398913936,-4.00276893315,0.252240,0.172905,-0.214475,0,0,0,0,0,0,1461599179713,8769
0.0116697945,-5.68586710965,-3.94769534835,0.269974,0.325899,-0.230258,0,0,0,0,0,0,1461599179723,8779
0.06314437545,-5.796455574,-4.0807211991,0.299172,0.414035,-0.238218,0,0,0,0,0,0,1461599179733,8789
0.17672383755,-5.94968291775,-4.0961370957,0.314557,0.501265,-0.230080,0,0,0,0,0,0,1461599179743,8799
0.27547579605,-6.19178702415,-4.20986365605,0.281706,0.540797,-0.218768,0,0,0,0,0,0,1461599179753,8809
0.358527468,-6.32182187715,-4.50613914465,0.173630,0.470987,-0.208885,0,0,0,0,0,0,1461599179763,8819
0.27637799865,-6.19059062505,-5.18698829805,-0.110580,0.180327,-0.217641,0,0,0,0,0,0,1461599179783,8839
0.30585648795,-6.08899476705,-5.69200600995,-0.174471,0.001673,-0.238997,0,0,0,0,0,0,1461599179793,8849
