3.6693756528,-2.8586485512,-5.67988511415,-1.797773,3.148152,0.083248,0,0,0,0,0,0,1461599103080,0
3.6847915494,-2.9794064079,-5.0352515499,-1.872270,3.167722,0.111789,0,0,0,0,0,0,1461599103090,10
3.7735212138,-2.9906251011,-4.8443180214,-1.943831,3.150949,0.116519,0,0,0,0,0,0,1461599103100,20
4.46169586005,-3.03476438265,-5.11426292325,-2.000153,2.969290,0.123845,0,0,0,0,0,0,1461599103110,30
5.6376875295,-2.9934690006,-5.88668564055,-2.028658,2.586442,0.119465,0,0,0,0,0,0,1461599103120,40
6.9637684467,-1.21190325555,-6.47205822315,-1.968009,2.292077,-0.114007,0,0,0,0,0,0,1461599103140,60
5.20418898675,0.21412601925,-6.00175569825,-1.825447,2.993869,-0.522234,0,0,0,0,0,0,1461599103160,80
4.40199358365,-0.23164051755,-5.6343925287,-1.749016,3.454435,-0.634782,0,0,0,0,0,0,1461599103170,90
4.59547681515,-0.6181460727,-5.2852989618,-1.664895,3.679343,-0.680315,0,0,0,0,0,0,1461599103180,100
5.151969108,-0.87402838185,-4.9622319786,-1.576576,3.654366,-0.715420,0,0,0,0,0,0,1461599103190,110
6.2268062142,-0.70643444235,-4.22437735005,-1.474181,3.701422,-0.785149,0,0,0,0,0,0,1461599103200,120
8.2868485596,0.54333190275,-4.27854873225,-1.310194,3.966909,-0.922655,0,0,0,0,0,0,1461599103210,130
10.1390410778,3.0491309784,-4.4013953841,-1.095970,4.682323,-1.037229,0,0,0,0,0,0,1461599103220,140
10.7093017668,4.8923505033,-5.70128300625,-0.777753,5.436258,-1.077746,0,0,0,0,0,0,1461599103230,150
10.0414757118,5.46710259225,-5.85959994945,-0.226870,5.722758,-1.094797,0,0,0,0,0,0,1461599103240,160
9.06585147195,5.62212453465,-5.2347167769,0.416700,5.529252,-1.118187,0,0,0,0,0,0,1461599103250,170
8.9118788304,5.75574858495,-3.8538760845,1.091221,5.188200,-1.234876,0,0,0,0,0,0,1461599103260,180
9.63761256315,6.10140985935,-2.7335561994,1.732930,5.036492,-1.508315,0,0,0,0,0,0,1461599103270,190
10.2096678508,6.65610755355,-2.23586398035,2.253129,5.004564,-1.887224,0,0,0,0,0,0,1461599103280,200
11.4453617967,7.36523879715,-2.34763903725,2.605762,4.782397,-2.313338,0,0,0,0,0,0,1461599103290,210
12.784907107,9.64928235765,-2.70871620825,2.362368,3.942678,-3.217470,0,0,0,0,0,0,1461599103310,230
13.4319334695,11.2469458706,-2.12603062035,1.930880,3.803398,-3.677550,0,0,0,0,0,0,1461599103320,240
12.411561942,9.0362258844,0.13273165425,1.390481,4.212151,-3.997297,0,0,0,0,0,0,1461599103340,260
11.7817460748,7.8442201188,0.3040618893,1.471714,4.389129,-3.906833,0,0,0,0,0,0,1461599103350,270
11.4875593813,6.7431995241,0.79157490945,1.678894,4.460328,-3.685230,0,0,0,0,0,0,1461599103360,280
11.573602051,5.4983756802,-0.1053419601,2.170761,4.531127,-3.257220,0,0,0,0,0,0,1461599103370,290
11.8184029587,5.7051762066,-0.09262286475,2.727539,4.332675,-2.824820,0,0,0,0,0,0,1461599103380,300
12.688695045,6.8223579957,-0.089631867,3.106792,4.215257,-2.583024,0,0,0,0,0,0,1461599103390,310
13.3608555951,7.0682082042,-1.10969939145,3.290649,3.929674,-2.435944,0,0,0,0,0,0,1461599103400,320
13.6873646773,7.5596144247,-2.2595075724,3.319012,3.388160,-2.443362,0,0,0,0,0,0,1461599103410,330
14.2980283524,8.41583411175,-2.93960162145,3.336398,2.675468,-2.592957,0,0,0,0,0,0,1461599103420,340
14.5087122726,8.95841091015,-2.90937783435,3.382782,1.865129,-2.849224,0,0,0,0,0,0,1461599103430,350
14.4632294937,9.0115329915,-2.50356318225,3.410058,1.091936,-3.124162,0,0,0,0,0,0,1461599103440,360
14.0777634328,8.57923084785,-1.694179578,3.365676,0.443981,-3.318445,0,0,0,0,0,0,1461599103450,370
13.4299917726,7.81579093035,-0.85980888435,3.246636,-0.055164,-3.409446,0,0,0,0,0,0,1461599103460,380
13.0789368957,7.0221174192,0.02154499035,3.064743,-0.380106,-3.410886,0,0,0,0,0,0,1461599103470,390
12.9939435268,6.3999310479,0.6416425665,2.867897,-0.543861,-3.338224,0,0,0,0,0,0,1461599103480,400
13.0123504212,6.00728659245,1.0336888224,2.694088,-0.643276,-3.184166,0,0,0,0,0,0,1461599103490,410
12.8239567891,5.80662496635,1.1873574609,2.567409,-0.750948,-2.976242,0,0,0,0,0,0,1461599103500,420
12.8636144773,5.8154606679,1.18691616615,2.511541,-0.789599,-2.755502,0,0,0,0,0,0,1461599103510,430
13.1806896585,5.9995099983,1.0365327219,2.536207,-0.702099,-2.559868,0,0,0,0,0,0,1461599103520,440
13.059186504,5.9600092149,0.760596018,2.638718,-0.593845,-2.404152,0,0,0,0,0,0,1461599103530,450
12.82725179,5.5739449545,0.59854277925,2.768587,-0.541208,-2.280099,0,0,0,0,0,0,1461599103540,460
12.616714968,4.94113808955,0.4490615376,2.795829,-0.543429,-2.135413,0,0,0,0,0,0,1461599103550,470
12.4684301255,4.45736136495,0.3915951546,2.677931,-0.582142,-1.948238,0,0,0,0,0,0,1461599103560,480
12.590825676,4.3189419117,0.3815728605,2.497350,-0.598020,-1.717675,0,0,0,0,0,0,1461599103570,490
13.0805843961,4.2278194491,0.70029554205,2.311709,-0.584909,-1.451627,0,0,0,0,0,0,1461599103580,500
13.6619264866,3.2490473067,0.8744696766,2.168178,-0.558379,-1.078180,0,0,0,0,0,0,1461599103590,510
14.0458921453,2.88303744105,0.93418175955,2.044041,-0.505206,-0.689732,0,0,0,0,0,0,1461599103600,520
14.2799156545,2.9599502127,1.20831405825,1.879037,-0.459867,-0.371342,0,0,0,0,0,0,1461599103610,530
14.3879544159,2.760936087,1.20172405665,1.661248,-0.451123,-0.133831,0,0,0,0,0,0,1461599103620,540
14.3050596487,2.3275846425,1.2892671285,1.386852,-0.410663,0.054377,0,0,0,0,0,0,1461599103630,550
14.111429319,1.6893939816,1.59781061115,1.084152,-0.260582,0.240654,0,0,0,0,0,0,1461599103640,560
13.7394374578,0.89542627395,2.43982060725,0.823106,0.081185,0.476312,0,0,0,0,0,0,1461599103650,570
12.8630162778,-0.3592727658,3.0795116703,0.645175,0.441293,0.927767,0,0,0,0,0,0,1461599103660,580
12.590825676,-2.65409372475,1.7039076756,0.574933,0.529909,1.678434,0,0,0,0,0,0,1461599103670,590
13.0386908145,-1.61920850325,2.78861997765,0.461386,0.725970,2.414491,0,0,0,0,0,0,1461599103680,600
13.1033355921,0.13496754765,3.99064803735,0.290332,1.089028,2.982081,0,0,0,0,0,0,1461599103690,610
12.7258030302,0.89930966775,4.2137568564,0.090698,1.446438,3.346307,0,0,0,0,0,0,1461599103700,620
12.3117606827,1.5803059194,4.0424168148,-0.190181,1.565859,3.420204,0,0,0,0,0,0,1461599103710,630
11.914173726,2.6297048349,3.2114882202,-0.571698,1.434358,3.172914,0,0,0,0,0,0,1461599103720,640
11.7341646942,3.61909747095,2.5058088822,-1.181852,1.160866,2.760035,0,0,0,0,0,0,1461599103730,650
12.2276597099,4.37939929245,2.30335265745,-1.891556,1.271661,2.351598,0,0,0,0,0,0,1461599103740,660
12.2540001032,4.41172168125,1.29345452535,-2.347199,1.436681,1.896691,0,0,0,0,0,0,1461599103750,670
10.9295666864,3.900261066,-0.1421557488,-2.395499,1.155113,1.623788,0,0,0,0,0,0,1461599103760,680
9.90605706285,3.2794279986,-0.98086093755,-2.167858,0.687200,1.726159,0,0,0,0,0,0,1461599103770,690
8.9359637172,2.8125577662,-1.05313521105,-1.849120,0.503041,2.126660,0,0,0,0,0,0,1461599103780,700
7.53477443355,3.63959316045,-0.53105410215,-1.465106,0.774212,2.568131,0,0,0,0,0,0,1461599103790,710
6.13014305085,5.8634931498,0.734118333,-0.963521,1.426929,2.870383,0,0,0,0,0,0,1461599103800,720
5.0594933415,7.66810428735,1.90681500165,-0.251451,2.344165,2.920677,0,0,0,0,0,0,1461599103810,730
5.5140857733,8.1648943038,2.53572866625,0.583830,3.209373,2.886286,0,0,0,0,0,0,1461599103820,740
6.427016739,8.4031150164,2.0995431288,1.503164,4.057000,2.808368,0,0,0,0,0,0,1461599103830,750
7.21994495235,8.7179444976,1.5648900228,2.198943,4.474455,2.574924,0,0,0,0,0,0,1461599103840,760
7.73184686235,8.8436448555,1.38906838785,2.427075,4.570532,2.129409,0,0,0,0,0,0,1461599103850,770
8.65405482435,8.0897761308,1.4697272616,1.969880,4.501790,1.560401,0,0,0,0,0,0,1461599103860,780
9.138723945,6.13657614765,0.9322302561,1.112342,4.249588,0.903683,0,0,0,0,0,0,1461599103870,790
10.8776410041,4.4769646584,0.5701135908,0.235725,3.669904,0.400750,0,0,0,0,0,0,1461599103880,800
12.3403369694,3.7376096277,0.18480443475,-0.299050,3.097059,0.245540,0,0,0,0,0,0,1461599103890,810
13.2849921243,4.51421974185,-0.01989748995,-0.554336,2.560990,0.287536,0,0,0,0,0,0,1461599103900,820
13.2613485323,4.41007418085,-0.51175481175,-0.713516,1.696090,0.197745,0,0,0,0,0,0,1461599103910,830
12.9144908587,4.30069192215,-0.0791584716,-0.940724,0.815179,-0.073849,0,0,0,0,0,0,1461599103920,840
12.230052508,3.67071915015,0.1683392373,-1.225533,0.219028,-0.408369,0,0,0,0,0,0,1461599103930,850
12.6433495578,3.16285753875,-0.11088266085,-1.394015,-0.058286,-0.583201,0,0,0,0,0,0,1461599103940,860
12.3229793759,4.140129279,-0.3073568901,-1.243268,-0.202520,-0.611434,0,0,0,0,0,0,1461599103950,870
11.0365561468,5.0550019416,0.02797808715,-0.828739,-0.368269,-0.566495,0,0,0,0,0,0,1461599103960,880
9.0236538873,5.79181707585,0.6392497683,-0.231183,-0.433392,-0.505161,0,0,0,0,0,0,1461599103970,890
5.8673765436,4.23559604325,0.06045738075,0.497017,-0.009141,-0.375399,0,0,0,0,0,0,1461599103980,900
5.71265860425,4.50898304415,-0.4409809404,1.173305,0.799615,-0.338591,0,0,0,0,0,0,1461599103990,910
5.8190498652,4.7066536725,-1.97550007785,1.751489,1.073628,-0.452981,0,0,0,0,0,0,1461599104000,920
5.1232359165,4.22677014825,-3.1909925307,2.197182,0.741914,-0.694416,0,0,0,0,0,0,1461599104010,930
3.84490309125,4.17304986735,-3.19547412405,2.515410,0.370699,-1.007580,0,0,0,0,0,0,1461599104020,940
2.81166537015,4.3767024912,-2.60292314685,2.750403,0.304314,-1.413102,0,0,0,0,0,0,1461599104030,950
2.5041613818,4.8488094213,-1.1382854847,2.941279,0.508232,-1.962800,0,0,0,0,0,0,1461599104040,960
2.63075413575,5.33108574375,-0.35598757155,3.030574,0.769027,-2.630450,0,0,0,0,0,0,1461599104050,970
2.6304501327,5.3038529544,0.85053188805,2.997941,1.383654,-3.248983,0,0,0,0,0,0,1461599104060,980
3.40466744865,4.5196035378,1.17793336635,2.827923,1.783190,-3.809704,0,0,0,0,0,0,1461599104070,990
4.45616496585,3.3729432594,1.0622651091,2.335153,2.523255,-4.623428,0,0,0,0,0,0,1461599104090,1010
4.69752377445,3.2369264109,1.4902229511,2.080733,3.076478,-4.852664,0,0,0,0,0,0,1461599104100,1020
4.72296196515,2.9394545232,2.8275225615,1.776737,3.989087,-4.824472,0,0,0,0,0,0,1461599104110,1030
4.41291808035,2.61174904185,5.07311463945,1.332854,4.911093,-4.290871,0,0,0,0,0,0,1461599104120,1040
4.845220224,2.88229214325,9.09817386075,0.568164,6.027413,-3.345546,0,0,0,0,0,0,1461599104130,1050
5.9001500337,4.74720375675,11.7356552898,-0.199298,6.352054,-2.157109,0,0,0,0,0,0,1461599104140,1060
5.15301840885,7.23714564105,12.799420801,-0.330336,4.832434,-0.559742,0,0,0,0,0,0,1461599104150,1070
3.67162135275,9.55066769085,13.5405704304,-0.125069,3.315431,0.801319,0,0,0,0,0,0,1461599104160,1080
5.686622214,12.2153917158,14.6885742061,-0.211842,3.426515,1.123903,0,0,0,0,0,0,1461599104170,1090
7.0180771206,13.2400977384,13.0856739955,-0.508504,3.815457,0.664367,0,0,0,0,0,0,1461599104180,1100
6.0140236923,12.1863643278,9.5264357058,-0.677367,3.805295,0.075310,0,0,0,0,0,0,1461599104190,1110
4.3436348046,11.3555828314,6.7795622115,-0.430993,3.022739,-0.375342,0,0,0,0,0,0,1461599104200,1120
3.3315007791,10.5565255243,4.3964528829,0.023832,1.824031,-0.780526,0,0,0,0,0,0,1461599104210,1130
4.03209051765,9.73157892525,3.2616193038,0.251908,1.035972,-1.264109,0,0,0,0,0,0,1461599104220,1140
5.0922668316,10.1912609565,4.3190988165,0.529230,0.606238,-1.596646,0,0,0,0,0,0,1461599104230,1150
5.3673013329,10.5976738081,3.7036397385,0.966903,0.345083,-1.791526,0,0,0,0,0,0,1461599104240,1160
6.4445312373,10.4591170632,2.1218432235,1.484541,0.126797,-2.055979,0,0,0,0,0,0,1461599104250,1170
7.7719458453,10.2644374326,-0.6844383507,2.035255,-0.439238,-2.446518,0,0,0,0,0,0,1461599104260,1180
7.66106318445,9.58748147955,-3.3515453673,2.478203,-1.126020,-2.957674,0,0,0,0,0,0,1461599104270,1190
6.9871080357,8.8129699671,-2.76227958435,2.711072,-1.625263,-3.652830,0,0,0,0,0,0,1461599104280,1200
6.357586365,8.01451085955,-2.93585551935,2.732546,-2.505445,-4.456266,0,0,0,0,0,0,1461599104290,1210
5.5690024533,7.0622262087,-3.2001126222,2.446681,-2.745155,-5.212698,0,0,0,0,0,0,1461599104300,1220
3.3710015625,6.1112850552,0.13063305255,1.816006,-1.843245,-5.471650,0,0,0,0,0,0,1461599104310,1230
0.265757505,4.09524469965,1.2936016236,1.155613,-0.782239,-5.071287,0,0,0,0,0,0,1461599104320,1240
-2.2876327578,1.1761387677,1.1155342887,0.686694,0.245108,-4.248731,0,0,0,0,0,0,1461599104330,1250
-2.5288542747,0.3125935878,0.99433513725,0.405133,0.946453,-3.424445,0,0,0,0,0,0,1461599104340,1260
-2.2847888583,0.23448441705,0.3980282514,0.260580,1.350064,-2.680857,0,0,0,0,0,0,1461599104350,1270
-1.94392298685,0.45893673345,-0.0335187879,0.273505,1.599642,-2.140437,0,0,0,0,0,0,1461599104360,1280
-1.80910253745,1.22971195035,-0.2926862913,0.390180,1.650388,-1.842568,0,0,0,0,0,0,1461599104370,1290
-2.16074580735,2.2586053698,-0.70388473935,0.601026,1.431721,-1.697232,0,0,0,0,0,0,1461599104380,1300
-2.74462779435,3.4561420296,-1.38997059045,0.921850,0.955716,-1.499828,0,0,0,0,0,0,1461599104390,1310
-3.65336155665,7.395315486,-2.37517582965,1.386047,0.332509,-1.302911,0,0,0,0,0,0,1461599104400,1320
-5.48940268695,14.3822764234,-3.47021442885,1.865715,-0.311751,-1.216098,0,0,0,0,0,0,1461599104410,1330
-8.36331022995,19.90533519,-4.3255319133,2.217138,-0.770724,-0.857872,0,0,0,0,0,0,1461599104420,1340
-10.5984191059,28.2589271289,-6.2610702999,2.606600,-1.324347,-0.482740,0,0,0,0,0,0,1461599104430,1350
-9.41419974105,26.8548841392,-5.99008590375,3.063749,-1.852034,-0.023761,0,0,0,0,0,0,1461599104440,1360
-6.2829192933,21.4983602047,-4.5959181099,3.403910,-2.086726,0.457081,0,0,0,0,0,0,1461599104450,1370
-3.88485497595,16.5689017163,-3.43340064015,3.668307,-2.195704,0.789480,0,0,0,0,0,0,1461599104460,1380
-2.1870763941,12.7109853331,-2.6318034366,3.784740,-2.144342,1.025543,0,0,0,0,0,0,1461599104470,1390
-0.87028227975,10.0835261982,-2.20638549105,3.694381,-1.973840,1.180320,0,0,0,0,0,0,1461599104480,1400
0.12449415225,8.52192136965,-1.7624135529,3.473901,-1.723737,1.259171,0,0,0,0,0,0,1461599104490,1410
0.96246384975,7.5943296117,-1.3416341055,3.197521,-1.288788,1.284808,0,0,0,0,0,0,1461599104500,1420
1.5101302476,7.1012758908,-1.2096575556,2.838280,-0.964515,1.268573,0,0,0,0,0,0,1461599104510,1430
2.16119690865,7.0239218244,-1.52075074125,2.381522,-0.937890,1.235496,0,0,0,0,0,0,1461599104520,1440
2.69359450815,7.198988355,-1.673978085,1.878600,-1.167698,1.169527,0,0,0,0,0,0,1461599104530,1450
3.53964480285,7.3406930025,-1.6228075071,1.333406,-1.755871,1.096329,0,0,0,0,0,0,1461599104540,1460
6.15826823625,7.4699825577,0.09666316335,0.659770,-3.299047,0.987653,0,0,0,0,0,0,1461599104550,1470
9.65138095935,8.3663012277,3.17542953585,0.484089,-4.493283,0.357796,0,0,0,0,0,0,1461599104560,1480
9.88391387295,9.11866955025,5.51034947775,0.714651,-4.357485,-0.329299,0,0,0,0,0,0,1461599104570,1490
9.61246856895,9.00883619025,6.34412197185,1.292344,-2.859726,-0.948125,0,0,0,0,0,0,1461599104580,1500
7.92636958815,8.90065033065,4.68091147875,1.704951,-1.274769,-1.049940,0,0,0,0,0,0,1461599104590,1510
5.78522707425,9.176577228,2.3793632265,1.810348,-0.093593,-0.635943,0,0,0,0,0,0,1461599104600,1520
3.9092438658,9.2012701209,0.5196883107,1.652748,0.574124,0.001508,0,0,0,0,0,0,1461599104610,1530
2.8683766488,8.85756034995,-0.22505051595,1.471170,0.969116,0.568422,0,0,0,0,0,0,1461599104620,1540
2.3596128348,9.64614426165,-1.0631673117,1.288476,0.993354,0.756746,0,0,0,0,0,0,1461599104640,1560
1.89214440285,9.7442980206,-1.11583829175,1.260505,0.624298,0.601152,0,0,0,0,0,0,1461599104650,1570
1.37694749205,10.4583619589,-1.06106871,1.230513,0.058435,0.439480,0,0,0,0,0,0,1461599104660,1580
0.9160690617,11.6521623231,-0.52222820715,1.153031,-0.661163,0.325817,0,0,0,0,0,0,1461599104670,1590
0.64104436695,12.761263515,0.3606260697,1.018280,-1.358852,0.276801,0,0,0,0,0,0,1461599104680,1600
0.86743838025,13.6070098066,0.6883217445,0.869581,-1.663652,0.279523,0,0,0,0,0,0,1461599104690,1610
1.24302924525,14.1455463064,0.56547509265,0.712415,-1.523646,0.308838,0,0,0,0,0,0,1461599104700,1620
1.1689603731,14.5057212748,0.8373616914,0.408695,-1.054136,0.395784,0,0,0,0,0,0,1461599104720,1640
0.6863800476,14.4511085979,1.7083990755,0.212453,-1.032260,0.399827,0,0,0,0,0,0,1461599104730,1650
0.2443596129,14.3782361248,3.0826497663,-0.023432,-1.202299,0.323564,0,0,0,0,0,0,1461599104740,1660
0.011375598,14.3677529229,4.5083848446,-0.281334,-1.470511,0.194357,0,0,0,0,0,0,1461599104750,1670
-0.06239907765,14.7393034893,5.4572273964,-0.551872,-1.700415,0.062418,0,0,0,0,0,0,1461599104760,1680
0.2765250969,15.3534092634,5.4201194112,-0.913703,-1.853252,-0.039232,0,0,0,0,0,0,1461599104770,1690
1.32322721115,15.3923118472,4.8507511182,-1.384851,-1.957223,-0.046755,0,0,0,0,0,0,1461599104780,1700
2.7661727847,14.7288300939,4.37341729695,-1.930384,-2.046695,0.008319,0,0,0,0,0,0,1461599104790,1710
3.6684734502,14.3955937183,4.1462681793,-2.503061,-1.987363,0.038369,0,0,0,0,0,0,1461599104800,1720
3.86914488285,14.1771233974,4.02820712385,-3.071050,-1.572091,0.019469,0,0,0,0,0,0,1461599104810,1730
3.13098625125,13.6098537062,4.49042905155,-3.596029,-0.784292,-0.092258,0,0,0,0,0,0,1461599104820,1740
0.34910337345,12.9103034619,4.52230033905,-4.196774,1.145064,-0.485787,0,0,0,0,0,0,1461599104840,1760
0.66752205195,13.2082264509,0.6537634623,-3.906179,2.012139,-0.629455,0,0,0,0,0,0,1461599104850,1770
1.9368916905,12.7774247094,-2.57089495455,-3.287383,2.616909,-0.584454,0,0,0,0,0,0,1461599104860,1780
2.63793253035,13.0258246209,-3.561935091,-2.660924,2.948008,-0.434423,0,0,0,0,0,0,1461599104870,1790
2.84922445665,13.9204957905,-3.79283031075,-2.261001,3.032655,-0.333738,0,0,0,0,0,0,1461599104880,1800
2.8198930656,14.0660936384,-3.65950045695,-2.074790,3.068912,-0.245498,0,0,0,0,0,0,1461599104890,1810
2.5541355606,13.8765036072,-3.3225179793,-2.019821,3.103482,-0.149737,0,0,0,0,0,0,1461599104900,1820
2.16792420195,13.7051635656,-3.25862830605,-2.017402,3.060741,-0.027612,0,0,0,0,0,0,1461599104910,1830
1.67263458765,13.7499108533,-3.41529774885,-2.005070,2.879526,0.068644,0,0,0,0,0,0,1461599104920,1840
1.05733241445,13.8126041274,-3.6782015478,-1.970205,2.536247,0.119500,0,0,0,0,0,0,1461599104930,1850
0.35838036975,13.7892645384,-4.0424168148,-1.942850,2.006444,0.113266,0,0,0,0,0,0,1461599104940,1860
-0.13661504805,13.5338333305,-3.78265111185,-2.001987,1.270290,0.070695,0,0,0,0,0,0,1461599104950,1870
-0.3016690911,13.3711818922,-1.8896045064,-2.554171,-0.000842,0.124423,0,0,0,0,0,0,1461599104960,1880
-0.12539635485,12.6105760677,0.02483999115,-3.330538,-1.351601,0.253965,0,0,0,0,0,0,1461599104970,1890
-0.2011127274,11.3216129423,0.2765250969,-3.561029,-1.820857,0.279315,0,0,0,0,0,0,1461599104980,1900
-0.2329840149,10.4375622663,0.65510695965,-3.458007,-1.683036,0.259455,0,0,0,0,0,0,1461599104990,1910
-0.4566910335,9.6931274427,0.85366998405,-3.178351,-1.162148,0.189426,0,0,0,0,0,0,1461599105000,1920
-0.7332161304,8.84139915555,0.6932642457,-2.874994,-0.621913,0.154510,0,0,0,0,0,0,1461599105010,1930
-0.7848378096,7.92487899255,0.13512445245,-2.547326,-0.186568,0.185550,0,0,0,0,0,0,1461599105020,1940
-0.70523804325,7.17789446595,-0.48347272155,-2.169632,0.185123,0.259258,0,0,0,0,0,0,1461599105030,1950
-0.5748991872,6.42163294305,-1.0924888962,-1.765565,0.473930,0.354345,0,0,0,0,0,0,1461599105040,1960
-0.60752557905,5.25761507115,-2.06736783825,-0.955438,0.819463,0.515700,0,0,0,0,0,0,1461599105060,1980
-0.6238338717,4.86870691125,-2.01978645765,-0.620263,1.047290,0.534086,0,0,0,0,0,0,1461599105070,1990
-0.6516648606,4.46169586005,-2.1459281103,-0.391489,1.169667,0.488470,0,0,0,0,0,0,1461599105080,2000
-0.71765313555,3.97837023675,-2.240796675,-0.241093,1.224981,0.403480,0,0,0,0,0,0,1461599105090,2010
-0.65600916225,3.5457738966,-2.13291481845,-0.115029,1.334530,0.307484,0,0,0,0,0,0,1461599105100,2020
-0.74160073065,3.18800153295,-2.07635063805,0.004583,1.446117,0.196641,0,0,0,0,0,0,1461599105110,2030
-0.86220168255,2.8154016657,-2.1011906292,0.141105,1.533104,0.073699,0,0,0,0,0,0,1461599105120,2040
-1.00765243215,2.3260940469,-2.0401350489,0.301056,1.607280,-0.046368,0,0,0,0,0,0,1461599105130,2050
-1.25350264065,1.57447102215,-1.8610282197,0.721473,1.715631,-0.188636,0,0,0,0,0,0,1461599105150,2070
-1.31291072055,1.3787420907,-1.6437542979,0.965213,1.789505,-0.169821,0,0,0,0,0,0,1461599105160,2080
-1.33311221355,1.85982201405,-1.82436152925,1.420388,1.724866,0.047293,0,0,0,0,0,0,1461599105180,2100
-1.5487288284,2.93840522235,-1.60514591055,1.560577,1.494401,0.150504,0,0,0,0,0,0,1461599105190,2110
-2.0467250505,4.68301008045,-0.75685972245,1.466654,1.015202,0.179901,0,0,0,0,0,0,1461599105200,2120
-2.81525456745,8.0360558499,2.67998301675,0.629142,-0.065118,0.177141,0,0,0,0,0,0,1461599105210,2130
-4.09075329975,14.3875131212,16.3772228899,0.246160,-1.314586,0.353225,0,0,0,0,0,0,1461599105220,2140
-1.0736407071,28.6901701651,34.3648185816,-1.334993,-0.147000,0.411962,0,0,0,0,0,0,1461599105240,2160
0.3185755833,24.6383292558,25.7098713612,-1.257603,2.371253,0.245015,0,0,0,0,0,0,1461599105250,2170
1.8924484059,17.9600687058,13.2282808456,-0.862481,2.990115,0.382685,0,0,0,0,0,0,1461599105260,2180
2.1742102005,12.9303480501,6.3478582674,-0.444513,2.263084,0.617406,0,0,0,0,0,0,1461599105270,2190
0.9452533545,9.23973141,2.4516375,-0.041361,1.006427,0.706647,0,0,0,0,0,0,1461599105280,2200
-0.9961297359,6.6851447481,0.3069057888,0.305692,-0.020404,0.638651,0,0,0,0,0,0,1461599105290,2210
-2.56161795825,5.6852689101,-0.1692414399,0.531250,-0.234083,0.451387,0,0,0,0,0,0,1461599105300,2220
-3.17184033855,6.718663536,-1.15863407595,0.897859,0.013686,0.299163,0,0,0,0,0,0,1461599105310,2230
-2.9879381064,8.04922604655,-2.66996072265,1.477263,0.150887,0.385984,0,0,0,0,0,0,1461599105320,2240
-2.45941409415,10.0790347983,-3.65187096105,2.036552,0.057677,0.518797,0,0,0,0,0,0,1461599105330,2250
-1.4007479889,12.6026523753,-2.1629915073,2.389154,-0.146963,0.602281,0,0,0,0,0,0,1461599105340,2260
-0.7607529228,15.0879557614,-1.5343720392,1.535907,-1.833790,0.851928,0,0,0,0,0,0,1461599105350,2270
-1.03383592065,18.0283026807,-0.1421557488,-0.590661,-3.859599,0.922999,0,0,0,0,0,0,1461599105360,2280
-2.7504626916,16.462059354,0.14304814485,-1.309334,-4.015123,0.453545,0,0,0,0,0,0,1461599105370,2290
-3.73222583175,10.988523665,-2.97596430885,-0.878418,-3.140841,-0.105860,0,0,0,0,0,0,1461599105380,2300
-4.1438753811,8.3468450325,-3.4420794369,-0.305959,-2.237273,-0.529807,0,0,0,0,0,0,1461599105390,2310
-4.6788226836,6.88430597205,-2.211769287,0.155119,-1.391213,-0.715654,0,0,0,0,0,0,1461599105400,2320
-4.59832071465,5.57528845185,-0.59001108075,0.553209,-0.748530,-0.665181,0,0,0,0,0,0,1461599105410,2330
-3.3117503874,5.86438554585,-0.95826664635,0.897617,-0.618419,-0.624338,0,0,0,0,0,0,1461599105420,2340
-2.90369003535,6.8501889846,-1.33340641005,1.195601,-0.809541,-0.605265,0,0,0,0,0,0,1461599105430,2350
-2.68282691625,7.57637381865,-1.9437758886,1.382900,-1.198922,-0.543376,0,0,0,0,0,0,1461599105440,2360
-2.39537732265,8.6182903365,-2.30574545565,1.469140,-1.548404,-0.447197,0,0,0,0,0,0,1461599105450,2370
-2.03684985465,9.6946180383,-2.2828471614,1.461269,-1.712555,-0.352737,0,0,0,0,0,0,1461599105460,2380
-1.56189902505,10.4184100741,-2.09176653465,1.388330,-1.628828,-0.276720,0,0,0,0,0,0,1461599105470,2390
-1.0151348298,10.954112481,-1.8726980142,1.298159,-1.327227,-0.230498,0,0,0,0,0,0,1461599105480,2400
-0.47494102305,11.3492968329,-1.74940026105,1.240522,-0.867660,-0.241706,0,0,0,0,0,0,1461599105490,2410
0.092769963,11.7073731996,-1.699867377,1.251304,-0.330042,-0.315663,0,0,0,0,0,0,1461599105500,2420
0.5256703062,11.9102805257,-1.67173238505,1.313331,0.209574,-0.386851,0,0,0,0,0,0,1461599105510,2430
1.3166470161,11.9117809278,-1.56444872805,1.393208,0.667410,-0.434443,0,0,0,0,0,0,1461599105520,2440
2.0555509455,11.806890069,-1.1773351668,1.699760,0.797769,-0.521160,0,0,0,0,0,0,1461599105530,2450
3.64857596025,11.2212134834,0.6657274533,2.460087,0.152847,-0.705369,0,0,0,0,0,0,1461599105540,2460
4.56674362365,10.0875664968,0.97697754375,3.276721,-1.807853,-0.732856,0,0,0,0,0,0,1461599105560,2480
3.8935337727,9.6494294559,0.0303806919,2.949101,-2.259104,-0.463485,0,0,0,0,0,0,1461599105570,2490
3.2858610954,8.5795348509,-0.52028651025,1.776374,-2.296975,0.146398,0,0,0,0,0,0,1461599105590,2510
3.06798897405,7.8482604174,-0.27802549905,1.259587,-2.294027,0.343828,0,0,0,0,0,0,1461599105600,2520
2.7366942954,7.63368329685,-0.05461267695,0.908419,-2.397522,0.450367,0,0,0,0,0,0,1461599105610,2530
2.42320831155,7.6912967781,0.2003674296,0.751863,-2.595613,0.497846,0,0,0,0,0,0,1461599105620,2540
2.13770041485,7.8814850088,0.43110574455,0.746714,-2.787007,0.503570,0,0,0,0,0,0,1461599105630,2550
1.83842412195,8.36570302815,0.4206225426,0.954841,-2.911822,0.389758,0,0,0,0,0,0,1461599105650,2570
1.82930403045,8.66976491745,0.3766303593,1.089377,-2.798198,0.272410,0,0,0,0,0,0,1461599105660,2580
1.73967216345,8.9352184194,0.4566910335,1.234889,-2.601803,0.133355,0,0,0,0,0,0,1461599105670,2590
1.61157900735,9.06061477425,0.5924136855,1.379677,-2.328858,-0.010309,0,0,0,0,0,0,1461599105680,2600
1.38593029185,9.07153927095,0.9266993619,1.531325,-1.976020,-0.134106,0,0,0,0,0,0,1461599105690,2610
1.2282115482,9.0450517794,1.3901176887,1.698398,-1.548529,-0.224304,0,0,0,0,0,0,1461599105700,2620
0.488562321,8.64118863075,2.7803922822,1.984637,-0.500399,-0.336409,0,0,0,0,0,0,1461599105720,2640
0.3549382707,8.6803854111,3.15852304365,2.022558,0.078045,-0.343080,0,0,0,0,0,0,1461599105730,2650
0.3706483638,9.04355137725,3.28930319445,1.903574,0.636857,-0.333646,0,0,0,0,0,0,1461599105740,2660
0.5430278997,9.8484435816,2.9798575092,1.617576,1.080244,-0.321702,0,0,0,0,0,0,1461599105750,2670
0.94106595765,11.0679861396,2.23347118215,1.261163,1.294164,-0.300621,0,0,0,0,0,0,1461599105760,2680
1.47316936065,12.3325603752,1.2602397405,0.935354,1.207008,-0.277280,0,0,0,0,0,0,1461599105770,2690
2.093110032,13.2454815343,0.3193208811,0.689581,0.897289,-0.258839,0,0,0,0,0,0,1461599105780,2700
2.61369073875,13.8613917137,-0.294784893,0.515921,0.491629,-0.240852,0,0,0,0,0,0,1461599105790,2710
3.0067862955,14.2546343687,-0.153374442,0.412644,0.061418,-0.206654,0,0,0,0,0,0,1461599105800,2720
3.19712162445,14.3964861144,0.8399113944,0.386355,-0.371905,-0.130526,0,0,0,0,0,0,1461599105810,2730
3.28526289585,13.6478540874,3.1594154397,0.353893,-1.118861,0.107932,0,0,0,0,0,0,1461599105830,2750
3.38821205775,13.4958231427,4.2031265562,0.191279,-1.288892,0.209013,0,0,0,0,0,0,1461599105840,2760
3.8079422043,14.0132657535,5.14059351,-0.158273,-1.256418,0.292291,0,0,0,0,0,0,1461599105850,2770
4.61432500425,14.9478986144,5.8727701461,-0.691327,-1.004153,0.396264,0,0,0,0,0,0,1461599105860,2780
5.351434335,15.2640813994,6.43808833395,-1.294692,-0.515423,0.519036,0,0,0,0,0,0,1461599105870,2790
5.43597660255,14.2184187795,5.73031039425,-2.328202,0.922787,0.570193,0,0,0,0,0,0,1461599105890,2810
4.5022459443,13.4867030513,4.3738585917,-2.773225,1.688061,0.463925,0,0,0,0,0,0,1461599105900,2820
3.0067862955,12.7982244019,4.01188902465,-3.135763,2.356817,0.282533,0,0,0,0,0,0,1461599105910,2830
1.752234354,12.7947823029,3.7028944407,-3.402429,2.953274,0.143329,0,0,0,0,0,0,1461599105920,2840
1.50788454765,12.9275139571,1.9238685921,-3.454050,3.547980,0.142918,0,0,0,0,0,0,1461599105930,2850
2.0160501621,12.3952536493,-1.18766146395,-3.224628,4.069789,0.323759,0,0,0,0,0,0,1461599105940,2860
2.23107838395,12.3180466812,-3.05826087645,-2.848464,4.418327,0.577378,0,0,0,0,0,0,1461599105950,2870
2.471838993,12.8932400649,-3.44103013605,-2.547881,4.596771,0.811955,0,0,0,0,0,0,1461599105960,2880
2.33192894415,14.7415491892,-3.79641950805,-2.229305,4.482088,0.819837,0,0,0,0,0,0,1461599105980,2900
2.21850638685,15.690087738,-4.00710342825,-2.159548,4.289964,0.608553,0,0,0,0,0,0,1461599105990,2910
2.01694255815,16.3079396142,-4.3788010929,-2.088642,3.965290,0.306501,0,0,0,0,0,0,1461599106000,2920
1.63656609675,16.3426548012,-4.79733484035,-1.984559,3.465817,-0.032637,0,0,0,0,0,0,1461599106010,2930
1.02859922295,15.7698444092,-5.09719952625,-1.842721,2.800530,-0.341673,0,0,0,0,0,0,1461599106020,2940
-0.0061389003,13.4047006802,-4.7922452409,-1.604845,1.201351,-0.617606,0,0,0,0,0,0,1461599106040,2960
-0.4869148206,12.3171444786,-3.13337904945,-1.787059,0.096016,-0.578345,0,0,0,0,0,0,1461599106050,2970
-0.43873524045,11.3310468433,0.3722958642,-2.887011,-1.615739,-0.345966,0,0,0,0,0,0,1461599106060,2980
-0.8437947882,10.1412867777,0.3727469655,-3.522195,-2.526956,-0.121907,0,0,0,0,0,0,1461599106070,2990
-1.18675926135,9.2021723235,0.65824505565,-3.660143,-2.705276,0.019381,0,0,0,0,0,0,1461599106080,3000
-1.0066031313,8.5322476668,1.2531986376,-3.523420,-2.349371,0.165380,0,0,0,0,0,0,1461599106090,3010
-1.0945874979,8.2012569912,1.5427468329,-3.238760,-1.813425,0.264873,0,0,0,0,0,0,1461599106100,3020
-1.2759498336,7.70789926725,1.49337085365,-2.723816,-1.019325,0.268845,0,0,0,0,0,0,1461599106110,3030
-1.0372780197,6.8551314858,1.0820155008,-2.119829,-0.152930,0.304687,0,0,0,0,0,0,1461599106120,3040
-0.8822560773,6.1982299275,0.4397845413,-1.490103,0.730492,0.352186,0,0,0,0,0,0,1461599106130,3050
-0.59660108235,5.57095395675,-0.2037997221,-0.877762,1.534314,0.416149,0,0,0,0,0,0,1461599106140,3060
0.03741198825,4.50688444245,-1.78844994315,0.002982,2.233060,0.472534,0,0,0,0,0,0,1461599106160,3080
0.30301258845,3.64812485895,-1.92372149385,0.079179,2.038704,0.542533,0,0,0,0,0,0,1461599106170,3090
0.430507545,3.24111380775,-2.6196825408,0.025164,1.591791,0.640092,0,0,0,0,0,0,1461599106180,3100
0.30091398675,3.2221185204,-3.1990731279,-0.008936,1.134672,0.658517,0,0,0,0,0,0,1461599106190,3110
0.1303290495,3.21447921795,-3.4166412462,0.019079,0.818017,0.564736,0,0,0,0,0,0,1461599106200,3120
-0.10758766005,3.16001363925,-3.36830476125,0.071808,0.609157,0.385417,0,0,0,0,0,0,1461599106210,3130
-0.68652714585,2.7616813848,-2.6793848172,0.259099,0.598327,-0.005317,0,0,0,0,0,0,1461599106230,3150
-0.86504558205,2.541269367,-2.4710936952,0.388524,0.761936,-0.125353,0,0,0,0,0,0,1461599106240,3160
-1.0356305193,2.47318249035,-2.2853968644,0.528614,0.882265,-0.195793,0,0,0,0,0,0,1461599106250,3170
-1.11777998865,2.73115359465,-1.91114949675,0.685668,0.931695,-0.209490,0,0,0,0,0,0,1461599106260,3180
-1.1701567722,3.2915488944,-1.33864310775,0.858721,0.942046,-0.178928,0,0,0,0,0,0,1461599106270,3190
-1.3226290116,4.36892589705,-0.5632293927,0.985641,0.906742,-0.155849,0,0,0,0,0,0,1461599106280,3200
-1.76630675325,6.2179803192,1.18976006565,0.915180,0.699334,-0.184875,0,0,0,0,0,0,1461599106290,3210
-2.56685465595,9.2602270995,6.3927526533,0.678313,0.289199,-0.222865,0,0,0,0,0,0,1461599106300,3220
0.257520003,21.2585017983,30.0711677624,0.683326,-1.059244,-0.044685,0,0,0,0,0,0,1461599106320,3240
2.014853763,26.1869109859,32.6437102173,-0.649869,0.214630,0.250546,0,0,0,0,0,0,1461599106330,3250
1.86117531795,22.5558397175,22.5922024048,-0.699124,2.500842,0.448100,0,0,0,0,0,0,1461599106340,3260
1.40822058,17.59855024,12.8266535904,-0.649957,3.275206,0.622202,0,0,0,0,0,0,1461599106350,3270
0.57669378585,13.707115069,6.0698425749,-0.524589,2.647800,0.689876,0,0,0,0,0,0,1461599106360,3280
-0.520139412,10.6105400017,2.38849312455,-0.328616,1.449476,0.672756,0,0,0,0,0,0,1461599106370,3290
-2.055845142,7.4343651681,0.69745164255,-0.098923,0.404060,0.634384,0,0,0,0,0,0,1461599106380,3300
-2.86613094885,5.94593681565,-0.45609283395,0.132151,-0.053780,0.514075,0,0,0,0,0,0,1461599106390,3310
-2.34599153685,6.44228553735,-2.96219591265,0.903381,0.316478,0.256088,0,0,0,0,0,0,1461599106410,3330
-1.87209981465,7.8846231048,-3.93273055305,1.444074,0.246752,0.246468,0,0,0,0,0,0,1461599106420,3340
-1.44084697185,10.1976940533,-3.08579766885,2.013273,0.080424,0.274069,0,0,0,0,0,0,1461599106430,3350
0.01989748995,13.8142516278,-0.0763145721,2.409414,-0.342843,0.294391,0,0,0,0,0,0,1461599106440,3360
1.59392721735,17.3800799191,0.04937597925,0.859191,-2.849828,0.686353,0,0,0,0,0,0,1461599106450,3370
-0.1945227258,19.8146638287,2.7088633065,-0.879138,-4.156396,0.654160,0,0,0,0,0,0,1461599106460,3380
-2.26579357095,15.3604405597,1.9335966897,-0.805166,-3.270567,0.222665,0,0,0,0,0,0,1461599106470,3390
-3.57840028845,10.5708921201,-2.6506516257,-0.207771,-2.315747,-0.163721,0,0,0,0,0,0,1461599106480,3400
-3.62284357305,8.09965132665,-3.54637209615,0.240986,-1.760522,-0.419310,0,0,0,0,0,0,1461599106490,3410
-3.8089816986,6.74589632535,-2.9931748041,0.525490,-1.522936,-0.542139,0,0,0,0,0,0,1461599106500,3420
-3.3531928677,6.0894360618,-2.2776104637,0.713492,-1.489415,-0.537070,0,0,0,0,0,0,1461599106510,3430
-2.61982963905,6.522336405,-1.72006887,0.859459,-1.557757,-0.515530,0,0,0,0,0,0,1461599106520,3440
-2.19426459525,7.2926605206,-1.593172113,0.969923,-1.679240,-0.502701,0,0,0,0,0,0,1461599106530,3450
-1.9008231996,8.1834482964,-1.80386583975,1.033187,-1.845317,-0.498403,0,0,0,0,0,0,1461599106540,3460
-1.56968542575,9.16446613875,-1.9627809825,1.050863,-1.959045,-0.480431,0,0,0,0,0,0,1461599106550,3470
-1.119123486,10.0010727258,-1.97789287605,1.037218,-1.939610,-0.446027,0,0,0,0,0,0,1461599106560,3480
-0.7179571386,10.7392313574,-1.95365108445,1.005958,-1.797900,-0.424187,0,0,0,0,0,0,1461599106570,3490
-0.2491452093,11.3276047443,-1.9150426971,0.975273,-1.508572,-0.432951,0,0,0,0,0,0,1461599106580,3500
0.16983963945,11.6870246083,-1.8254108301,0.982516,-1.068570,-0.475813,0,0,0,0,0,0,1461599106590,3510
0.48437492415,11.7937198723,-1.82361623145,1.041102,-0.582105,-0.544268,0,0,0,0,0,0,1461599106600,3520
1.0703457063,11.6663818206,-1.818526632,1.160467,-0.112780,-0.604886,0,0,0,0,0,0,1461599106610,3530
1.70211307695,11.2868977552,-1.60873510785,1.380675,0.224518,-0.644164,0,0,0,0,0,0,1461599106620,3540
2.83051355925,10.8276668253,-0.5244739071,1.956152,0.134922,-0.739532,0,0,0,0,0,0,1461599106630,3550
4.174844466,10.3259343076,0.8680365798,2.733311,-0.408374,-0.836615,0,0,0,0,0,0,1461599106640,3560
4.57392201825,9.9183250569,0.88165787775,3.226424,-1.085088,-0.819496,0,0,0,0,0,0,1461599106650,3570
4.1983409598,9.63910315875,0.1934832315,3.247968,-1.625401,-0.663769,0,0,0,0,0,0,1461599106660,3580
3.8523854889,9.34447517055,-0.3953412567,2.900371,-1.991693,-0.420064,0,0,0,0,0,0,1461599106670,3590
3.67895665215,8.7804906735,-0.5463229005,2.367581,-2.254254,-0.174875,0,0,0,0,0,0,1461599106680,3600
3.5338099056,8.26365606885,-0.32605798095,1.799633,-2.468098,0.027378,0,0,0,0,0,0,1461599106690,3610
3.25817720475,7.9069231995,0.09381926385,1.306215,-2.663490,0.164142,0,0,0,0,0,0,1461599106700,3620
2.8926184404,7.78511604195,0.43828413915,0.945192,-2.821187,0.272394,0,0,0,0,0,0,1461599106710,3630
2.5957349457,7.8708547086,0.63729826485,0.724204,-2.915600,0.364029,0,0,0,0,0,0,1461599106720,3640
2.3427063426,8.0526681456,0.67246455315,0.625196,-2.912766,0.421403,0,0,0,0,0,0,1461599106730,3650
2.26818636915,8.2323829809,0.612909375,0.617114,-2.828610,0.436112,0,0,0,0,0,0,1461599106740,3660
2.30603965215,8.5512527607,0.4553377296,0.670912,-2.696159,0.388916,0,0,0,0,0,0,1461599106750,3670
2.28464176005,8.86713154275,0.38501495955,0.794782,-2.585656,0.276961,0,0,0,0,0,0,1461599106760,3680
2.0515106469,9.127348347,0.479736426,1.012008,-2.553414,0.117637,0,0,0,0,0,0,1461599106770,3690
1.734582564,9.31125057915,0.8939258718,1.319763,-2.552344,-0.050226,0,0,0,0,0,0,1461599106780,3700
1.3675233975,9.355840962,1.64060639535,1.647262,-2.461782,-0.189718,0,0,0,0,0,0,1461599106790,3710
1.14321817935,9.27414259395,2.52900137295,1.906580,-2.156914,-0.285057,0,0,0,0,0,0,1461599106800,3720
1.00435743135,9.1693988334,3.1993673244,2.012471,-1.599302,-0.350065,0,0,0,0,0,0,1461599106810,3730
1.01153582595,9.00479589165,3.4901119188,1.941064,-0.859183,-0.400108,0,0,0,0,0,0,1461599106820,3740
1.08231950385,8.7725669811,3.4283110407,1.704548,-0.064253,-0.438611,0,0,0,0,0,0,1461599106830,3750
1.2612792348,8.73201689685,2.99481249795,1.352438,0.647093,-0.463030,0,0,0,0,0,0,1461599106840,3760
1.5660864219,8.9691883086,2.23780567725,0.992964,1.140546,-0.470229,0,0,0,0,0,0,1461599106850,3770
1.91638619445,9.4984478121,1.37051439525,0.732439,1.318044,-0.446059,0,0,0,0,0,0,1461599106860,3780
2.22089918505,10.4079366787,0.65675446005,0.601870,1.205971,-0.406532,0,0,0,0,0,0,1461599106870,3790
2.5327376685,11.4205218056,0.00867879675,0.541942,0.927629,-0.386220,0,0,0,0,0,0,1461599106880,3800
2.99571470055,12.2076151216,-0.55425639945,0.508556,0.627871,-0.374863,0,0,0,0,0,0,1461599106890,3810
3.45689713395,12.8190240945,-0.82599589995,0.510480,0.328177,-0.340367,0,0,0,0,0,0,1461599106900,3820
3.80614760565,13.4371701672,-0.43214523885,0.598730,-0.051063,-0.240220,0,0,0,0,0,0,1461599106910,3830
4.0944895953,13.9411483848,0.5939042811,0.731514,-0.535347,-0.088181,0,0,0,0,0,0,1461599106920,3840
4.3303175097,14.2754340612,1.77917294685,0.780087,-1.006561,0.073270,0,0,0,0,0,0,1461599106930,3850
3.9767325429,13.5975759056,4.17903186285,0.287349,-1.376651,0.320308,0,0,0,0,0,0,1461599106950,3870
3.5724084864,13.6514530912,5.5012195797,-0.306900,-1.165995,0.381796,0,0,0,0,0,0,1461599106960,3880
3.3467597709,14.2272446745,6.64175076435,-0.998028,-0.636347,0.391676,0,0,0,0,0,0,1461599106970,3890
3.55400159205,14.6097197376,7.17414836385,-1.612387,0.150080,0.347858,0,0,0,0,0,0,1461599106980,3900
4.0234117209,14.501533878,6.97917453675,-2.113683,0.940292,0.284972,0,0,0,0,0,0,1461599106990,3910
4.60071351285,13.8958028976,4.37086759395,-2.534302,1.639856,0.221607,0,0,0,0,0,0,1461599107000,3920
3.91058736315,13.1121614871,3.65141985975,-2.853099,2.205123,0.160368,0,0,0,0,0,0,1461599107010,3930
3.0786094677,12.4669297233,3.5595422928,-3.100183,2.587253,0.101063,0,0,0,0,0,0,1461599107020,3940
2.25471216945,12.2694061932,2.99571470055,-3.260800,2.952306,0.068557,0,0,0,0,0,0,1461599107030,3950
2.1254324208,11.8092828672,0.65196886365,-3.239035,3.434568,0.138932,0,0,0,0,0,0,1461599107040,3960
2.51642937585,11.2186637803,-1.90471639995,-2.941058,3.994603,0.338715,0,0,0,0,0,0,1461599107050,3970
2.601873846,11.411097711,-2.91222173385,-2.573960,4.430615,0.624135,0,0,0,0,0,0,1461599107060,3980
2.6611250211,12.1986323218,-3.29334349305,-2.334036,4.622198,0.886006,0,0,0,0,0,0,1461599107070,3990
2.6099544432,13.4464471635,-3.6123603711,-2.232203,4.601634,1.024543,0,0,0,0,0,0,1461599107080,4000
2.55608706405,14.8241497599,-3.92719965885,-2.219089,4.453641,1.009197,0,0,0,0,0,0,1461599107090,4010
2.38070672385,16.1883781566,-4.5475914315,-2.251138,4.138721,0.837089,0,0,0,0,0,0,1461599107100,4020
2.084284137,17.0003016573,-5.1018380244,-2.247351,3.618484,0.527407,0,0,0,0,0,0,1461599107110,4030
1.54828753365,17.1146264172,-5.55434166105,-2.166940,2.874258,0.161686,0,0,0,0,0,0,1461599107120,4040
0.8511300876,16.6164830968,-5.5993831452,-1.993160,2.002234,-0.188986,0,0,0,0,0,0,1461599107130,4050
0.2147242188,15.2974432825,-5.50825087605,-1.773425,1.057437,-0.436290,0,0,0,0,0,0,1461599107140,4060
-0.19676842575,13.6062547023,-4.88337751005,-1.590573,0.098833,-0.549115,0,0,0,0,0,0,1461599107150,4070
-0.45279783315,12.0932903617,-1.40238568275,-1.717274,-0.757937,-0.531472,0,0,0,0,0,0,1461599107160,4080
-0.5253761097,10.4269417727,2.4350252043,-2.454843,-1.619179,-0.350819,0,0,0,0,0,0,1461599107170,4090
-0.65840196045,9.15548333895,2.33102674155,-3.134865,-2.152074,-0.042917,0,0,0,0,0,0,1461599107180,4100
-0.7206441333,8.4758403912,2.19710849475,-3.323359,-2.084544,0.246042,0,0,0,0,0,0,1461599107190,4110
-1.09473459615,8.2763751642,1.9904550666,-3.274583,-1.840956,0.415209,0,0,0,0,0,0,1461599107200,4120
-1.1411293842,7.72541376555,1.6397139993,-2.899125,-1.211263,0.425260,0,0,0,0,0,0,1461599107210,4130
-1.00929993255,7.2878749242,0.9415072524,-2.384784,-0.527924,0.409022,0,0,0,0,0,0,1461599107220,4140
-0.9427036515,6.7500837222,-0.02529109245,-1.816540,0.075222,0.356399,0,0,0,0,0,0,1461599107230,4150
-0.73501072905,6.10754875965,-0.7534176234,-1.231988,0.732645,0.314796,0,0,0,0,0,0,1461599107240,4160
-0.4966429182,5.2775125611,-1.12182028725,-0.657768,1.427621,0.314132,0,0,0,0,0,0,1461599107250,4170
-0.48033462555,4.68136258005,-1.57043072355,-0.153437,1.980552,0.351122,0,0,0,0,0,0,1461599107260,4180
-0.4094038494,4.1268119841,-1.9787852721,0.163634,2.177919,0.415209,0,0,0,0,0,0,1461599107270,4190
-0.0383043843,3.76678411395,-2.486352687,0.143100,1.825480,0.500567,0,0,0,0,0,0,1461599107280,4200
0.11896325805,3.6556072566,-3.47649062085,0.064330,1.168585,0.526047,0,0,0,0,0,0,1461599107290,4210
0.0701756718,3.60264208005,-3.6354057636,0.033975,0.627200,0.512748,0,0,0,0,0,0,1461599107300,4220
-0.06808687665,3.62688387165,-3.353643969,0.059197,0.378784,0.440942,0,0,0,0,0,0,1461599107310,4230
-0.3520943712,3.69466674525,-2.90608283355,0.127933,0.371113,0.291065,0,0,0,0,0,0,1461599107320,4240
-0.7155643404,3.42457474515,-2.61129794055,0.226899,0.465217,0.107768,0,0,0,0,0,0,1461599107330,4250
-0.9940311342,3.0370100826,-2.4763303929,0.356893,0.555159,-0.050259,0,0,0,0,0,0,1461599107340,4260
-1.1293026849,2.86642514535,-2.4577764003,0.505015,0.611280,-0.171458,0,0,0,0,0,0,1461599107350,4270
-1.20262625925,2.8356031587,-2.373381231,0.669142,0.629386,-0.248388,0,0,0,0,0,0,1461599107360,4280
-1.24661844255,3.0015495978,-2.0595912441,0.835454,0.614890,-0.273417,0,0,0,0,0,0,1461599107370,4290
-1.22880974775,3.5571494946,-1.3359463065,0.991366,0.620952,-0.254469,0,0,0,0,0,0,1461599107380,4300
-1.2778915305,4.75334265705,-0.4514543358,1.104730,0.650589,-0.228536,0,0,0,0,0,0,1461599107390,4310
-1.6416556962,6.75068192175,1.185415764,1.034815,0.546457,-0.242751,0,0,0,0,0,0,1461599107400,4320
-2.53064887335,10.274910828,7.4288342739,0.617406,0.072179,-0.252057,0,0,0,0,0,0,1461599107410,4330
-2.6675581179,15.3587930593,21.4699310163,1.027786,-0.670862,-0.028076,0,0,0,0,0,0,1461599107420,4340
0.73636403295,22.1934288557,29.1995321787,0.611970,-1.355088,0.345391,0,0,0,0,0,0,1461599107430,4350
3.62717806815,26.0042051529,32.8659168337,-0.754011,0.000617,0.618223,0,0,0,0,0,0,1461599107440,4360
4.7926963422,21.6321411599,23.8480978437,-0.848199,2.439658,0.605503,0,0,0,0,0,0,1461599107450,4370
4.9819823703,16.0058194218,12.2165881149,-0.552709,3.228768,0.712586,0,0,0,0,0,0,1461599107460,4380
4.70007347745,12.1660157365,5.79825017265,-0.181392,2.632129,0.868994,0,0,0,0,0,0,1461599107470,4390
3.5293185057,9.3317560752,1.77827074425,0.183002,1.347553,0.906091,0,0,0,0,0,0,1461599107480,4400
1.53481333395,7.3568541969,-0.0504252801,0.437799,0.244197,0.808344,0,0,0,0,0,0,1461599107490,4410
-0.9012611712,6.90121246425,-0.73336322865,0.498399,-0.309489,0.602301,0,0,0,0,0,0,1461599107500,4420
-2.6584380264,7.84930971825,-0.9241496589,0.526122,-0.326313,0.347186,0,0,0,0,0,0,1461599107510,4430
-3.0949275669,10.512229338,-2.3753229279,1.256625,-0.041667,0.147374,0,0,0,0,0,0,1461599107530,4450
-2.62147713945,12.460790823,-2.24319927975,1.818288,-0.021619,0.205550,0,0,0,0,0,0,1461599107540,4460
-1.2766951314,14.9107906292,0.5451265014,2.343452,0.218365,0.217066,0,0,0,0,0,0,1461599107550,4470
0.2769761982,15.8023138962,1.3429874094,2.012059,-0.206491,0.310850,0,0,0,0,0,0,1461599107560,4480
0.9362705547,16.531489728,4.39032378915,0.042668,-1.677006,0.604201,0,0,0,0,0,0,1461599107570,4490
-3.2228638182,9.13198684515,-1.32487471155,0.772881,-0.123077,0.165749,0,0,0,0,0,0,1461599107520,4440
-2.0063220645,13.6878059721,-0.61515507495,-0.861429,-2.647173,0.364315,0,0,0,0,0,0,1461599107580,4500
-3.0697835727,9.39086015205,-4.10975839365,-0.662646,-2.759718,0.032216,0,0,0,0,0,0,1461599107590,4510
-3.39209545155,7.28323642605,-4.1503084779,-0.232593,-2.489999,-0.294076,0,0,0,0,0,0,1461599107600,4520
-4.00380842745,6.55406059425,-3.3710015625,0.116659,-2.211057,-0.554567,0,0,0,0,0,0,1461599107610,4530
-3.9589238481,5.90029713195,-2.13081621675,0.357815,-1.918830,-0.640274,0,0,0,0,0,0,1461599107620,4540
-3.1550809446,5.4350842065,-1.0227643257,0.537330,-1.690281,-0.585357,0,0,0,0,0,0,1461599107630,4550
-2.5206167727,5.88309644325,-0.64418246295,0.675954,-1.558189,-0.501139,0,0,0,0,0,0,1461599107640,4560
-2.23541287905,7.06027470525,-0.84200018955,0.763431,-1.605953,-0.452255,0,0,0,0,0,0,1461599107650,4570
-1.85982201405,8.31437554545,-1.4070241809,0.780859,-1.789728,-0.413618,0,0,0,0,0,0,1461599107660,4580
-1.3093117167,9.14381354445,-1.5152100405,0.749568,-1.895709,-0.373832,0,0,0,0,0,0,1461599107670,4590
-0.83841099225,9.67038605325,-1.43037357645,0.700817,-1.849608,-0.343138,0,0,0,0,0,0,1461599107680,4600
-0.39997975485,10.2125117503,-1.38024249285,0.659876,-1.713280,-0.334052,0,0,0,0,0,0,1461599107690,4610
0.0011963991,10.7429774595,-1.3606391994,0.677934,-1.486940,-0.355550,0,0,0,0,0,0,1461599107700,4620
0.30466008885,11.1683855985,-1.27160553195,0.781949,-1.104783,-0.415780,0,0,0,0,0,0,1461599107710,4630
0.9359763582,11.4393798012,-1.0230585222,0.986805,-0.559569,-0.537184,0,0,0,0,0,0,1461599107720,4640
1.7179702683,11.4127452114,-0.43948053825,1.339094,0.049832,-0.694445,0,0,0,0,0,0,1461599107730,4650
2.680130115,11.2167220834,0.2617172064,1.818982,0.546248,-0.833619,0,0,0,0,0,0,1461599107740,4660
3.5761545885,10.8620780092,0.57759598845,2.322096,0.699598,-0.897321,0,0,0,0,0,0,1461599107750,4670
4.1120040936,10.4254413705,0.30675869055,2.680025,0.506526,-0.829762,0,0,0,0,0,0,1461599107760,4680
4.3808996946,10.0860660946,-0.35075087385,2.798340,0.096952,-0.647029,0,0,0,0,0,0,1461599107770,4690
4.4765135571,9.5662306857,-0.8922783714,2.658599,-0.532778,-0.420402,0,0,0,0,0,0,1461599107780,4700
4.55268103095,9.0155732901,-1.01437972545,2.324250,-1.239612,-0.198127,0,0,0,0,0,0,1461599107790,4710
4.51376864055,8.5400340675,-0.8425983891,1.891180,-1.813392,-0.001463,0,0,0,0,0,0,1461599107800,4720
3.63316006365,8.06119003755,-0.07122497265,1.088139,-2.197951,0.324876,0,0,0,0,0,0,1461599107820,4740
3.06828317055,8.1810554982,0.17268353895,0.850985,-2.141979,0.467077,0,0,0,0,0,0,1461599107830,4750
2.5893018489,8.20783718625,0.35553647025,0.761052,-2.081254,0.590987,0,0,0,0,0,0,1461599107840,4760
2.18498759895,8.14034850915,0.37409046285,0.792270,-2.094565,0.674787,0,0,0,0,0,0,1461599107850,4770
2.0158932573,8.3178176445,0.2317876158,0.908256,-2.177763,0.688989,0,0,0,0,0,0,1461599107860,4780
1.8144863334,8.50980047385,0.1050477636,1.083611,-2.276611,0.622597,0,0,0,0,0,0,1461599107870,4790
1.71782317005,8.7849820734,0.00912989805,1.279147,-2.331402,0.479704,0,0,0,0,0,0,1461599107880,4800
1.68385328085,9.0469934763,0.09023006655,1.453642,-2.291733,0.300572,0,0,0,0,0,0,1461599107890,4810
1.49725424745,9.19110072855,0.2629136055,1.589181,-2.150813,0.134444,0,0,0,0,0,0,1461599107900,4820
1.22147444835,9.17523373065,0.59136438465,1.711435,-1.934969,0.027746,0,0,0,0,0,0,1461599107910,4830
0.7938206094,9.2048593182,1.17240247215,1.859660,-1.682698,-0.031946,0,0,0,0,0,0,1461599107920,4840
0.320674185,9.25768720305,2.08921683165,2.017742,-1.394144,-0.071136,0,0,0,0,0,0,1461599107930,4850
0.07930556985,9.22865981505,3.2830171959,2.070652,-1.001078,-0.114858,0,0,0,0,0,0,1461599107940,4860
-0.0670375758,9.2772904965,4.3997478837,1.881889,-0.458631,-0.190230,0,0,0,0,0,0,1461599107950,4870
0.10399846275,9.62264776785,4.75453905615,1.430656,0.132136,-0.308696,0,0,0,0,0,0,1461599107960,4880
0.65391056055,10.3771146921,3.5469702957,0.870896,0.574242,-0.437191,0,0,0,0,0,0,1461599107970,4890
1.7842625463,11.3769807236,1.21025575515,0.414750,0.781243,-0.530409,0,0,0,0,0,0,1461599107980,4900
2.77081128285,12.125014551,-0.5508143004,0.141401,0.790199,-0.579103,0,0,0,0,0,0,1461599107990,4910
3.55056929955,12.6132728689,-1.13992317855,0.047774,0.627713,-0.582997,0,0,0,0,0,0,1461599108000,4920
4.18038516675,12.9477154501,-1.12870448535,0.108321,0.282377,-0.512134,0,0,0,0,0,0,1461599108010,4930
4.6643089896,13.1097686889,-0.6178518762,0.313459,-0.253126,-0.352644,0,0,0,0,0,0,1461599108020,4940
4.5571626243,13.0717585011,0.65316526275,0.584831,-0.844584,-0.108991,0,0,0,0,0,0,1461599108030,4950
3.84280448955,12.7992737028,2.0127551613,0.748295,-1.256858,0.159651,0,0,0,0,0,0,1461599108040,4960
3.16599563475,12.6936277396,3.0157690953,0.684200,-1.452925,0.376865,0,0,0,0,0,0,1461599108050,4970
2.60606124285,12.8929458684,3.81407129805,0.363234,-1.494762,0.491176,0,0,0,0,0,0,1461599108060,4980
2.3139731511,13.4642558583,4.8333935247,-0.206329,-1.421891,0.482958,0,0,0,0,0,0,1461599108070,4990
2.61624044175,14.5826340465,5.889225537,-0.955937,-1.216123,0.394415,0,0,0,0,0,0,1461599108080,5000
3.5115098109,15.4098263455,6.81966119445,-1.722136,-0.900816,0.297444,0,0,0,0,0,0,1461599108090,5010
4.5600065238,15.1853642226,7.36314019545,-2.352509,-0.537918,0.217851,0,0,0,0,0,0,1461599108100,5020
5.12428521735,13.9812473677,6.8111393025,-2.843345,-0.036882,0.176696,0,0,0,0,0,0,1461599108110,5030
5.0240328567,12.9827248336,5.24070857895,-3.178130,0.713885,0.168479,0,0,0,0,0,0,1461599108120,5040
4.4168112807,12.5357618977,4.3093707189,-3.370805,1.536262,0.119193,0,0,0,0,0,0,1461599108130,5050
3.38970265335,12.1697520321,4.09389139575,-3.482942,2.225562,0.085018,0,0,0,0,0,0,1461599108140,5060
2.45537379555,12.1521002421,3.5426358006,-3.427696,2.791755,0.155883,0,0,0,0,0,0,1461599108150,5070
2.87166184305,12.2258651112,-1.3199420169,-2.721290,3.785048,0.571426,0,0,0,0,0,0,1461599108170,5090
3.5320055004,13.7602371504,-3.2870574945,-2.141467,4.132682,0.782764,0,0,0,0,0,0,1461599108190,5110
3.50328211545,15.3628333579,-3.70155094335,-1.988019,4.012839,0.599134,0,0,0,0,0,0,1461599108200,5120
3.5390466033,16.3016536157,-4.0828198008,-1.858732,3.811687,0.340353,0,0,0,0,0,0,1461599108210,5130
3.42292724475,16.3544716939,-4.14208078245,-1.735108,3.541412,0.080979,0,0,0,0,0,0,1461599108220,5140
2.88468494145,16.1539669727,-4.07174820585,-1.616981,3.216028,-0.153282,0,0,0,0,0,0,1461599108230,5150
2.24349347625,15.6432516552,-4.06247120955,-1.527056,2.766525,-0.354348,0,0,0,0,0,0,1461599108240,5160
1.52853714195,14.8636505433,-4.52918453715,-1.505411,2.062237,-0.516692,0,0,0,0,0,0,1461599108250,5170
0.7324708326,14.0234449524,-5.19581419305,-1.582823,1.140477,-0.640763,0,0,0,0,0,0,1461599108260,5180
0.0314201862,13.3261404081,-5.29666475325,-1.792146,0.239895,-0.684622,0,0,0,0,0,0,1461599108270,5190
-1.04476041735,9.2582854026,1.24901124075,-3.812913,-1.791565,-0.030487,0,0,0,0,0,0,1461599108300,5220
-1.1423257833,8.5531944576,1.19380036425,-3.842140,-1.817709,0.165624,0,0,0,0,0,0,1461599108310,5230
-1.3827823893,8.11820531925,1.12421308545,-3.583293,-1.529686,0.240654,0,0,0,0,0,0,1461599108320,5240
-1.36617990015,7.45157566335,0.8677423833,-3.079980,-0.935539,0.240735,0,0,0,0,0,0,1461599108330,5250
-1.16192907675,6.57590958765,0.381867057,-2.469677,-0.324338,0.289068,0,0,0,0,0,0,1461599108340,5260
-0.7396492272,5.52919766685,0.017063397,-1.815131,0.340348,0.397196,0,0,0,0,0,0,1461599108350,5270
-0.320674185,4.6465002948,-0.56308229445,-1.179855,0.974399,0.526522,0,0,0,0,0,0,1461599108360,5280
-0.12778915305,4.0093491282,-1.1873574609,-0.603250,1.401100,0.639508,0,0,0,0,0,0,1461599108370,5290
-0.07122497265,3.54443039925,-1.66080788835,-0.118557,1.610768,0.707580,0,0,0,0,0,0,1461599108380,5300
0.0459338802,3.1133246547,-1.8104460348,0.189940,1.603694,0.736801,0,0,0,0,0,0,1461599108390,5310
0.1586111397,2.56730575725,-1.5375101352,0.180319,1.345511,0.770718,0,0,0,0,0,0,1461599108400,5320
0.138860748,2.5828687521,-1.9961428656,0.105259,1.067922,0.742144,0,0,0,0,0,0,1461599108410,5330
0.0044913999,2.81884376475,-2.3950733196,0.109364,0.937026,0.587421,0,0,0,0,0,0,1461599108420,5340
-0.4866206241,2.74611838995,-2.60441374245,0.277270,0.974441,0.094990,0,0,0,0,0,0,1461599108440,5360
-0.6197935731,2.45911989765,-2.4725842908,0.414557,1.066148,-0.109978,0,0,0,0,0,0,1461599108450,5370
-0.71196533655,2.4238065111,-2.2821018636,0.591759,1.188045,-0.242541,0,0,0,0,0,0,1461599108460,5380
-0.79755690495,2.64840592575,-2.02143395805,0.779721,1.275273,-0.311575,0,0,0,0,0,0,1461599108470,5390
-0.88718877195,2.9644416126,-1.4752581558,0.966612,1.323480,-0.335134,0,0,0,0,0,0,1461599108480,5400
-0.99178543425,3.5813912862,-0.93612345645,1.139489,1.326130,-0.339812,0,0,0,0,0,0,1461599108490,5410
-1.26068103525,4.5665965254,0.24076060905,1.242674,1.266177,-0.351926,0,0,0,0,0,0,1461599108500,5420
-2.12228451825,6.69366664005,3.59605207845,1.094624,0.925817,-0.412421,0,0,0,0,0,0,1461599108510,5430
-3.1145210538,9.9959929329,12.8874051676,0.961054,0.193533,-0.391428,0,0,0,0,0,0,1461599108520,5440
1.4179486776,21.4501806246,29.3059234396,0.423288,-1.843810,-0.095567,0,0,0,0,0,0,1461599108540,5460
2.9382581241,23.1458606047,27.3605098572,-0.507680,-0.117142,0.173731,0,0,0,0,0,0,1461599108550,5470
3.34047377235,19.5734423118,18.1454713401,-0.368306,2.316558,0.398724,0,0,0,0,0,0,1461599108560,5480
3.0341661831,15.1973380201,9.28955849055,-0.248438,3.037421,0.703868,0,0,0,0,0,0,1461599108570,5490
-3.8417551887,12.2439680025,-0.5413803993,1.942628,-0.194804,0.281697,0,0,0,0,0,0,1461599108640,5560
-1.145012778,13.7768396395,3.16240643745,2.271439,-0.152479,0.530748,0,0,0,0,0,0,1461599108650,5570
3.4485125337,16.0748085011,10.1897703609,1.646365,-0.432735,0.938572,0,0,0,0,0,0,1461599108660,5580
3.92629745625,17.6700792158,12.0085911894,0.344327,-0.374429,1.118842,0,0,0,0,0,0,1461599108670,5590
0.8758229805,15.4580059257,3.1344283503,-0.429535,-0.547167,0.746692,0,0,0,0,0,0,1461599108680,5600
-1.8584785167,10.7504500506,-6.7113282366,-0.386265,-1.324476,0.204070,0,0,0,0,0,0,1461599108690,5610
-2.94273971745,7.3653858954,-8.5400340675,0.059832,-1.890267,-0.195148,0,0,0,0,0,0,1461599108700,5620
-3.12335675535,5.55104666025,-6.4629283251,0.423344,-2.031066,-0.396790,0,0,0,0,0,0,1461599108710,5630
-3.3879080547,4.5980167116,-4.69467987495,0.595803,-2.068189,-0.459385,0,0,0,0,0,0,1461599108720,5640
-3.1432542453,4.43521817505,-3.0973203651,0.669294,-2.108736,-0.447613,0,0,0,0,0,0,1461599108730,5650
-2.61384764355,5.17186659795,-2.10537802605,0.718080,-2.199063,-0.416905,0,0,0,0,0,0,1461599108740,5660
-2.14862491155,6.5361048012,-1.47436575975,0.740087,-2.275784,-0.427403,0,0,0,0,0,0,1461599108750,5670
-1.68236268525,7.76985705015,-1.20741185565,0.713015,-2.317542,-0.476581,0,0,0,0,0,0,1461599108760,5680
-1.2588864366,9.0155732901,-1.14935707965,0.648728,-2.311494,-0.548437,0,0,0,0,0,0,1461599108770,5690
-0.86788948155,10.0989420948,-1.03024672335,0.550873,-2.178805,-0.624151,0,0,0,0,0,0,1461599108780,5700
-0.44277553905,10.9253792895,-0.86294698035,0.459168,-1.887538,-0.683522,0,0,0,0,0,0,1461599108790,5710
0.0104733954,11.477389989,-0.6067704747,0.433523,-1.422834,-0.706684,0,0,0,0,0,0,1461599108800,5720
0.26186430465,11.6117593371,-0.2629136055,0.497299,-0.792354,-0.714162,0,0,0,0,0,0,1461599108810,5730
0.57116289165,11.402271816,-0.0499741788,0.657827,-0.003754,-0.731668,0,0,0,0,0,0,1461599108820,5740
1.03458121845,10.9761085726,-0.0872390688,0.907197,0.819868,-0.724044,0,0,0,0,0,0,1461599108830,5750
1.39161809085,10.4552238628,-0.38830996035,1.217115,1.535247,-0.658271,0,0,0,0,0,0,1461599108840,5760
2.05854194325,9.9285042558,-0.2118803193,1.751821,1.927819,-0.575078,0,0,0,0,0,0,1461599108850,5770
3.28361539545,9.358390665,0.7869364113,2.642086,1.722314,-0.539980,0,0,0,0,0,0,1461599108860,5780
4.03373801805,8.94958501515,0.7674802161,3.458441,1.184532,-0.447647,0,0,0,0,0,0,1461599108870,5790
4.08865469805,8.7305164947,-0.080805972,3.818663,0.484866,-0.274997,0,0,0,0,0,0,1461599108880,5800
3.8812559721,8.6753056182,-1.01334023115,3.683231,-0.363976,-0.047216,0,0,0,0,0,0,1461599108890,5810
3.7896824082,8.5063583748,-1.27923502785,3.248847,-1.241727,0.179688,0,0,0,0,0,0,1461599108900,5820
3.8736264762,8.24345457585,-1.2015769584,2.643749,-2.071463,0.358415,0,0,0,0,0,0,1461599108910,5830
3.122601651,8.6820329115,-0.7299211296,1.248145,-3.057459,0.523387,0,0,0,0,0,0,1461599108930,5850
2.8683766488,8.869828344,0.060604479,0.748286,-2.956761,0.567044,0,0,0,0,0,0,1461599108940,5860
2.62716493845,8.90604393315,0.3347367777,0.461338,-2.738648,0.607808,0,0,0,0,0,0,1461599108950,5870
2.41438241655,8.88164523675,0.3209683815,0.374645,-2.586124,0.631260,0,0,0,0,0,0,1461599108960,5880
2.22135028635,8.93297271945,0.2251976142,0.454761,-2.545089,0.602169,0,0,0,0,0,0,1461599108970,5890
1.8379828272,9.12076815195,0.03725508345,0.972629,-2.741870,0.369887,0,0,0,0,0,0,1461599108990,5910
1.65107979075,9.20351582085,0.1429010466,1.278980,-2.802567,0.190804,0,0,0,0,0,0,1461599109000,5920
1.4338156755,9.1144821534,0.4776378243,1.539207,-2.707665,0.035952,0,0,0,0,0,0,1461599109010,5930
1.13843258295,8.87685964035,1.0646579073,1.743989,-2.428147,-0.057017,0,0,0,0,0,0,1461599109020,5940
0.6352094697,8.74653059085,1.65033449295,1.900728,-1.971543,-0.096764,0,0,0,0,0,0,1461599109030,5950
0.17746913535,8.67470741865,2.338666044,1.995354,-1.349766,-0.118446,0,0,0,0,0,0,1461599109040,5960
-0.28879309095,8.6856221088,3.12500425575,1.996500,-0.620432,-0.159629,0,0,0,0,0,0,1461599109050,5970
-0.9121856679,8.98265270175,3.8845509729,1.863197,0.134632,-0.227111,0,0,0,0,0,0,1461599109060,5980
-0.94375295235,9.81762159495,4.2373906419,1.579649,0.743087,-0.331951,0,0,0,0,0,0,1461599109070,5990
0.26306070375,11.3081485491,3.3464655744,1.196460,0.850575,-0.477887,0,0,0,0,0,0,1461599109080,6000
2.47677168765,12.42293754,1.59063221655,0.770166,0.399946,-0.603063,0,0,0,0,0,0,1461599109090,6010
4.61238330735,13.5630176233,-0.9925405386,0.062267,-0.774606,-0.640867,0,0,0,0,0,0,1461599109110,6030
5.11216432155,13.8996960979,-1.03173731895,-0.135981,-1.042304,-0.528661,0,0,0,0,0,0,1461599109120,6040
5.6340983322,13.9754124705,-0.1897371294,-0.174527,-1.202708,-0.369954,0,0,0,0,0,0,1461599109130,6050
6.0197114913,13.7994437373,1.2481188447,-0.073019,-1.327204,-0.189751,0,0,0,0,0,0,1461599109140,6060
5.72268089835,13.4243039736,2.65738872555,0.053737,-1.343995,0.039194,0,0,0,0,0,0,1461599109150,6070
4.5407072334,12.922875459,3.6984030408,0.101273,-1.205112,0.289461,0,0,0,0,0,0,1461599109160,6080
3.541733598,12.6903327388,4.6186693059,-0.040978,-0.965192,0.462388,0,0,0,0,0,0,1461599109170,6090
3.15881724015,13.3155199145,5.4196683099,-0.469449,-0.666832,0.511525,0,0,0,0,0,0,1461599109180,6100
3.44073593955,14.5259227679,6.09003426135,-1.151187,-0.351491,0.453252,0,0,0,0,0,0,1461599109190,6110
4.06037260785,15.0291458811,6.55764979155,-1.903860,-0.116995,0.365003,0,0,0,0,0,0,1461599109200,6120
4.57647172125,14.1789179961,6.16081793925,-2.566280,-0.027004,0.333241,0,0,0,0,0,0,1461599109210,6130
4.63003509735,13.1802483637,4.37700649425,-3.138818,0.064214,0.360390,0,0,0,0,0,0,1461599109220,6140
4.0383765162,12.5882857795,2.68955420955,-3.565366,0.369565,0.347762,0,0,0,0,0,0,1461599109230,6150
2.84787115275,12.3255192723,2.7096086043,-3.772324,0.915134,0.255524,0,0,0,0,0,0,1461599109240,6160
1.3998457863,12.2447231068,3.82050439485,-3.799449,1.580330,0.158571,0,0,0,0,0,0,1461599109250,6170
0.5192372094,12.8808249726,3.39015375465,-3.615768,2.299730,0.141285,0,0,0,0,0,0,1461599109260,6180
1.6263967044,13.4365719676,-0.12494525355,-3.165953,2.999058,0.250453,0,0,0,0,0,0,1461599109270,6190
2.89755113505,13.3892847835,-3.159866541,-2.664392,3.502163,0.455394,0,0,0,0,0,0,1461599109280,6200
3.34571047005,13.0722096024,-2.8804975446,-2.203013,4.044021,0.707938,0,0,0,0,0,0,1461599109290,6210
3.5171976099,12.7690499157,-1.80251253585,-1.801405,4.620834,0.916567,0,0,0,0,0,0,1461599109300,6220
3.52662170445,12.9911094339,-1.4507221677,-1.479958,5.066019,0.981857,0,0,0,0,0,0,1461599109310,6230
3.3528986712,13.5875536114,-1.79698164165,-1.229450,5.273402,0.933646,0,0,0,0,0,0,1461599109320,6240
3.1009095624,13.7868717402,-2.31696414885,-1.024259,5.201803,0.823551,0,0,0,0,0,0,1461599109330,6250
2.6449638267,13.9026870957,-3.0916325661,-0.880840,4.740788,0.669871,0,0,0,0,0,0,1461599109340,6260
1.83767882415,14.0517270426,-4.0452607143,-0.829757,3.976559,0.467281,0,0,0,0,0,0,1461599109350,6270
0.9638073471,14.3441191374,-4.4304227721,-0.901896,2.945174,0.188674,0,0,0,0,0,0,1461599109360,6280
0.16370073915,14.9267949187,-4.02326462265,-1.256953,1.463418,-0.121502,0,0,0,0,0,0,1461599109370,6290
-0.2463013098,15.8868659703,-1.7757308478,-2.400501,-0.756557,-0.320843,0,0,0,0,0,0,1461599109380,6300
-0.2054472225,15.3930669516,-0.8361652923,-3.012806,-1.914280,-0.492544,0,0,0,0,0,0,1461599109390,6310
-0.2175681183,13.3969142794,-0.61231117545,-3.139191,-2.126526,-0.624507,0,0,0,0,0,0,1461599109400,6320
-0.0972613629,11.69136891,-0.1303290495,-3.028094,-1.851597,-0.654889,0,0,0,0,0,0,1461599109410,6330
-0.1517269416,10.2533658376,0.1490399469,-2.821140,-1.400307,-0.673807,0,0,0,0,0,0,1461599109420,6340
-0.49604471865,8.77914717615,0.0998110659,-2.502486,-0.791980,-0.699696,0,0,0,0,0,0,1461599109430,6350
-0.7391981259,7.69742587185,-0.14485255005,-2.130145,-0.147363,-0.686282,0,0,0,0,0,0,1461599109440,6360
-0.95183354955,6.89119017015,-0.26260960245,-1.720979,0.590925,-0.647804,0,0,0,0,0,0,1461599109450,6370
-1.0722874032,5.9978624979,-0.20934042285,-1.292062,1.399737,-0.556620,0,0,0,0,0,0,1461599109460,6380
-1.0505953146,4.95265097925,-0.34147387755,-0.881291,2.168523,-0.418757,0,0,0,0,0,0,1461599109470,6390
-1.21145215425,4.14431667585,-0.54527359965,-0.514599,2.848270,-0.256826,0,0,0,0,0,0,1461599109480,6400
-1.3226290116,3.3811807614,-0.8131198998,-0.197739,3.360205,-0.082167,0,0,0,0,0,0,1461599109490,6410
-1.3642283967,2.5824176508,-1.05193881195,-0.004878,3.587584,0.110106,0,0,0,0,0,0,1461599109500,6420
-1.28088252825,1.96726257585,-1.2717526302,-0.031318,3.446793,0.338165,0,0,0,0,0,0,1461599109510,6430
-1.0220190279,1.4435437731,-1.46508876345,-0.105408,3.168853,0.554705,0,0,0,0,0,0,1461599109520,6440
-0.67291565445,1.31320491705,-1.69597417665,-0.127811,3.069808,0.674410,0,0,0,0,0,0,1461599109530,6450
-0.12988775475,1.72619796375,-1.46269596525,-0.087486,3.237826,0.686280,0,0,0,0,0,0,1461599109540,6460
0.27039600315,2.07140813685,-1.1584869777,-0.090138,3.396122,0.366982,0,0,0,0,0,0,1461599109550,6470
2.68117941585,1.8049151406,-2.33910733875,-0.127275,3.410671,-0.134534,0,0,0,0,0,0,1461599109560,6480
2.0797927371,2.05734554415,-2.23511868255,-0.099993,3.332941,-0.428579,0,0,0,0,0,0,1461599109570,6490
1.0296485238,3.33358957425,-1.85742921585,0.020892,3.207811,-0.474492,0,0,0,0,0,0,1461599109580,6500
0.3645094635,4.6049009097,-1.19483985855,0.238991,3.162549,-0.321211,0,0,0,0,0,0,1461599109590,6510
0.27831969555,5.75215938765,-0.8542681836,0.480975,3.150646,-0.104948,0,0,0,0,0,0,1461599109600,6520
0.3402676719,7.0403772153,-0.7001484438,0.657383,3.060033,0.084510,0,0,0,0,0,0,1461599109610,6530
0.24884120625,8.8690830462,-0.59944498185,0.763294,2.787255,0.205744,0,0,0,0,0,0,1461599109620,6540
-0.7263319323,11.8401048539,-0.7902314121,0.783984,1.694239,0.265733,0,0,0,0,0,0,1461599109630,6550
-4.9855715676,18.3163504738,-1.9316549928,-0.008646,-6.029721,0.381940,0,0,0,0,0,0,1461599109640,6560
-1.6751744841,20.1010641214,5.8780068438,0.105289,-12.565854,0.832759,0,0,0,0,0,0,1461599109650,6570
-3.3063567849,29.0021655534,49.0340934973,-0.165388,-13.847713,0.841306,0,0,0,0,0,0,1461599109660,6580
-2.12273561955,21.1121488461,43.1848198451,-0.556143,-5.061020,0.566243,0,0,0,0,0,0,1461599109670,6590
-1.1903582652,13.2103250526,20.6137211358,-0.498334,0.539493,0.673274,0,0,0,0,0,0,1461599109680,6600
-0.4759903239,9.57057498735,13.666712083,-0.365458,3.966742,0.767955,0,0,0,0,0,0,1461599109690,6610
-0.352839669,7.66884958515,9.0514848762,-0.331579,5.709969,0.777486,0,0,0,0,0,0,1461599109700,6620
0.0101791989,7.0239218244,5.62781233365,-0.371738,6.494830,0.749969,0,0,0,0,0,0,1461599109710,6630
2.9381012193,6.68723354325,-3.19188492675,-0.754876,6.037716,0.481545,0,0,0,0,0,0,1461599109720,6640
5.3692430298,7.45636125975,-9.39848964795,-2.020205,3.059665,-0.461297,0,0,0,0,0,0,1461599109730,6650
0.6803980521,11.7061768005,-1.3456744041,-1.525179,2.283594,-0.650811,0,0,0,0,0,0,1461599109740,6660
-0.8858452746,14.9802210031,-0.8099818038,-0.414015,2.048964,-0.582737,0,0,0,0,0,0,1461599109750,6670
-1.45849876185,17.5276194639,-1.4926157493,0.411092,1.738261,-0.706849,0,0,0,0,0,0,1461599109760,6680
-2.2012958916,18.3039353815,-1.99929076815,0.951248,1.131339,-1.019876,0,0,0,0,0,0,1461599109770,6690
-2.8004368704,17.0689867335,-1.54589473545,1.183392,0.397566,-1.349519,0,0,0,0,0,0,1461599109780,6700
-3.45958412865,14.2890455526,-1.75373475615,1.207000,-0.211078,-1.668723,0,0,0,0,0,0,1461599109790,6710
-3.6092222751,10.7823311446,-2.2210462833,1.192746,-0.767987,-1.909314,0,0,0,0,0,0,1461599109800,6720
-3.68943004755,8.1948238944,-1.66171009095,1.240772,-1.174813,-1.962543,0,0,0,0,0,0,1461599109810,6730
-3.68943004755,8.1948238944,-1.66171009095,1.341417,-1.490683,-1.772390,0,0,0,0,0,0,1461599109820,6740
-3.6500763624,5.4629151954,-0.7412967276,1.460980,-1.803091,-1.390532,0,0,0,0,0,0,1461599109830,6750
-3.10060555935,4.98946476795,-0.17582163495,1.519936,-2.106483,-0.963301,0,0,0,0,0,0,1461599109840,6760
-2.7197878032,5.03630085075,0.4541413305,1.495574,-2.388684,-0.580974,0,0,0,0,0,0,1461599109850,6770
-2.24139487455,5.3707336254,1.2431763435,1.218623,-2.276392,-0.315340,0,0,0,0,0,0,1461599109860,6780
-1.64390139615,5.82398255985,1.8137410356,0.438371,-1.409329,-0.306873,0,0,0,0,0,0,1461599109870,6790
-1.1834740671,6.4750492209,1.63417329855,-0.049210,-1.124206,-0.346868,0,0,0,0,0,0,1461599109880,6800
-0.97038754215,6.62349096825,1.754784057,-0.553735,-0.634396,-0.328326,0,0,0,0,0,0,1461599109890,6810
-0.9694951461,6.54792169395,1.52239824165,-1.115343,0.288570,-0.149654,0,0,0,0,0,0,1461599109900,6820
-0.6996973425,6.0026480943,-2.4330835074,-1.420559,0.774890,0.347779,0,0,0,0,0,0,1461599109910,6830
-3.65830405785,7.47746495535,-1.68385328085,-1.582225,1.821380,0.854504,0,0,0,0,0,0,1461599109920,6840
-5.56361865735,9.6429963591,-3.8728811784,-1.167721,2.486552,1.518923,0,0,0,0,0,0,1461599109930,6850
-6.5025860133,12.7861035061,0.17029074075,0.475205,3.657310,2.144313,0,0,0,0,0,0,1461599109940,6860
-5.47188818865,14.5805354448,3.29842328595,3.061949,5.419614,2.442997,0,0,0,0,0,0,1461599109950,6870
-4.39556048685,14.0126675539,2.04043905195,5.169041,6.441459,2.961712,0,0,0,0,0,0,1461599109960,6880
-1.25919043965,12.6867435415,1.02081282225,6.731590,6.581397,3.383174,0,0,0,0,0,0,1461599109970,6890
5.7339093981,12.8471590865,-6.0402071808,6.781872,2.648823,2.174870,0,0,0,0,0,0,1461599109980,6900
6.3406798728,10.0826239956,-6.7843478079,3.608926,-5.155279,0.105994,0,0,0,0,0,0,1461599109990,6910
-0.90021187035,6.7198599351,8.67859081245,2.011899,-6.617878,0.907742,0,0,0,0,0,0,1461599110000,6920
-1.46553986475,6.94416515325,10.6729390794,1.409908,-5.494993,2.236421,0,0,0,0,0,0,1461599110010,6930
-0.42496684425,7.0981377948,8.542877967,1.027029,-3.884605,2.532904,0,0,0,0,0,0,1461599110020,6940
-1.8517512234,7.6594254906,5.5387786662,0.728877,-2.749475,2.154928,0,0,0,0,0,0,1461599110030,6950
-3.3111423813,8.2868485596,3.08654296665,0.414860,-2.058523,1.534226,0,0,0,0,0,0,1461599110040,6960
-3.339130275,9.0374222835,1.5726764235,0.183067,-1.396188,0.960501,0,0,0,0,0,0,1461599110050,6970
-0.8340666906,9.7589686194,0.0439921833,0.299725,-0.888534,0.171282,0,0,0,0,0,0,1461599110060,6980
2.0603365419,11.3051575513,-1.1445616767,0.692526,-0.639274,-0.644061,0,0,0,0,0,0,1461599110070,6990
1.7713963527,8.846488755,-3.7823471088,1.170112,-0.631928,-1.051009,0,0,0,0,0,0,1461599110080,7000
3.4582406313,8.05326634515,-3.9427626537,1.747075,-1.070516,-1.163493,0,0,0,0,0,0,1461599110090,7010
4.3065268194,8.20499328675,-3.2806243977,2.094010,-1.890168,-0.969514,0,0,0,0,0,0,1461599110100,7020
3.71082793965,7.7921473383,-2.42650331235,2.055795,-2.453670,-0.516147,0,0,0,0,0,0,1461599110110,7030
3.5559530955,7.34533150065,-1.05733241445,1.882318,-2.682186,-0.124563,0,0,0,0,0,0,1461599110120,7040
2.76631988295,7.54883702625,-0.2798200977,1.821604,-2.832594,0.083456,0,0,0,0,0,0,1461599110130,7050
1.0453586169,8.68308221235,0.6138115776,1.985778,-2.947268,0.176878,0,0,0,0,0,0,1461599110140,7060
-0.0900829683,9.4427858343,1.9590348804,2.274546,-2.924820,0.308858,0,0,0,0,0,0,1461599110150,7070
-0.8623487808,10.0781424023,2.7019791084,2.434021,-2.729530,0.462757,0,0,0,0,0,0,1461599110160,7080
-2.05973834235,11.2152216813,3.8648005812,2.360605,-2.305354,0.551538,0,0,0,0,0,0,1461599110170,7090
-3.04045218165,12.423829936,5.10812402295,2.181384,-2.001192,0.474931,0,0,0,0,0,0,1461599110180,7100
-3.1710852342,14.1711315954,4.97404887135,1.832042,-2.216855,0.368324,0,0,0,0,0,0,1461599110190,7110
-2.25202517475,15.875343274,3.8797653765,1.204342,-2.823490,0.502431,0,0,0,0,0,0,1461599110200,7120
0.3633130644,16.9111208916,3.9689461422,0.570425,-2.979844,0.685543,0,0,0,0,0,0,1461599110210,7130
2.48291058795,16.7967961317,4.43056987035,0.284284,-2.633728,0.777582,0,0,0,0,0,0,1461599110220,7140
3.64977235935,15.8585838801,2.72681909955,0.214865,-2.372450,0.991639,0,0,0,0,0,0,1461599110230,7150
4.8714037125,14.7015973045,1.9618787799,0.152491,-2.200713,1.474439,0,0,0,0,0,0,1461599110240,7160
5.86244384895,13.311322711,2.3995647195,0.031672,-2.124311,2.133777,0,0,0,0,0,0,1461599110250,7170
6.06100687335,12.6800162483,3.55011819825,-0.113445,-2.188521,2.753651,0,0,0,0,0,0,1461599110260,7180
5.22319408065,12.98751043,4.732837161,-0.426117,-2.413426,3.293556,0,0,0,0,0,0,1461599110270,7190
4.51302334275,12.9153930614,5.1504785124,-1.018541,-2.707386,3.877885,0,0,0,0,0,0,1461599110280,7200
3.6791037504,14.2182716813,5.333782545,-1.730650,-2.950674,4.361414,0,0,0,0,0,0,1461599110290,7210
3.69256814355,17.2313439753,6.2809775964,-2.397758,-2.825749,4.451515,0,0,0,0,0,0,1461599110300,7220
3.34735797045,19.4034555741,6.8093348973,-3.032528,-2.339696,4.192992,0,0,0,0,0,0,1461599110310,7230
3.0079826946,20.260724562,5.4677007918,-3.570577,-1.709286,3.932839,0,0,0,0,0,0,1461599110320,7240
3.1175218581,21.2385945018,3.8829034725,-3.689678,-0.912371,3.629024,0,0,0,0,0,0,1461599110330,7250
3.34945657215,19.1704813657,0.66916955235,-3.324169,-0.461312,3.495752,0,0,0,0,0,0,1461599110340,7260
3.041207286,17.1674444955,-0.43783303785,-2.673666,0.175494,3.424608,0,0,0,0,0,0,1461599110350,7270
3.17423313675,16.2977604153,-1.01453663025,-2.075179,1.111204,3.336449,0,0,0,0,0,0,1461599110360,7280
3.6315223698,14.1614133044,-1.023215427,-1.594517,2.054731,3.398595,0,0,0,0,0,0,1461599110370,7290
4.18232686365,13.0729549002,-0.81940589835,-1.321169,2.792722,3.634352,0,0,0,0,0,0,1461599110380,7300
4.7542350531,13.4377683667,-1.3765061973,-1.268510,3.205200,3.774150,0,0,0,0,0,0,1461599110390,7310
4.6129815069,12.6330232606,-1.7523912588,-1.276979,3.424514,3.799711,0,0,0,0,0,0,1461599110400,7320
4.78042834815,14.0871875274,-2.3503358385,-1.253183,3.300761,3.757853,0,0,0,0,0,0,1461599110410,7330
2.98837940115,15.2666212959,-4.7850668463,-1.137948,2.029870,3.381599,0,0,0,0,0,0,1461599110430,7350
3.29363768955,16.8832899027,-3.9391734564,-0.942070,1.352124,2.989912,0,0,0,0,0,0,1461599110440,7360
3.11153005605,16.7236294621,-2.1887238945,-0.643287,0.878424,2.470271,0,0,0,0,0,0,1461599110450,7370
1.379193192,14.1067908208,-2.25965467065,-0.438602,0.666885,2.129740,0,0,0,0,0,0,1461599110460,7380
1.4167522785,12.2065658208,-1.50309895125,-0.386942,0.772975,2.113225,0,0,0,0,0,0,1461599110470,7390
2.9364537189,10.2642903344,-0.05237678355,-0.463686,0.861772,2.300162,0,0,0,0,0,0,1461599110480,7400
3.49025901705,8.9016996315,0.5588948976,-0.527424,0.755986,2.500096,0,0,0,0,0,0,1461599110490,7410
2.766623886,8.0703199356,-0.19602312795,-0.467247,0.370962,2.524765,0,0,0,0,0,0,1461599110500,7420
1.70525117295,7.08945899805,-1.174040166,-0.305480,-0.006426,2.323745,0,0,0,0,0,0,1461599110510,7430
1.5840520215,5.89761013725,-1.4176544811,-0.128519,-0.486568,2.039572,0,0,0,0,0,0,1461599110520,7440
0.64628106465,4.99515256695,-1.85623281675,0.141605,-1.078007,1.699199,0,0,0,0,0,0,1461599110530,7450
0.10548905835,4.29859332045,-2.32788864555,0.377915,-1.749762,1.269914,0,0,0,0,0,0,1461599110540,7460
-0.01271909535,4.2330561468,-2.642276832,0.443812,-2.784926,0.819548,0,0,0,0,0,0,1461599110550,7470
-0.18913892985,4.13474548305,-2.1299238207,0.445503,-3.914070,0.437075,0,0,0,0,0,0,1461599110560,7480
0.57400679115,2.9017385319,-0.46417343115,0.395692,-4.814032,0.250086,0,0,0,0,0,0,1461599110570,7490
1.9157879949,1.6428520953,1.9680176802,0.143372,-5.357919,0.241893,0,0,0,0,0,0,1461599110580,7500
2.91222173385,0.20814402375,3.80030290185,-0.261706,-5.601450,0.376374,0,0,0,0,0,0,1461599110590,7510
3.32146867845,-0.6730627527,4.90193150265,-0.755416,-5.683658,0.573877,0,0,0,0,0,0,1461599110600,7520
3.80210730705,-1.19125066125,5.34201024045,-1.257357,-5.727324,0.802717,0,0,0,0,0,0,1461599110610,7530
4.568087121,-1.5232906377,5.37911822565,-1.699985,-5.865829,1.031223,0,0,0,0,0,0,1461599110620,7540
5.516184375,-1.3052714181,5.10767292165,-2.065467,-6.135637,1.224798,0,0,0,0,0,0,1461599110630,7550
6.90211466685,-1.28896312545,4.4474861691,-2.378123,-6.498306,1.394667,0,0,0,0,0,0,1461599110640,7560
8.3437069365,-1.68430438215,3.5697214917,-2.668172,-6.831158,1.578472,0,0,0,0,0,0,1461599110649,7569
9.4786974204,-1.8762872115,2.66905852005,-2.928663,-7.040426,1.802603,0,0,0,0,0,0,1461599110659,7579
10.2264272448,-1.9707046749,1.70780087595,-3.155028,-7.088670,2.098276,0,0,0,0,0,0,1461599110670,7590
10.8204884307,-2.32908504465,0.73830572985,-3.324025,-6.970057,2.399264,0,0,0,0,0,0,1461599110680,7600
11.4820284871,-2.92314623055,-0.35194727295,-3.404951,-6.690399,2.649828,0,0,0,0,0,0,1461599110690,7610
11.9339241177,-3.1513348425,-1.3151564205,-3.383586,-6.387070,2.832578,0,0,0,0,0,0,1461599110699,7619
12.2224230121,-3.4544945292,-2.7761950788,-3.276569,-6.015999,3.004556,0,0,0,0,0,0,1461599110710,7630
12.2161370136,-3.39344875545,-4.22363205225,-3.017722,-5.622698,3.223377,0,0,0,0,0,0,1461599110720,7640
12.2813799907,-2.7742533819,-5.55479276235,-2.570209,-5.173583,3.588151,0,0,0,0,0,0,1461599110730,7650
12.1513451377,-2.5037102805,-6.9143826609,-1.929683,-4.632671,4.075726,0,0,0,0,0,0,1461599110740,7660
12.6553233553,-2.4202173138,-8.5036713801,-1.082895,-4.169682,4.461665,0,0,0,0,0,0,1461599110750,7670
13.2532679351,-1.61965960455,-9.829889589,-0.114106,-3.851603,4.568094,0,0,0,0,0,0,1461599110760,7680
13.3349663031,-0.44067693735,-10.7181374683,0.769301,-3.602713,4.485984,0,0,0,0,0,0,1461599110770,7690
12.9946986312,-0.0945743682,-11.861502746,1.387570,-3.143194,4.301566,0,0,0,0,0,0,1461599110780,7700
12.331059973,-0.1833040326,-12.3880752547,1.629194,-2.373657,4.034853,0,0,0,0,0,0,1461599110790,7710
11.9361698176,0.2527344066,-12.6707294454,1.528674,-1.680222,3.695808,0,0,0,0,0,0,1461599110800,7720
11.1158617167,0.8095307025,-13.5577809256,1.399076,-1.508814,3.373474,0,0,0,0,0,0,1461599110810,7730
10.5996253116,1.0389255201,-13.4590191606,1.406686,-1.670632,3.062831,0,0,0,0,0,0,1461599110820,7740
10.5463463254,1.1421688785,-13.3017515182,1.488623,-1.990466,2.845989,0,0,0,0,0,0,1461599110830,7750
10.5083459442,0.6940095435,-13.7503619545,1.583833,-2.364328,2.810774,0,0,0,0,0,0,1461599110840,7760
9.2098018194,-0.01152269625,-15.2401338043,1.783490,-2.882149,2.912925,0,0,0,0,0,0,1461599110850,7770
9.2231191143,1.1688034683,-15.389919049,2.091856,-3.175060,2.979986,0,0,0,0,0,0,1461599110860,7780
9.1089512592,1.82391042795,-15.8062070966,2.457124,-3.281922,2.911866,0,0,0,0,0,0,1461599110869,7789
8.82568906245,2.09280602895,-15.5997105732,2.736060,-3.054232,2.742100,0,0,0,0,0,0,1461599110880,7800
8.2224979785,2.3227990461,-15.0334901827,2.868126,-2.463867,2.510910,0,0,0,0,0,0,1461599110889,7809
7.7091054729,2.6232717381,-14.5356508655,2.989192,-1.886720,2.212550,0,0,0,0,0,0,1461599110899,7819
7.3351621083,2.8800464433,-14.2504469718,3.124135,-1.505572,1.879206,0,0,0,0,0,0,1461599110910,7830
6.5841372831,2.9782100088,-14.4121962075,3.265719,-1.387463,1.649934,0,0,0,0,0,0,1461599110919,7839
6.06220327245,3.0467381802,-14.2402677729,3.424081,-1.434442,1.542607,0,0,0,0,0,0,1461599110929,7849
5.68767151485,2.8320139614,-14.0481378453,3.578407,-1.691715,1.474924,0,0,0,0,0,0,1461599110940,7860
5.94024901665,3.2123904228,-13.1566047717,3.619613,-1.864298,1.306700,0,0,0,0,0,0,1461599110949,7869
5.684072511,2.93869941885,-12.6153714707,3.555005,-1.988362,1.039668,0,0,0,0,0,0,1461599110959,7879
5.36609512725,1.77468154695,-11.7027347014,3.438703,-2.028941,0.823953,0,0,0,0,0,0,1461599110970,7890
4.7611192512,-0.79396770765,-10.4730325576,3.099271,-2.021751,0.798200,0,0,0,0,0,0,1461599110989,7909
4.729699065,-0.7849947144,-9.80550069915,2.803023,-1.984261,0.860784,0,0,0,0,0,0,1461599111000,7920
4.63542869985,-0.3887512551,-9.2198241135,2.418101,-1.970944,0.928206,0,0,0,0,0,0,1461599111010,7930
4.5652432215,0.0625461759,-8.5531944576,2.020367,-1.937564,0.970347,0,0,0,0,0,0,1461599111020,7940
4.0956859944,0.636248964,-8.42630750715,1.303102,-1.903007,0.899113,0,0,0,0,0,0,1461599111040,7960
3.7198009329,0.2686014045,-8.6133478353,1.067228,-2.047719,0.795375,0,0,0,0,0,0,1461599111050,7970
3.87228297885,0.1901882307,-7.9984967634,0.917302,-2.104117,0.731144,0,0,0,0,0,0,1461599111060,7980
4.1272630854,0.0820023711,-7.0047598257,0.857942,-2.031509,0.746192,0,0,0,0,0,0,1461599111070,7990
4.1933984586,-0.16011154185,-6.0967713612,0.876089,-1.884094,0.841192,0,0,0,0,0,0,1461599111080,8000
4.16302757325,-0.42331934385,-5.17771130175,0.929972,-1.650428,0.964394,0,0,0,0,0,0,1461599111090,8010
3.3719037651,-0.42167184345,-4.2996426213,0.968047,-1.234097,1.189616,0,0,0,0,0,0,1461599111110,8030
3.51016631355,0.086493771,-4.1583890751,0.942095,-1.078745,1.188090,0,0,0,0,0,0,1461599111120,8040
3.2155285188,0.80204830485,-4.4037881823,0.937672,-1.002035,1.057753,0,0,0,0,0,0,1461599111130,8050
2.6680092192,0.9585706494,-4.3205894121,0.997224,-0.904521,0.888686,0,0,0,0,0,0,1461599111140,8060
2.5363268658,0.8934747705,-3.99992503365,1.100956,-0.719894,0.723242,0,0,0,0,0,0,1461599111150,8070
1.8569879211,-0.4574363313,-4.4192040789,1.136950,-0.689944,0.614499,0,0,0,0,0,0,1461599111170,8090
2.00048716725,-0.6839872494,-4.58694511665,1.031615,-0.783797,0.536743,0,0,0,0,0,0,1461599111180,8100
2.0212868598,-0.73455962775,-4.5730296222,0.903417,-0.965930,0.449837,0,0,0,0,0,0,1461599111190,8110
1.80011973765,-1.1996352615,-4.5960750147,0.783438,-1.240403,0.392908,0,0,0,0,0,0,1461599111200,8120
2.1794468982,-0.8797063743,-3.6149100741,0.642363,-1.230879,0.329214,0,0,0,0,0,0,1461599111210,8130
1.8774836106,-1.7160285714,-3.69511784655,0.430527,-0.973224,0.426177,0,0,0,0,0,0,1461599111230,8150
1.3796442933,-2.5191261771,-4.3526176044,0.378970,-0.927452,0.557075,0,0,0,0,0,0,1461599111240,8160
1.23285004635,-2.7806864787,-4.30547751855,0.375572,-0.840448,0.673016,0,0,0,0,0,0,1461599111249,8169
1.38742088745,-2.7702130833,-4.13594188215,0.423529,-0.650015,0.698883,0,0,0,0,0,0,1461599111259,8179
1.5101302476,-3.05586807825,-4.44478936785,0.481771,-0.441332,0.605465,0,0,0,0,0,0,1461599111269,8189
1.081270203,-3.75527122425,-5.61898643865,0.488356,-0.469321,0.415442,0,0,0,0,0,0,1461599111279,8199
0.9652979427,-3.9553346508,-6.1193656524,0.379161,-0.607594,0.224334,0,0,0,0,0,0,1461599111289,8209
1.2157964559,-3.8757250779,-6.0996152607,0.191416,-0.765961,0.163747,0,0,0,0,0,0,1461599111299,8219
1.0484967129,-4.3247866155,-6.03288168795,0.015964,-0.906488,0.221518,0,0,0,0,0,0,1461599111309,8229
1.04999711505,-4.576324623,-5.85675604995,-0.133097,-0.905430,0.307021,0,0,0,0,0,0,1461599111319,8239
0.7412967276,-5.12383411605,-6.0984188616,-0.195418,-0.801796,0.345830,0,0,0,0,0,0,1461599111329,8249
0.5762524911,-5.4831166884,-6.16515243435,-0.158974,-0.556086,0.362719,0,0,0,0,0,0,1461599111339,8259
0.413444148,-5.704274004,-6.6799080504,-0.066531,-0.418061,0.366396,0,0,0,0,0,0,1461599111349,8269
0.3347367777,-6.19598422755,-7.10038349475,0.015964,-0.353393,0.370543,0,0,0,0,0,0,1461599111359,8279
0.9371727573,-5.98708509945,-6.8756271753,0.139753,-0.204021,0.191807,0,0,0,0,0,0,1461599111369,8289
0.72783233445,-6.7206052329,-7.3210995156,0.266035,-0.125539,-0.081398,0,0,0,0,0,0,1461599111379,8299
0.3552324672,-7.82597012925,-7.96408557945,0.313167,-0.142057,-0.286588,0,0,0,0,0,0,1461599111389,8309
1.00555383045,-7.6936895763,-7.5308812332,0.266147,-0.167344,-0.272559,0,0,0,0,0,0,1461599111399,8319
1.29225812625,-8.06972173605,-7.305683619,0.192986,-0.140963,-0.184284,0,0,0,0,0,0,1461599111409,8329
1.31979491865,-8.3743818249,-7.27680332925,0.093957,0.050414,-0.087854,0,0,0,0,0,0,1461599111419,8339
1.4005910841,-8.3122867503,-7.59014221485,0.016360,0.242944,0.029716,0,0,0,0,0,0,1461599111429,8349
1.53855943605,-7.91350339455,-8.0155601604,-0.042378,0.372568,0.133746,0,0,0,0,0,0,1461599111439,8359
1.5569663304,-7.65508118895,-8.583869346,-0.085581,0.434855,0.198648,0,0,0,0,0,0,1461599111449,8369
1.54544363415,-7.3968060816,-9.11627675205,-0.103843,0.370365,0.245100,0,0,0,0,0,0,1461599111459,8379
1.8254108301,-6.93712405035,-9.50877410925,-0.106669,0.215161,0.255404,0,0,0,0,0,0,1461599111469,8389
1.89094800375,-6.61091897115,-9.5970624789,-0.074617,-0.013518,0.267918,0,0,0,0,0,0,1461599111479,8399
1.81059313305,-6.32017437675,-9.39848964795,-0.010370,-0.212441,0.290020,0,0,0,0,0,0,1461599111489,8409
1.44608366955,-5.8367016552,-8.10249522615,0.247428,-0.096092,0.304844,0,0,0,0,0,0,1461599111509,8429
1.27894083135,-5.93785621845,-7.5645569259,0.419140,0.107620,0.305245,0,0,0,0,0,0,1461599111519,8439
1.19499676335,-6.13163364645,-6.93996794985,0.579451,0.352050,0.342359,0,0,0,0,0,0,1461599111529,8449
1.01408552895,-6.67226874795,-5.9505753138,0.615977,0.750639,0.467247,0,0,0,0,0,0,1461599111539,8459
1.2141489555,-6.58757938215,-5.8985025333,0.479714,1.038296,0.478571,0,0,0,0,0,0,1461599111549,8469
1.0962349983,-6.2437127064,-5.9878402038,0.281266,1.089575,0.429619,0,0,0,0,0,0,1461599111559,8479
0.8560725888,-5.97512110845,-6.06714577365,0.004052,1.031961,0.292948,0,0,0,0,0,0,1461599111569,8489
0.88838517105,-5.71220750295,-6.432704538,-0.273952,0.817903,0.143104,0,0,0,0,0,0,1461599111579,8499
1.2891102237,-5.4914914821,-7.0731507054,-0.520413,0.476356,0.025903,0,0,0,0,0,0,1461599111589,8509
1.6756255854,-5.43613350735,-7.9953586674,-0.627425,-0.006483,-0.011762,0,0,0,0,0,0,1461599111599,8519
