7.77538794435,2.16358970685,-2.92463682615,-0.304039,5.851937,-3.476714,0,0,0,0,0,0,1462090962610,0
8.8838909367,2.1710721045,-3.923012262,-0.193509,5.465184,-3.669915,0,0,0,0,0,0,1462090962630,20
9.12121925325,2.6717553213,-3.7516722204,-0.241934,5.068448,-3.837313,0,0,0,0,0,0,1462090962640,30
9.58269588315,3.33598237245,-3.45913302735,-0.446186,4.744892,-4.096460,0,0,0,0,0,0,1462090962650,40
10.0998344908,3.62688387165,-3.2336314101,-0.732037,4.544937,-4.358009,0,0,0,0,0,0,1462090962660,50
10.6585822902,4.1239680846,-3.40825664595,-0.881196,4.346862,-4.598351,0,0,0,0,0,0,1462090962670,60
11.2047482859,4.84970181735,-3.4404319365,-0.809651,4.314215,-4.817759,0,0,0,0,0,0,1462090962680,70
11.6018841413,5.2261850784,-3.3976361523,-0.522430,4.490807,-4.990204,0,0,0,0,0,0,1462090962690,80
11.8891866366,5.50960417995,-3.4760493261,-0.065430,4.697661,-5.174503,0,0,0,0,0,0,1462090962700,90
12.3823874557,5.94548571435,-3.61790107185,0.435879,4.800118,-5.363357,0,0,0,0,0,0,1462090962710,100
13.5812676129,6.3451712727,-3.94216445415,0.878457,4.648716,-5.528484,0,0,0,0,0,0,1462090962720,110
15.3445833684,6.09587896515,-4.5471403302,1.094022,4.028552,-5.599012,0,0,0,0,0,0,1462090962730,120
17.661400419,4.53681403305,-4.5652432215,0.778574,2.250421,-5.255781,0,0,0,0,0,0,1462090962750,140
18.1278097435,4.25146304115,-3.74628842445,0.484905,1.512065,-4.963813,0,0,0,0,0,0,1462090962760,150
18.1803336253,3.9895987365,-2.6151911409,0.261997,1.056529,-4.657040,0,0,0,0,0,0,1462090962770,160
17.6063268342,4.15375057695,-1.3492636014,0.142022,0.940947,-4.363986,0,0,0,0,0,0,1462090962780,170
17.2882023522,4.65996468795,-0.48466912065,0.148006,1.105382,-4.126975,0,0,0,0,0,0,1462090962790,180
17.0230528533,4.91269909455,0.1259945544,0.272056,1.438365,-3.920330,0,0,0,0,0,0,1462090962800,190
16.9711271711,5.1971576904,0.5066652123,0.497076,1.901947,-3.703757,0,0,0,0,0,0,1462090962810,200
17.1643063995,5.4060568185,0.6055740756,0.815984,2.356778,-3.482754,0,0,0,0,0,0,1462090962820,210
17.6829454094,5.14089751305,0.47823602385,1.158874,2.675540,-3.241911,0,0,0,0,0,0,1462090962830,220
18.636279361,4.6864521795,0.31393708515,1.425608,2.850411,-2.927141,0,0,0,0,0,0,1462090962840,230
19.566116819,3.9301906566,0.08903366745,1.645074,2.868788,-2.504707,0,0,0,0,0,0,1462090962850,240
20.0881979278,2.72277880095,0.0261834885,1.845119,2.734989,-1.954563,0,0,0,0,0,0,1462090962860,250
19.9439435773,1.88018041185,0.2576769078,1.920961,2.531212,-1.424239,0,0,0,0,0,0,1462090962870,260
19.2689391277,1.7353278618,0.84319658865,1.832013,2.353468,-1.037181,0,0,0,0,0,0,1462090962880,270
18.063164966,2.0720063364,1.6319275986,1.631022,2.038102,-0.752741,0,0,0,0,0,0,1462090962890,280
16.5011188427,2.52331357395,2.14532991075,1.326490,1.567099,-0.558372,0,0,0,0,0,0,1462090962900,290
15.3915665495,2.81525456745,2.4616597941,0.932921,1.077592,-0.458253,0,0,0,0,0,0,1462090962910,300
14.3192791462,2.7155905998,2.82258986685,0.552116,0.601680,-0.384762,0,0,0,0,0,0,1462090962920,310
13.8390916189,2.18947899885,2.7172381002,0.286242,0.224850,-0.242076,0,0,0,0,0,0,1462090962930,320
13.4552730585,1.4623919622,2.555783061,0.197544,-0.009212,0.005906,0,0,0,0,0,0,1462090962940,330
12.868851175,1.2222295527,2.60007924735,0.257689,-0.140503,0.258878,0,0,0,0,0,0,1462090962950,340
11.9798678045,1.4131630812,2.84951865315,0.341491,-0.197725,0.468637,0,0,0,0,0,0,1462090962960,350
10.842033421,1.5964671138,3.23812281,0.348531,-0.209241,0.643254,0,0,0,0,0,0,1462090962970,360
9.93837945165,1.68863887725,3.6460360638,0.277640,-0.172075,0.752924,0,0,0,0,0,0,1462090962980,370
9.30481748235,1.997790366,4.1115529923,0.159724,-0.106427,0.811047,0,0,0,0,0,0,1462090962990,380
8.97861240315,2.3926805214,4.17155927175,-0.003348,-0.067616,0.817091,0,0,0,0,0,0,1462090963000,390
8.44366510065,3.15522804285,3.94904865225,-0.134065,-0.116687,0.744235,0,0,0,0,0,0,1462090963010,400
7.8599302119,3.6407993661,3.7371585264,-0.243790,-0.202312,0.626094,0,0,0,0,0,0,1462090963020,410
7.6782736797,3.8122766994,3.47021442885,-0.347949,-0.243248,0.512584,0,0,0,0,0,0,1462090963030,420
7.68650137515,3.7480830231,3.03641188305,-0.374970,-0.240626,0.423319,0,0,0,0,0,0,1462090963040,430
7.61991490065,3.7634989197,2.52690277125,-0.293731,-0.165750,0.367889,0,0,0,0,0,0,1462090963050,440
7.47626855625,3.64573206075,2.0362516551,-0.124628,-0.049360,0.352579,0,0,0,0,0,0,1462090963060,450
7.1840235597,3.64214286345,1.7381717613,0.087348,0.084114,0.363699,0,0,0,0,0,0,1462090963070,460
6.81846479535,3.72324303195,1.54214863335,0.278015,0.217714,0.383531,0,0,0,0,0,0,1462090963080,470
6.28232109375,3.85418008755,1.4951654523,0.406549,0.309939,0.392862,0,0,0,0,0,0,1462090963090,480
5.6987431098,4.04989921245,1.59616311075,0.418204,0.305533,0.376733,0,0,0,0,0,0,1462090963100,490
5.64471882585,4.030295919,1.91250280065,0.283238,0.237529,0.331448,0,0,0,0,0,0,1462090963110,500
5.69484990945,4.3578543021,2.25037767435,0.005618,0.042094,0.256377,0,0,0,0,0,0,1462090963120,510
5.9724243072,4.28617822815,2.4414583011,-0.331769,-0.158450,0.186043,0,0,0,0,0,0,1462090963130,520
6.3818281566,4.7394271626,2.1314144163,-0.528762,-0.251820,0.137864,0,0,0,0,0,0,1462090963140,530
6.6688266489,5.43283850655,1.4474271669,-0.545751,-0.234743,0.139237,0,0,0,0,0,0,1462090963150,540
6.72614593365,5.2178102847,1.02455892435,-0.360152,-0.240717,0.123710,0,0,0,0,0,0,1462090963160,550
6.82984039335,5.66372391975,0.91398026655,-0.162673,-0.241201,0.136907,0,0,0,0,0,0,1462090963170,560
6.1982299275,5.3417062374,1.63372219725,-0.153290,-0.196287,0.027470,0,0,0,0,0,0,1462090963180,570
6.18011722965,5.4258072102,2.35975993305,-0.206976,-0.125018,-0.139790,0,0,0,0,0,0,1462090963190,580
6.401127447,6.06100687335,2.8445859585,-0.261602,-0.010283,-0.326887,0,0,0,0,0,0,1462090963200,590
6.65057665935,6.19718062665,2.7196308984,-0.254195,0.143538,-0.525883,0,0,0,0,0,0,1462090963210,600
7.152309177,6.77253091515,2.3943280218,-0.262227,0.248552,-0.770275,0,0,0,0,0,0,1462090963220,610
7.3727211948,7.0840752021,2.0453717466,-0.336074,0.242228,-1.085157,0,0,0,0,0,0,1462090963230,620
7.19121176085,6.9838130349,1.8415720245,-0.450694,0.316646,-1.282764,0,0,0,0,0,0,1462090963240,630
6.92157086205,6.62513846865,1.65961148925,-0.579935,0.430704,-1.446836,0,0,0,0,0,0,1462090963250,640
6.75562442295,6.2351810079,1.4538602637,-0.728770,0.475584,-1.625242,0,0,0,0,0,0,1462090963260,650
6.8668012803,5.97780810315,1.3865284914,-0.868230,0.456743,-1.786199,0,0,0,0,0,0,1462090963270,660
7.5567705252,5.92993252605,1.4058277818,-0.960459,0.518407,-1.973462,0,0,0,0,0,0,1462090963280,670
8.38965062325,5.64607212975,1.0902530028,-0.965419,0.572001,-2.211651,0,0,0,0,0,0,1462090963290,680
9.1503937395,5.23172577915,0.8975150691,-0.807058,0.612522,-2.424718,0,0,0,0,0,0,1462090963300,690
10.0325027186,6.3613324671,1.4813970561,-0.584571,0.770982,-2.483798,0,0,0,0,0,0,1462090963310,700
10.2590536367,6.88401177555,1.92582009555,-0.407399,0.935887,-2.406006,0,0,0,0,0,0,1462090963320,710
9.90844986105,7.6161786051,2.5117908777,-0.299682,1.042838,-2.281254,0,0,0,0,0,0,1462090963330,720
8.50621127655,7.8532029186,3.0854936658,-0.233561,1.116207,-2.110625,0,0,0,0,0,0,1462090963340,730
5.03630085075,8.0667307383,3.61835217315,0.264269,0.462246,-1.370909,0,0,0,0,0,0,1462090963360,750
4.0428679161,9.00479589165,4.29186602715,0.652476,-0.081340,-0.785718,0,0,0,0,0,0,1462090963370,760
3.4000289505,9.27579009435,4.35755029905,0.797647,-0.090307,-0.497178,0,0,0,0,0,0,1462090963380,770
2.64362032935,8.63534392695,3.20655552555,0.690759,0.255226,-0.413100,0,0,0,0,0,0,1462090963390,780
2.2946738607,8.47433998905,1.8459065196,0.452140,0.690817,-0.284421,0,0,0,0,0,0,1462090963400,790
2.41302911265,9.0006084948,0.69909914295,0.235604,0.978110,-0.062447,0,0,0,0,0,0,1462090963410,800
3.22540371465,9.82780079385,0.58761828255,0.071704,1.179579,0.079404,0,0,0,0,0,0,1462090963420,810
4.6605628875,10.1266259854,1.77752544645,0.078106,1.090098,-0.083480,0,0,0,0,0,0,1462090963440,830
5.45168669565,10.0802311974,2.7847267773,0.241547,0.604310,-0.271669,0,0,0,0,0,0,1462090963450,840
5.96943330945,9.76509771315,3.43145894325,0.320305,0.272925,-0.469407,0,0,0,0,0,0,1462090963460,850
6.02584058505,9.17358623025,3.5026839159,0.297288,0.241312,-0.584603,0,0,0,0,0,0,1462090963470,860
6.09332926215,9.03323488665,3.56582829135,0.257869,0.281618,-0.615858,0,0,0,0,0,0,1462090963480,870
5.8195009665,9.0146710875,3.59365928025,0.238963,0.305423,-0.567512,0,0,0,0,0,0,1462090963490,880
5.547761466,9.14306824665,3.31474138515,0.244535,0.313216,-0.517398,0,0,0,0,0,0,1462090963500,890
5.20389479025,9.58059728145,3.09656526075,0.258422,0.316365,-0.517489,0,0,0,0,0,0,1462090963510,900
4.7406235617,9.76031211675,2.9511243177,0.266818,0.309757,-0.545334,0,0,0,0,0,0,1462090963520,910
4.72774756155,9.75223151955,2.7326539968,0.264498,0.277791,-0.554137,0,0,0,0,0,0,1462090963530,920
4.9444232838,9.52089500505,2.69330031165,0.254867,0.242974,-0.519207,0,0,0,0,0,0,1462090963540,930
5.03630085075,9.1770283293,2.76796738335,0.241329,0.263658,-0.459214,0,0,0,0,0,0,1462090963550,940
5.09121753075,8.81955016215,2.7694677855,0.237528,0.279280,-0.359920,0,0,0,0,0,0,1462090963560,950
5.357122134,8.76702628035,2.8282678593,0.243408,0.306612,-0.255272,0,0,0,0,0,0,1462090963570,960
5.3611624326,8.866690248,2.6451207315,0.255642,0.309585,-0.133854,0,0,0,0,0,0,1462090963580,970
5.2044929898,8.2911830547,2.40045711555,0.243939,0.254850,-0.059658,0,0,0,0,0,0,1462090963590,980
5.2032965907,7.82581322445,2.40989101665,0.227933,0.223266,-0.021445,0,0,0,0,0,0,1462090963600,990
4.9161411936,7.92607539165,2.2732759686,0.215014,0.174592,0.008056,0,0,0,0,0,0,1462090963610,1000
4.5233496399,8.01196115655,3.7259398332,0.402706,0.568286,0.070828,0,0,0,0,0,0,1462090963620,1010
4.7421141573,8.32620224475,4.0659133086,0.627852,0.818377,0.034959,0,0,0,0,0,0,1462090963630,1020
4.85389902075,8.4729964917,3.40062715005,0.766428,0.871467,-0.068067,0,0,0,0,0,0,1462090963640,1030
3.97642853985,6.24970450845,3.0866900649,0.838952,0.884884,-0.095217,0,0,0,0,0,0,1462090963650,1040
4.0347873189,5.67794341725,2.71469820375,0.842025,0.906787,-0.153657,0,0,0,0,0,0,1462090963660,1050
4.42503897615,6.59595417585,2.2581542685,0.728063,0.818069,-0.260067,0,0,0,0,0,0,1462090963670,1060
5.46396449625,8.14888020765,-0.38546606085,0.106673,-0.249937,-0.677044,0,0,0,0,0,0,1462090963680,1070
5.98843840335,9.19139492505,-2.59080225105,-0.497335,-1.068745,-1.043895,0,0,0,0,0,0,1462090963690,1080
5.3119335516,8.8782031377,0.73097043045,-0.698928,-0.965683,-1.140297,0,0,0,0,0,0,1462090963700,1090
5.04751954395,9.35689026285,2.37233193015,-0.704360,-0.762496,-1.137293,0,0,0,0,0,0,1462090963710,1100
4.70815407465,9.94810754925,3.13053514995,-0.495060,-0.654423,-0.963325,0,0,0,0,0,0,1462090963720,1110
4.2188366493,10.4425047675,4.06815900855,-0.158733,-0.474070,-0.597953,0,0,0,0,0,0,1462090963730,1120
3.9031049655,10.3269836085,4.1793358659,0.069532,-0.200227,-0.144443,0,0,0,0,0,0,1462090963740,1130
3.5590911915,7.72690436115,2.8109102658,0.168869,0.335868,0.047255,0,0,0,0,0,0,1462090963760,1150
3.5614839897,8.29911655365,3.12888764955,0.224787,0.473562,-0.009502,0,0,0,0,0,0,1462090963770,1160
3.7587133233,8.64358142895,2.8344067596,0.212936,0.459684,-0.021252,0,0,0,0,0,0,1462090963780,1170
4.1449148754,8.3740876284,2.3358221445,0.180544,0.381061,-0.022767,0,0,0,0,0,0,1462090963790,1180
4.4998531461,8.3772257244,2.1969613965,0.143738,0.280044,-0.034044,0,0,0,0,0,0,1462090963800,1190
4.72147136955,8.44845069705,1.9404808878,-0.026664,0.016835,-0.171427,0,0,0,0,0,0,1462090963820,1210
4.5347252379,8.25123117,1.9288110933,-0.091132,-0.097657,-0.145287,0,0,0,0,0,0,1462090963830,1220
4.0169786241,6.59356137765,2.14668321465,-0.083639,-0.129272,-0.101950,0,0,0,0,0,0,1462090963840,1230
4.27286093325,7.5793648164,2.68612191705,-0.001113,-0.011822,-0.152733,0,0,0,0,0,0,1462090963850,1240
4.23798884145,8.30749134735,3.04613998065,0.084867,0.141930,-0.182958,0,0,0,0,0,0,1462090963860,1250
4.0223722266,8.82164876385,2.94244552095,0.112270,0.249666,-0.128906,0,0,0,0,0,0,1462090963870,1260
3.80689290345,9.1460592444,2.7649763856,0.111741,0.286498,-0.036903,0,0,0,0,0,0,1462090963880,1270
3.98331273795,9.2727990966,2.6543977278,0.099285,0.332514,-0.003327,0,0,0,0,0,0,1462090963890,1280
4.2927584232,9.05867307735,2.7794900796,0.110055,0.372731,-0.026494,0,0,0,0,0,0,1462090963910,1300
4.33570130565,9.02066288955,2.6998805067,0.116161,0.311080,-0.022853,0,0,0,0,0,0,1462090963920,1310
4.3008390204,8.9920767963,2.59364615055,0.112481,0.213209,-0.026929,0,0,0,0,0,0,1462090963930,1320
4.2722627337,8.7620935857,2.44086010155,0.100114,0.096109,-0.046028,0,0,0,0,0,0,1462090963940,1330
4.1398350825,8.64552312585,2.4140784135,0.076131,0.013013,-0.074303,0,0,0,0,0,0,1462090963950,1340
4.1396781777,8.73276219465,2.50281788445,0.047099,-0.010464,-0.098783,0,0,0,0,0,0,1462090963960,1350
4.23843994275,8.8556088465,2.630901234,0.017196,-0.001981,-0.114430,0,0,0,0,0,0,1462090963970,1360
4.29500412315,9.09862496205,2.60935624365,-0.011636,0.005451,-0.127965,0,0,0,0,0,0,1462090963980,1370
4.2730080315,9.26441449635,2.5432110639,-0.038524,-0.010657,-0.160937,0,0,0,0,0,0,1462090963990,1380
4.2415878453,9.56443608705,2.46720049485,-0.065520,-0.042789,-0.202565,0,0,0,0,0,0,1462090964000,1390
4.1842783671,9.28761679365,2.4577764003,-0.077494,-0.079034,-0.218785,0,0,0,0,0,0,1462090964010,1400
4.17799236855,8.80174146735,2.49816957975,-0.067031,-0.106861,-0.238319,0,0,0,0,0,0,1462090964020,1410
4.2192877506,8.64956342445,2.61129794055,-0.057573,-0.108167,-0.269278,0,0,0,0,0,0,1462090964030,1420
4.1522501748,8.78153997435,2.72995719555,-0.058630,-0.081718,-0.292449,0,0,0,0,0,0,1462090964040,1430
4.0472024112,8.79530837055,2.8456254528,-0.049900,-0.035962,-0.291026,0,0,0,0,0,0,1462090964050,1440
3.97568324205,8.65764402165,2.8990515372,-0.025063,0.024601,-0.289613,0,0,0,0,0,0,1462090964060,1450
3.920462559,8.6287637319,2.97027650985,0.004091,0.088404,-0.279681,0,0,0,0,0,0,1462090964070,1460
3.91194066705,8.629960131,2.97670960665,0.026908,0.149182,-0.249473,0,0,0,0,0,0,1462090964080,1470
4.05348840975,8.7430884918,2.82931716015,0.042294,0.203821,-0.193657,0,0,0,0,0,0,1462090964090,1480
4.0941953988,8.85232365225,2.69614421115,0.053307,0.239207,-0.149727,0,0,0,0,0,0,1462090964100,1490
4.0383765162,8.939258718,2.605011942,0.060784,0.237088,-0.145549,0,0,0,0,0,0,1462090964110,1500
3.95308895085,8.915919129,2.56610935815,0.057474,0.215805,-0.147843,0,0,0,0,0,0,1462090964120,1510
3.98974583475,8.81237176755,2.5433679687,0.044767,0.210748,-0.116872,0,0,0,0,0,0,1462090964130,1520
4.0368859206,8.7737633802,2.4754281903,0.028823,0.199312,-0.086998,0,0,0,0,0,0,1462090964140,1530
3.9661022427,8.86040424945,2.3555725362,0.016970,0.165395,-0.075487,0,0,0,0,0,0,1462090964150,1540
3.8272414947,8.8036929708,2.34330454215,0.014665,0.113369,-0.061029,0,0,0,0,0,0,1462090964160,1550
3.8243975952,8.77151768025,2.42156081115,0.022086,0.071078,-0.023120,0,0,0,0,0,0,1462090964170,1560
3.792977409,8.74607948955,2.48291058795,0.034913,0.042606,0.015937,0,0,0,0,0,0,1462090964180,1570
3.73940422635,8.70283260405,2.53708197015,0.041340,0.018377,0.050825,0,0,0,0,0,0,1462090964190,1580
3.66024575475,8.80907676675,2.62985193315,0.048814,0.002578,0.072978,0,0,0,0,0,0,1462090964200,1590
3.68089834905,8.83661355915,2.66456712015,0.045559,-0.016489,0.082421,0,0,0,0,0,0,1462090964210,1600
3.6669828546,8.8451354511,2.6765409177,0.038072,-0.022826,0.085625,0,0,0,0,0,0,1462090964220,1610
3.66383495205,8.8310728584,2.63403933,0.027348,-0.030271,0.081386,0,0,0,0,0,0,1462090964230,1620
3.72608693145,8.85067615185,2.59649005005,0.016599,-0.040903,0.076038,0,0,0,0,0,0,1462090964240,1630
3.8526796854,8.87640853905,2.570296755,0.002662,-0.047306,0.067574,0,0,0,0,0,0,1462090964250,1640
3.9201683625,8.85905094555,2.5574305614,-0.004854,-0.050531,0.060158,0,0,0,0,0,0,1462090964260,1650
3.9589238481,8.80219256865,2.6092091454,-0.002653,-0.039863,0.065584,0,0,0,0,0,0,1462090964270,1660
3.97119184215,8.7261819996,2.5315412694,-0.013319,-0.053533,0.083686,0,0,0,0,0,0,1462090964280,1670
3.95622704685,8.8158138666,2.5797306561,-0.021922,-0.069440,0.086820,0,0,0,0,0,0,1462090964290,1680
3.88918947105,9.0022559952,2.71873850235,-0.012307,-0.053602,0.073021,0,0,0,0,0,0,1462090964300,1690
3.8348709906,9.1653585348,2.8270714602,0.005832,-0.020925,0.036911,0,0,0,0,0,0,1462090964310,1700
3.8502868872,9.05537807655,2.7274172991,0.017543,-0.000947,0.008206,0,0,0,0,0,0,1462090964320,1710
3.85521958185,8.95272311115,2.76363288825,0.023987,0.025508,-0.009728,0,0,0,0,0,0,1462090964330,1720
3.8829034725,8.9452407135,2.6515538283,0.026131,0.038185,-0.021357,0,0,0,0,0,0,1462090964340,1730
3.90176146815,8.85142144965,2.6259587328,0.019734,0.035737,-0.023545,0,0,0,0,0,0,1462090964350,1740
3.93123995745,8.7471287904,2.65215202785,0.016549,0.034731,-0.017127,0,0,0,0,0,0,1462090964360,1750
3.9035560668,8.6958013077,2.6261156376,0.014433,0.029505,-0.005428,0,0,0,0,0,0,1462090964370,1760
3.86510458425,8.7055294053,2.5635694617,0.012230,0.007244,0.003978,0,0,0,0,0,0,1462090964380,1770
3.8457954873,8.72797659825,2.546957166,0.006784,-0.020357,0.009098,0,0,0,0,0,0,1462090964390,1780
3.8353220919,8.7466776891,2.56924745415,-0.001833,-0.040510,0.013248,0,0,0,0,0,0,1462090964400,1790
3.8579163831,8.7754108806,2.57912265,-0.009390,-0.059625,0.014202,0,0,0,0,0,0,1462090964410,1800
3.90250676595,8.8238944638,2.5861637529,-0.017978,-0.070236,0.014179,0,0,0,0,0,0,1462090964420,1810
3.9152258613,8.8544124474,2.58346695165,-0.023327,-0.075516,0.017374,0,0,0,0,0,0,1462090964430,1820
3.9370748547,8.8650427476,2.62267353855,-0.029729,-0.073384,0.015320,0,0,0,0,0,0,1462090964440,1830
3.96925014525,8.90349423015,2.5994810478,-0.039404,-0.081919,0.007866,0,0,0,0,0,0,1462090964450,1840
3.94740115185,8.90559283185,2.60276624205,-0.050133,-0.090428,0.003618,0,0,0,0,0,0,1462090964460,1850
3.9266014593,8.85216674745,2.6184861417,-0.054422,-0.093613,0.002560,0,0,0,0,0,0,1462090964470,1860
3.9322892583,8.78318747475,2.6337451335,-0.056506,-0.087176,0.009037,0,0,0,0,0,0,1462090964490,1880
3.9309359544,8.7794511792,2.61578934045,-0.055423,-0.086092,0.012236,0,0,0,0,0,0,1462090964500,1890
3.9125388666,8.75745508755,2.63748142905,-0.051128,-0.081833,0.014371,0,0,0,0,0,0,1462090964510,1900
3.8938279692,8.81760846525,2.6520049296,-0.045783,-0.077608,0.012231,0,0,0,0,0,0,1462090964520,1910
3.88918947105,8.81521566705,2.656790526,-0.037220,-0.068089,0.007980,0,0,0,0,0,0,1462090964530,1920
3.9310928592,8.8185008613,2.69898811065,-0.017844,-0.027753,0.003923,0,0,0,0,0,0,1462090964550,1940
3.972241143,8.81835376305,2.68761251265,-0.011361,-0.008641,0.001915,0,0,0,0,0,0,1462090964560,1950
3.9848131401,8.78677667205,2.64122753115,0.001597,0.017966,0.009517,0,0,0,0,0,0,1462090964580,1970
3.9737317386,8.78842417245,2.5872032472,0.010169,0.018002,0.017971,0,0,0,0,0,0,1462090964590,1980
3.9032618703,8.76657517905,2.572846458,0.013367,0.012712,0.023222,0,0,0,0,0,0,1462090964600,1990
3.8559746862,8.7661338843,2.56701156075,0.012248,-0.000033,0.025241,0,0,0,0,0,0,1462090964610,2000
3.8300853942,8.80174146735,2.5194203736,0.012202,-0.008558,0.023026,0,0,0,0,0,0,1462090964620,2010
3.8362242945,8.8232864577,2.57448415185,0.012213,-0.003269,0.018802,0,0,0,0,0,0,1462090964640,2030
3.86943907935,8.8301706558,2.5893018489,0.015446,0.004160,0.017774,0,0,0,0,0,0,1462090964650,2040
3.8999668695,8.85830564775,2.62147713945,0.018712,0.016924,0.018925,0,0,0,0,0,0,1462090964670,2060
3.90131036685,8.8222469634,2.62820443275,0.016583,0.020107,0.016840,0,0,0,0,0,0,1462090964680,2070
3.8950243683,8.84857755015,2.6276062332,0.013374,0.022215,0.012622,0,0,0,0,0,0,1462090964690,2080
3.90535066545,8.87566324125,2.6063652459,0.006918,0.014758,0.008343,0,0,0,0,0,0,1462090964700,2090
3.9206194638,8.9049946323,2.5683550581,0.000423,0.001951,-0.000248,0,0,0,0,0,0,1462090964710,2100
3.9394676529,8.9064852279,2.52001857315,-0.009244,-0.006578,-0.006640,0,0,0,0,0,0,1462090964720,2110
3.9439590528,8.82119766255,2.53498336845,-0.015698,-0.016148,-0.008804,0,0,0,0,0,0,1462090964730,2120
3.90909676755,8.7754108806,2.57448415185,-0.018917,-0.022498,-0.005639,0,0,0,0,0,0,1462090964740,2130
3.91582406085,8.7329092929,2.5849673538,-0.023203,-0.027788,-0.003518,0,0,0,0,0,0,1462090964750,2140
3.88230527295,8.7183955989,2.5852615503,-0.026442,-0.037335,-0.001448,0,0,0,0,0,0,1462090964761,2151
3.93363275565,8.71569879765,2.5542924654,-0.027542,-0.047939,0.002728,0,0,0,0,0,0,1462090964771,2161
3.94051695375,8.71181540385,2.6192314395,-0.020031,-0.046828,0.012267,0,0,0,0,0,0,1462090964781,2171
3.9976793337,8.7288689943,2.5441132665,-0.027607,-0.070200,0.013185,0,0,0,0,0,0,1462090964791,2181
3.9815181393,8.7963576714,2.58301585035,-0.027652,-0.079774,0.013098,0,0,0,0,0,0,1462090964801,2191
3.96789684135,8.78962057155,2.61937853775,-0.031955,-0.084039,0.009900,0,0,0,0,0,0,1462090964811,2201
4.0077016278,8.79336667365,2.68357221405,-0.035135,-0.078710,0.009980,0,0,0,0,0,0,1462090964821,2211
4.0262556204,8.79815227005,2.6805812163,-0.034040,-0.070218,0.007921,0,0,0,0,0,0,1462090964830,2220
4.05888201225,8.77840187835,2.7076669074,-0.030767,-0.054272,0.008046,0,0,0,0,0,0,1462090964840,2230
4.0395729153,8.8318181562,2.71754210325,-0.027504,-0.039397,0.007093,0,0,0,0,0,0,1462090964851,2241
4.0542435141,8.81311706535,2.7200819997,-0.024237,-0.025569,0.008262,0,0,0,0,0,0,1462090964860,2250
4.04301501435,8.80293786645,2.7048230079,-0.022048,-0.014923,0.010477,0,0,0,0,0,0,1462090964870,2260
3.99663003285,8.81625516135,2.6867201166,-0.018822,-0.007501,0.008387,0,0,0,0,0,0,1462090964881,2271
3.9168733617,8.79785807355,2.66291961975,-0.016654,0.000996,0.007379,0,0,0,0,0,0,1462090964891,2281
3.91178376225,8.77795077705,2.64003113205,-0.013443,0.004172,0.006312,0,0,0,0,0,0,1462090964901,2291
3.9242086611,8.754307185,2.6166817365,-0.012361,0.008416,0.005275,0,0,0,0,0,0,1462090964911,2301
3.90056506905,8.77436157975,2.59154754885,-0.011304,0.005230,0.006299,0,0,0,0,0,0,1462090964921,2311
3.92510105715,8.8132641636,2.5574305614,-0.014557,-0.005406,0.005160,0,0,0,0,0,0,1462090964931,2321
3.94575365145,8.81760846525,2.53782726795,-0.019962,-0.018178,0.001889,0,0,0,0,0,0,1462090964941,2331
3.9491957505,8.82808186065,2.546957166,-0.023215,-0.028814,0.000751,0,0,0,0,0,0,1462090964950,2340
3.9249539589,8.7911209737,2.61788794215,-0.023216,-0.029870,0.001804,0,0,0,0,0,0,1462090964960,2350
3.96401344755,8.7818439774,2.64571893105,-0.021067,-0.025629,0.000759,0,0,0,0,0,0,1462090964971,2361
3.9818123358,8.77241988285,2.64720952665,-0.021055,-0.024549,0.002902,0,0,0,0,0,0,1462090964981,2371
3.9939332316,8.7552093876,2.65260312915,-0.025308,-0.024505,0.007204,0,0,0,0,0,0,1462090964991,2381
4.0258045191,8.76059318355,2.6021680425,-0.032820,-0.035105,0.009305,0,0,0,0,0,0,1462090965001,2391
4.02042072315,8.7809417748,2.55847986225,-0.038185,-0.043585,0.011406,0,0,0,0,0,0,1462090965011,2401
3.92839605795,8.791572075,2.5538413641,-0.041423,-0.052086,0.011353,0,0,0,0,0,0,1462090965021,2411
3.9200114577,8.80338896775,2.5272067743,-0.045788,-0.067020,0.003788,0,0,0,0,0,0,1462090965031,2421
3.91477476,8.82598325895,2.5360326693,-0.044748,-0.070246,-0.000518,0,0,0,0,0,0,1462090965041,2431
3.92510105715,8.806085769,2.5569794601,-0.038349,-0.068170,-0.004821,0,0,0,0,0,0,1462090965051,2441
3.96925014525,8.7659769795,2.6047177455,-0.032978,-0.061796,-0.003743,0,0,0,0,0,0,1462090965061,2451
3.9922857312,8.71854269715,2.61414184005,-0.027602,-0.057519,0.001580,0,0,0,0,0,0,1462090965071,2461
4.02820712385,8.71061900475,2.61638754,-0.025402,-0.060571,0.021786,0,0,0,0,0,0,1462090965081,2471
4.06531510905,8.5503505581,2.60411954595,-0.052189,-0.099701,0.041913,0,0,0,0,0,0,1462090965091,2481
4.0198225236,8.7911209737,2.60007924735,-0.069361,-0.107213,0.026007,0,0,0,0,0,0,1462090965101,2491
3.9629641467,9.05088667665,2.69255501385,-0.065102,-0.087207,-0.000496,0,0,0,0,0,0,1462090965111,2501
3.94934284875,8.93911161975,2.76767318685,-0.045794,-0.056491,-0.011043,0,0,0,0,0,0,1462090965121,2511
3.9964829346,8.7216905997,2.7452259939,-0.027508,-0.032017,-0.002448,0,0,0,0,0,0,1462090965131,2521
4.0460060121,8.62622383545,2.75060978985,-0.016683,-0.004337,0.005181,0,0,0,0,0,0,1462090965141,2531
4.0288053234,8.66452821975,2.7378906945,-0.012359,0.005256,0.009499,0,0,0,0,0,0,1462090965151,2541
4.00755452955,8.7317128938,2.64975922965,-0.012386,-0.001118,0.010507,0,0,0,0,0,0,1462090965161,2551
4.0005232332,8.7269272974,2.6192314395,-0.012452,-0.016003,0.011435,0,0,0,0,0,0,1462090965171,2561
3.99708113415,8.7062747031,2.60561014155,-0.011466,-0.035137,0.013380,0,0,0,0,0,0,1462090965181,2571
4.0283542221,8.6941538073,2.6151911409,-0.012592,-0.045787,0.011162,0,0,0,0,0,0,1462090965191,2581
4.0431621126,8.7324581916,2.58705614895,-0.008332,-0.048985,0.012163,0,0,0,0,0,0,1462090965201,2591
4.0174297254,8.7183955989,2.63673613125,0.000234,-0.043684,0.013204,0,0,0,0,0,0,1462090965211,2601
4.0356895215,8.7001358028,2.69898811065,0.007768,-0.031982,0.016447,0,0,0,0,0,0,1462090965221,2611
4.04870281335,8.72423049615,2.76243648915,0.007833,-0.016032,0.015531,0,0,0,0,0,0,1462090965231,2621
4.0226664231,8.7531107859,2.76318178695,0.008957,-0.001157,0.013528,0,0,0,0,0,0,1462090965241,2631
3.9884023374,8.76792848295,2.7076669074,0.007914,0.007345,0.011481,0,0,0,0,0,0,1462090965251,2641
3.992442636,8.75206148505,2.68476861315,0.009011,0.015837,0.009417,0,0,0,0,0,0,1462090965261,2651
4.0032102279,8.75325788415,2.674442316,0.010096,0.020090,0.009446,0,0,0,0,0,0,1462090965271,2661
4.0262556204,8.79007167285,2.66307652455,0.009008,0.015839,0.009415,0,0,0,0,0,0,1462090965281,2671
4.00351423095,8.7863353773,2.68237581495,0.006833,0.008393,0.008297,0,0,0,0,0,0,1462090965291,2681
3.99663003285,8.7792942744,2.7010769058,0.000413,0.006279,0.007265,0,0,0,0,0,0,1462090965301,2691
4.01084953035,8.7709194807,2.7266720013,-0.006008,0.004165,0.006234,0,0,0,0,0,0,1462090965311,2701
4.0193714223,8.75745508755,2.6950949103,-0.009201,0.006303,0.006281,0,0,0,0,0,0,1462090965321,2711
3.9936390351,8.8059288642,2.6623214202,-0.010287,0.004165,0.004136,0,0,0,0,0,0,1462090965331,2721
4.0109966286,8.8072821681,2.6306070375,-0.013540,-0.004359,0.000886,0,0,0,0,0,0,1462090965341,2731
3.9964829346,8.8113224667,2.63479443435,-0.012505,-0.009696,-0.001307,0,0,0,0,0,0,1462090965351,2741
4.00800563085,8.7442848909,2.67759021855,-0.010397,-0.015179,-0.000384,0,0,0,0,0,0,1462090965361,2751
4.018331928,8.70926570085,2.63883473295,-0.010394,-0.017283,0.002794,0,0,0,0,0,0,1462090965371,2761
4.0267067217,8.7110602995,2.63075413575,-0.013597,-0.019386,0.004935,0,0,0,0,0,0,1462090965381,2771
4.01324232855,8.70118510365,2.59439144835,-0.016837,-0.026830,0.003828,0,0,0,0,0,0,1462090965391,2781
4.0255103226,8.7079222035,2.6087580441,-0.019019,-0.035350,0.001637,0,0,0,0,0,0,1462090965401,2791
4.032845622,8.68427861145,2.6023249473,-0.021169,-0.040647,0.003739,0,0,0,0,0,0,1462090965411,2801
4.0017196323,8.73754779105,2.6530444239,-0.020098,-0.040642,0.004795,0,0,0,0,0,0,1462090965421,2811
4.0723464054,8.7383028954,2.65903622595,-0.022213,-0.037437,0.005911,0,0,0,0,0,0,1462090965431,2821
4.0823686995,8.72348519835,2.6680092192,-0.020035,-0.028927,0.007039,0,0,0,0,0,0,1462090965441,2831
4.10316839205,8.73754779105,2.63883473295,-0.018915,-0.020399,0.010308,0,0,0,0,0,0,1462090965451,2841
4.0744450071,8.76224068395,2.63314693395,-0.012462,-0.011894,0.012464,0,0,0,0,0,0,1462090965461,2851
4.0457118156,8.7740575767,2.64167863245,-0.008163,-0.006581,0.013541,0,0,0,0,0,0,1462090965471,2861
3.97568324205,8.78677667205,2.6261156376,-0.007109,-0.007663,0.011387,0,0,0,0,0,0,1462090965481,2871
3.99258973425,8.76657517905,2.63928583425,-0.007141,-0.011941,0.008148,0,0,0,0,0,0,1462090965491,2881
4.02161712225,8.7535618872,2.62461523545,-0.008217,-0.014065,0.008137,0,0,0,0,0,0,1462090965501,2891
4.03373801805,8.7483251895,2.64407143065,-0.012490,-0.015116,0.008164,0,0,0,0,0,0,1462090965511,2901
4.03628772105,8.77316518065,2.6377854321,-0.014638,-0.017245,0.007096,0,0,0,0,0,0,1462090965521,2911
4.03628772105,8.77316518065,2.6377854321,-0.015725,-0.021497,0.007066,0,0,0,0,0,0,1462090965531,2921
4.0412204157,8.7124136034,2.67115712175,-0.015738,-0.025736,0.009158,0,0,0,0,0,0,1462090965541,2931
4.0205678214,8.6832293106,2.66621462055,-0.017906,-0.034223,0.011230,0,0,0,0,0,0,1462090965551,2941
4.0181750232,8.6720106174,2.6320976331,-0.016863,-0.043760,0.016461,0,0,0,0,0,0,1462090965561,2951
4.01922432405,8.676050916,2.6341962348,-0.016907,-0.057549,0.021661,0,0,0,0,0,0,1462090965571,2961
4.0647169095,8.68547501055,2.62836133755,-0.022285,-0.068155,0.023742,0,0,0,0,0,0,1462090965581,2971
4.08312380385,8.70538230705,2.6708531187,-0.018018,-0.069224,0.024762,0,0,0,0,0,0,1462090965591,2981
4.0808781039,8.70014560935,2.6748934173,-0.019058,-0.064950,0.026944,0,0,0,0,0,0,1462090965601,2991
4.09553889615,8.7566999832,2.7172381002,-0.012627,-0.058587,0.026947,0,0,0,0,0,0,1462090965611,3001
4.1058651933,8.7704683794,2.75959258965,-0.010443,-0.044787,0.023860,0,0,0,0,0,0,1462090965621,3011
4.1078068902,8.7623877822,2.74776589035,-0.008243,-0.025685,0.018690,0,0,0,0,0,0,1462090965631,3021
4.1182802856,8.75610178365,2.7314575977,-0.009239,-0.007622,0.015670,0,0,0,0,0,0,1462090965641,3031
4.1120040936,8.73874419015,2.6907604152,-0.009213,0.000865,0.012553,0,0,0,0,0,0,1462090965651,3041
4.11483818655,8.73036939645,2.63269583265,-0.008140,0.003918,0.010460,0,0,0,0,0,0,1462090965661,3051
4.0804270026,8.7393423897,2.60919933885,-0.009219,0.002842,0.008327,0,0,0,0,0,0,1462090965671,3061
4.05199781415,8.75251258635,2.62028074035,-0.008161,0.000711,0.008297,0,0,0,0,0,0,1462090965681,3071
4.0259614239,8.75535648585,2.625213435,-0.006019,0.003880,0.006174,0,0,0,0,0,0,1462090965691,3081
4.0003663284,8.7668791821,2.68521971445,-0.002782,0.012373,0.005156,0,0,0,0,0,0,1462090965701,3091
4.02206822355,8.7680755812,2.6777373168,-0.003857,0.013418,0.001975,0,0,0,0,0,0,1462090965711,3101
4.02491212305,8.7685266825,2.6353926339,-0.011384,0.003844,-0.001248,0,0,0,0,0,0,1462090965721,3111
4.04107331745,8.81027316585,2.59888284825,-0.023230,-0.012138,-0.009822,0,0,0,0,0,0,1462090965731,3121
4.0433190174,8.83780995825,2.5566852636,-0.038321,-0.036629,-0.019512,0,0,0,0,0,0,1462090965741,3131
4.0433190174,8.7926115693,2.6660675223,-0.038367,-0.041985,-0.024892,0,0,0,0,0,0,1462090965751,3141
4.030295919,8.73276219465,2.71230540555,-0.030850,-0.033482,-0.022749,0,0,0,0,0,0,1462090965761,3151
4.0286484186,8.6384918295,2.723671197,-0.019009,-0.018563,-0.014187,0,0,0,0,0,0,1462090965771,3161
4.05917620875,8.63340223005,2.6938985112,-0.013581,-0.006808,-0.004532,0,0,0,0,0,0,1462090965781,3171
4.07010070545,8.6480630223,2.6461602258,-0.014623,-0.006759,0.001873,0,0,0,0,0,0,1462090965791,3181
4.0635205104,8.69281030995,2.59274394795,-0.018946,-0.019504,0.002858,0,0,0,0,0,0,1462090965801,3191
4.0481046138,8.65854622425,2.6425710285,-0.015717,-0.017355,0.007113,0,0,0,0,0,0,1462090965811,3201
4.06187301,8.6978999094,2.63104833225,-0.012428,-0.011074,0.009525,0,0,0,0,0,0,1462090965821,3211
4.09269499665,8.75625868845,2.6051688468,-0.009218,-0.007909,0.007396,0,0,0,0,0,0,1462090965831,3221
4.09508779485,8.76014208225,2.63718723255,-0.003845,0.000576,0.006362,0,0,0,0,0,0,1462090965841,3231
4.1172407913,8.7029797023,2.67923771895,-0.000600,0.008027,0.008536,0,0,0,0,0,0,1462090965851,3241
4.10885619105,8.72109240015,2.66262542325,-0.000576,0.011233,0.010698,0,0,0,0,0,0,1462090965861,3251
4.1118471888,8.7151005981,2.6612819259,-0.004874,0.006975,0.008565,0,0,0,0,0,0,1462090965871,3261
4.1094543906,8.67305991825,2.63644193475,-0.005941,0.005922,0.009632,0,0,0,0,0,0,1462090965881,3271
4.0901551002,8.64477782805,2.63314693395,-0.006999,0.006996,0.010718,0,0,0,0,0,0,1462090965891,3281
4.10003029605,8.65001452575,2.6534955252,-0.002728,0.004879,0.013859,0,0,0,0,0,0,1462090965901,3291
4.09883389695,8.7192978015,2.66337072105,0.001550,0.005937,0.014898,0,0,0,0,0,0,1462090965911,3301
4.08506550075,8.73395859375,2.68402331535,0.002607,0.003807,0.014869,0,0,0,0,0,0,1462090965921,3311
4.096588197,8.72377939485,2.68163051715,0.002612,0.004870,0.014879,0,0,0,0,0,0,1462090965931,3321
4.0823686995,8.73844999365,2.7039208053,0.001549,0.005938,0.014897,0,0,0,0,0,0,1462090965941,3331
4.08535969725,8.73709668975,2.6798359185,-0.000595,0.004873,0.013840,0,0,0,0,0,0,1462090965951,3341
4.09508779485,8.7179444976,2.65648652295,-0.003810,0.003803,0.011727,0,0,0,0,0,0,1462090965961,3351
4.1182802856,8.7031366071,2.64271812675,-0.008014,0.002663,0.013119,0,0,0,0,0,0,1462090965971,3361
4.09553889615,8.6898193122,2.6584380264,-0.009096,-0.000525,0.013099,0,0,0,0,0,0,1462090965981,3371
4.10811089325,8.6926632117,2.65079872395,-0.009112,-0.004772,0.014126,0,0,0,0,0,0,1462090965991,3381
4.102275996,8.6765020173,2.6753445186,-0.006969,-0.004763,0.016240,0,0,0,0,0,0,1462090966001,3391
4.11499509135,8.70357790185,2.68955420955,-0.009104,-0.004757,0.016259,0,0,0,0,0,0,1462090966011,3401
4.10811089325,8.7091186026,2.7019791084,-0.010172,-0.004754,0.016268,0,0,0,0,0,0,1462090966021,3411
4.096588197,8.74233338745,2.71350180465,-0.011278,-0.010091,0.013031,0,0,0,0,0,0,1462090966031,3421
4.07055180675,8.7712136772,2.71679680545,-0.012368,-0.011182,0.008765,0,0,0,0,0,0,1462090966041,3431
4.07727910005,8.7566999832,2.7221806014,-0.010227,-0.006957,0.005588,0,0,0,0,0,0,1462090966051,3441
4.0699536072,8.7369495915,2.72187659835,-0.010207,-0.002701,0.005626,0,0,0,0,0,0,1462090966061,3451
4.07459210535,8.7095697039,2.71544350155,-0.009126,0.000487,0.005646,0,0,0,0,0,0,1462090966071,3461
4.10452169595,8.69326141125,2.7184344993,-0.008053,0.003660,0.003534,0,0,0,0,0,0,1462090966081,3471
4.1009226921,8.7119625021,2.74043059095,-0.011275,0.000471,0.002467,0,0,0,0,0,0,1462090966091,3481
4.1090032893,8.7474229869,2.7084122052,-0.013443,-0.003800,-0.000752,0,0,0,0,0,0,1462090966101,3491
4.10765979195,8.73874419015,2.7398323914,-0.014511,-0.003796,-0.000743,0,0,0,0,0,0,1462090966111,3501
4.1039234964,8.68757361225,2.7471676908,-0.012354,0.000460,0.000344,0,0,0,0,0,0,1462090966121,3511
4.12576268325,8.7002927076,2.74866809295,-0.010207,0.002589,0.001412,0,0,0,0,0,0,1462090966131,3521
4.1268119841,8.7183955989,2.71110900645,-0.007961,0.004641,0.002825,0,0,0,0,0,0,1462090966141,3531
4.10152089165,8.71165849905,2.7076669074,-0.005797,0.011017,0.002866,0,0,0,0,0,0,1462090966151,3541
4.0699536072,8.6881718118,2.6998805067,-0.004715,0.014205,0.002885,0,0,0,0,0,0,1462090966161,3551
4.05558701145,8.6833862154,2.7169439037,-0.005756,0.020583,0.001887,0,0,0,0,0,0,1462090966171,3561
4.0573816101,8.6803854111,2.71156010775,-0.003612,0.023760,0.000832,0,0,0,0,0,0,1462090966181,3571
4.06935540765,8.6715595161,2.68476861315,-0.001467,0.025881,0.000832,0,0,0,0,0,0,1462090966191,3581
4.08416329815,8.6753056182,2.7067647048,-0.001487,0.022682,-0.000263,0,0,0,0,0,0,1462090966201,3591
4.12262458725,8.70134200845,2.7277114956,-0.002541,0.023765,0.001888,0,0,0,0,0,0,1462090966211,3601
4.1113960875,8.71256070165,2.7588374853,-0.000424,0.019512,0.002896,0,0,0,0,0,0,1462090966221,3611
4.12291878375,8.73515499285,2.73489969675,-0.002593,0.014184,0.000734,0,0,0,0,0,0,1462090966231,3621
4.08836050155,8.72423049615,2.75869038705,-0.006887,0.009935,-0.000334,0,0,0,0,0,0,1462090966241,3631
4.0594802118,8.70806930175,2.76767318685,-0.012242,0.007809,-0.002440,0,0,0,0,0,0,1462090966251,3641
4.0804270026,8.68098361065,2.72711329605,-0.017602,0.005675,-0.005611,0,0,0,0,0,0,1462090966261,3651
4.09389139575,8.69730170985,2.6974877085,-0.018707,-0.000719,-0.007792,0,0,0,0,0,0,1462090966271,3661
4.09479359835,8.68114051545,2.6708531187,-0.017664,-0.004985,-0.008906,0,0,0,0,0,0,1462090966281,3671
4.10646339285,8.6724617187,2.69763480675,-0.012210,-0.003942,-0.006711,0,0,0,0,0,0,1462090966291,3681
4.1381875821,8.69594840595,2.7283195017,-0.007909,0.000323,-0.003510,0,0,0,0,0,0,1462090966301,3691
4.1437184763,8.6929574082,2.7112561047,0.000657,0.005623,-0.002469,0,0,0,0,0,0,1462090966311,3701
4.09838279565,8.69953760325,2.73040829685,0.004956,0.011992,-0.002447,0,0,0,0,0,0,1462090966321,3711
4.0702478037,8.69594840595,2.74207809135,0.006058,0.019435,-0.002387,0,0,0,0,0,0,1462090966331,3721
4.07908350525,8.69998870455,2.74851118815,0.006074,0.024738,-0.004470,0,0,0,0,0,0,1462090966341,3731
4.0835650986,8.7131589012,2.7536007876,0.007136,0.024727,-0.005546,0,0,0,0,0,0,1462090966351,3741
4.11574038915,8.70687290265,2.71499240025,0.002852,0.020493,-0.004481,0,0,0,0,0,0,1462090966361,3751
4.13354908395,8.7067258044,2.75345368935,-0.001438,0.016251,-0.004483,0,0,0,0,0,0,1462090966371,3761
4.1078068902,8.6627336211,2.7238281018,-0.001464,0.009877,-0.003475,0,0,0,0,0,0,1462090966381,3771
4.0819175982,8.6506127253,2.74103859705,-0.005770,0.001388,-0.002451,0,0,0,0,0,0,1462090966391,3781
4.0751903049,8.6351968287,2.7124525038,-0.009028,-0.011359,-0.001475,0,0,0,0,0,0,1462090966401,3791
4.0849184025,8.64642532845,2.706019407,-0.010157,-0.025176,-0.000528,0,0,0,0,0,0,1462090966411,3801
4.06396180515,8.65285842525,2.71230540555,-0.012336,-0.033686,-0.001654,0,0,0,0,0,0,1462090966421,3811
4.0795248,8.64267922635,2.73415439895,-0.012341,-0.034750,-0.001664,0,0,0,0,0,0,1462090966431,3821
4.11783899085,8.6660286219,2.7652705821,-0.009100,-0.026250,-0.001612,0,0,0,0,0,0,1462090966441,3831
4.1434242798,8.6746976121,2.76557458515,-0.007862,-0.016668,-0.002308,0,0,0,0,0,0,1462090966451,3841
4.14880807575,8.68023831285,2.752110192,-0.003553,-0.008172,-0.002265,0,0,0,0,0,0,1462090966461,3851
4.16691096705,8.6796401133,2.7456770952,-0.003523,-0.000734,-0.003261,0,0,0,0,0,0,1462090966471,3861
4.15016137965,8.67290301345,2.7383417958,-0.002413,0.005668,-0.000012,0,0,0,0,0,0,1462090966481,3871
4.12831238625,8.67619801425,2.73923419185,0.000837,0.014183,0.002171,0,0,0,0,0,0,1462090966491,3881
4.1284594845,8.66378292195,2.7331050981,0.006207,0.020556,0.003250,0,0,0,0,0,0,1462090966501,3891
4.11693678825,8.6845826145,2.7362431941,0.011585,0.026945,0.006461,0,0,0,0,0,0,1462090966511,3901
4.1087090928,8.69730170985,2.75435589195,0.015884,0.033315,0.006483,0,0,0,0,0,0,1462090966521,3911
4.0768378053,8.6860732101,2.73639029235,0.018041,0.035459,0.009681,0,0,0,0,0,0,1462090966531,3921
4.03852361445,8.68831891005,2.74372559175,0.015882,0.031203,0.008593,0,0,0,0,0,0,1462090966541,3931
4.0606766109,8.7005869041,2.71663990065,0.010506,0.022710,0.008560,0,0,0,0,0,0,1462090966551,3941
4.0621672065,8.71375710075,2.6834251158,0.000842,0.011030,0.007469,0,0,0,0,0,0,1462090966561,3951
4.0626183078,8.7098639004,2.68835781045,-0.006691,-0.000663,0.005294,0,0,0,0,0,0,1462090966571,3961
4.065011106,8.693702706,2.68043411805,-0.009928,-0.009155,0.006308,0,0,0,0,0,0,1462090966581,3971
4.0692083094,8.68906420785,2.6959971129,-0.007828,-0.015552,0.005164,0,0,0,0,0,0,1462090966591,3981
4.06247120955,8.6753056182,2.7305553951,-0.005694,-0.015558,0.005145,0,0,0,0,0,0,1462090966601,3991
4.0570874136,8.66497932105,2.7571899849,-0.004623,-0.015553,0.006201,0,0,0,0,0,0,1462090966611,4001
4.0626183078,8.66123321895,2.7402834927,-0.004473,-0.015497,0.008564,0,0,0,0,0,0,1462090966621,4011
4.0659133086,8.6796401133,2.755248288,-0.006622,-0.017625,0.007497,0,0,0,0,0,0,1462090966631,4021
4.0659133086,8.6796401133,2.755248288,-0.005565,-0.019755,0.007468,0,0,0,0,0,0,1462090966641,4031
4.10571809505,8.7070200009,2.74043059095,-0.005585,-0.022954,0.006373,0,0,0,0,0,0,1462090966651,4041
4.1087090928,8.7047841075,2.73250689855,-0.003451,-0.022961,0.006354,0,0,0,0,0,0,1462090966661,4051
4.0918026006,8.72901609255,2.73040829685,-0.003435,-0.019770,0.006383,0,0,0,0,0,0,1462090966671,4061
4.1292047823,8.7204942006,2.7015280071,-0.000192,-0.010214,0.005378,0,0,0,0,0,0,1462090966681,4071
4.1315975805,8.6808365124,2.70736290435,0.003053,-0.002763,0.007551,0,0,0,0,0,0,1462090966691,4081
4.13070518445,8.6910157113,2.7197878032,0.005203,0.000421,0.007563,0,0,0,0,0,0,1462090966701,4091
4.0973334948,8.68592611185,2.7129036051,0.007346,0.000430,0.009675,0,0,0,0,0,0,1462090966711,4101
4.06980650895,8.69056461,2.6846215149,0.008413,0.000427,0.009665,0,0,0,0,0,0,1462090966721,4111
4.06845320505,8.69326141125,2.7278684004,0.009484,-0.000624,0.011777,0,0,0,0,0,0,1462090966731,4121
4.0528902102,8.6805423159,2.7064705083,0.008416,-0.001677,0.012842,0,0,0,0,0,0,1462090966741,4131
4.0274520195,8.6989394037,2.72591689695,0.008391,-0.005939,0.011735,0,0,0,0,0,0,1462090966751,4141
4.0376312184,8.74368669135,2.72876079645,0.005180,-0.008056,0.011741,0,0,0,0,0,0,1462090966761,4151
4.05992150655,8.74129389315,2.7212783988,0.001960,-0.010189,0.009617,0,0,0,0,0,0,1462090966771,4161
4.06696260945,8.74398088785,2.7290647995,0.000904,-0.007003,0.008589,0,0,0,0,0,0,1462090966781,4171
4.0784853057,8.74158808965,2.7048230079,0.000894,-0.009130,0.008568,0,0,0,0,0,0,1462090966791,4181
4.08836050155,8.74129389315,2.6781884181,0.001033,-0.012279,0.007627,0,0,0,0,0,0,1462090966801,4191
4.07788710615,8.70118510365,2.6974877085,-0.002198,-0.018651,0.007595,0,0,0,0,0,0,1462090966811,4201
4.08057410085,8.71495349985,2.68163051715,-0.004357,-0.022907,0.006508,0,0,0,0,0,0,1462090966821,4211
4.06037260785,8.69804700765,2.72756439735,-0.006496,-0.023964,0.006516,0,0,0,0,0,0,1462090966831,4221
4.05319421325,8.7143553003,2.7305553951,-0.007558,-0.021841,0.005478,0,0,0,0,0,0,1462090966841,4231
4.0528902102,8.7029797023,2.7362431941,-0.006492,-0.022900,0.006524,0,0,0,0,0,0,1462090966851,4241
4.04136751395,8.7014891067,2.70751980915,-0.007554,-0.021833,0.006542,0,0,0,0,0,0,1462090966861,4251
4.07937770175,8.69235920865,2.6784826146,-0.007547,-0.019713,0.005495,0,0,0,0,0,0,1462090966871,4261
4.08671300115,8.68667140965,2.68043411805,-0.004351,-0.021843,0.006513,0,0,0,0,0,0,1462090966881,4271
4.10197199295,8.66811741705,2.7084122052,-0.003274,-0.019719,0.006523,0,0,0,0,0,0,1462090966891,4281
4.10930729235,8.6886229131,2.7079611039,-0.003280,-0.021838,0.007569,0,0,0,0,0,0,1462090966901,4291
4.11738788955,8.69879230545,2.69898811065,-0.001141,-0.020781,0.007560,0,0,0,0,0,0,1462090966911,4301
4.1042176929,8.6889171096,2.709157503,-0.001126,-0.018646,0.008646,0,0,0,0,0,0,1462090966921,4311
4.0823686995,8.6953502064,2.73040829685,-0.000978,-0.012229,0.008841,0,0,0,0,0,0,1462090966931,4321
4.0704047085,8.6853279123,2.7516590907,0.001191,-0.004789,0.008891,0,0,0,0,0,0,1462090966941,4331
4.06247120955,8.68218000975,2.69943921195,0.002293,0.001597,0.010006,0,0,0,0,0,0,1462090966951,4341
4.06366760865,8.72962409865,2.694643809,0.004433,0.003711,0.008940,0,0,0,0,0,0,1462090966961,4351
4.0566363123,8.7276725952,2.68327801755,0.005496,0.002644,0.008920,0,0,0,0,0,0,1462090966971,4361
4.09269499665,8.7321639951,2.69404560945,0.005477,-0.000555,0.007823,0,0,0,0,0,0,1462090966981,4371
4.08535969725,8.7017833032,2.70167510535,0.005474,-0.003723,0.010991,0,0,0,0,0,0,1462090966991,4381
4.0953917979,8.70642180135,2.74103859705,0.003307,-0.007994,0.007772,0,0,0,0,0,0,1462090967001,4391
4.09314609795,8.72991829515,2.7036266088,0.001167,-0.009051,0.007780,0,0,0,0,0,0,1462090967011,4401
4.10032449255,8.72497579395,2.70018450975,-0.000976,-0.010116,0.006723,0,0,0,0,0,0,1462090967021,4411
4.08836050155,8.70283260405,2.72756439735,-0.002038,-0.007993,0.005685,0,0,0,0,0,0,1462090967031,4421
4.09928499825,8.69445781035,2.71230540555,-0.005243,-0.007991,0.004647,0,0,0,0,0,0,1462090967041,4431
4.09359719925,8.6808365124,2.7043719066,-0.006317,-0.011164,0.006758,0,0,0,0,0,0,1462090967051,4441
4.08341800035,8.66646991665,2.6879165157,-0.009533,-0.013289,0.005700,0,0,0,0,0,0,1462090967061,4451
4.0937442975,8.6441796285,2.67788441505,-0.010621,-0.018597,0.006726,0,0,0,0,0,0,1462090967071,4461
4.1305580862,8.6518091244,2.66950962135,-0.009545,-0.018585,0.008849,0,0,0,0,0,0,1462090967081,4471
4.1061593898,8.67619801425,2.6789337159,-0.006334,-0.017523,0.009896,0,0,0,0,0,0,1462090967091,4481
4.1410314816,8.6948991051,2.6798359185,-0.000838,-0.015370,0.011081,0,0,0,0,0,0,1462090967101,4491
4.15404477345,8.7204942006,2.70497010615,0.001332,-0.007931,0.011131,0,0,0,0,0,0,1462090967111,4501
4.1163385887,8.7038819049,2.7184344993,0.003511,0.000580,0.012257,0,0,0,0,0,0,1462090967121,4511
4.1151421896,8.69953760325,2.74731478905,0.005676,0.009067,0.010185,0,0,0,0,0,0,1462090967131,4521
4.1091601941,8.6978999094,2.7402834927,0.005697,0.014378,0.009168,0,0,0,0,0,0,1462090967141,4531
4.11693678825,8.6824840128,2.7452259939,0.004615,0.012247,0.008092,0,0,0,0,0,0,1462090967151,4541
4.14237497895,8.71420820205,2.7184344993,0.001373,0.003747,0.008041,0,0,0,0,0,0,1462090967161,4551
4.1506026744,8.6977430046,2.68447441665,-0.002945,-0.005821,0.006924,0,0,0,0,0,0,1462090967171,4561
4.122477489,8.6946049086,2.68551391095,-0.000832,-0.011139,0.007922,0,0,0,0,0,0,1462090967181,4571
4.1010795969,8.66901961965,2.7286136982,0.001296,-0.013264,0.008949,0,0,0,0,0,0,1462090967191,4581
4.0977845961,8.621134236,2.73819469755,0.004510,-0.012195,0.011062,0,0,0,0,0,0,1462090967201,4591
4.1090032893,8.63714833215,2.7357920928,0.004469,-0.020704,0.010983,0,0,0,0,0,0,1462090967211,4601
4.10361949335,8.6332551318,2.7238281018,-0.000893,-0.026006,0.010980,0,0,0,0,0,0,1462090967221,4611
4.140129279,8.61035683755,2.7084122052,-0.001977,-0.031306,0.013073,0,0,0,0,0,0,1462090967231,4621
4.1374422843,8.6182903365,2.7580921875,-0.001959,-0.028107,0.014168,0,0,0,0,0,0,1462090967241,4631
4.1570357712,8.6739523143,2.79266027625,0.002358,-0.018538,0.015286,0,0,0,0,0,0,1462090967251,4641
4.17469736775,8.66168432025,2.7851778786,0.007750,-0.004742,0.013236,0,0,0,0,0,0,1462090967261,4651
4.1954970603,8.6856221088,2.8094196702,0.011020,0.009085,0.014403,0,0,0,0,0,0,1462090967271,4661
4.1842783671,8.6833862154,2.79026747805,0.014420,0.021868,0.014613,0,0,0,0,0,0,1462090967281,4671
4.1769430677,8.69056461,2.7775483827,0.013398,0.032501,0.013655,0,0,0,0,0,0,1462090967291,4681
4.1408745768,8.68922111265,2.7414798918,0.010216,0.035709,0.014778,0,0,0,0,0,0,1462090967301,4691
4.1356378791,8.6986452072,2.7317517942,0.005913,0.030388,0.012634,0,0,0,0,0,0,1462090967311,4701
4.1122982901,8.7127077999,2.70991260735,0.002683,0.026128,0.010491,0,0,0,0,0,0,1462090967321,4711
4.11409288875,8.70118510365,2.70138090885,0.000519,0.020808,0.009394,0,0,0,0,0,0,1462090967331,4721
4.0901551002,8.70657870615,2.7188856006,-0.002708,0.014444,0.010427,0,0,0,0,0,0,1462090967341,4731
4.10960148885,8.69206501215,2.70377370705,-0.003800,0.010185,0.009331,0,0,0,0,0,0,1462090967351,4741
4.1061593898,8.6969977068,2.7081180087,-0.008104,0.001696,0.010354,0,0,0,0,0,0,1462090967361,4751
4.13025408315,8.70522540225,2.67235352085,-0.011341,-0.006796,0.011369,0,0,0,0,0,0,1462090967371,4761
4.1006284956,8.6753056182,2.65079872395,-0.012447,-0.014247,0.010243,0,0,0,0,0,0,1462090967381,4771
4.08939999585,8.68877001135,2.67549161685,-0.013539,-0.019562,0.010202,0,0,0,0,0,0,1462090967391,4781
4.0847614977,8.67215771565,2.6817776154,-0.011403,-0.017457,0.008070,0,0,0,0,0,0,1462090967401,4791
4.1025701925,8.68518081405,2.7027244062,-0.005944,-0.011081,0.007087,0,0,0,0,0,0,1462090967411,4801
4.1215752864,8.6788948155,2.71395290595,-0.003809,-0.010031,0.006012,0,0,0,0,0,0,1462090967421,4811
4.1292047823,8.63340223005,2.7480698934,-0.004872,-0.008964,0.006031,0,0,0,0,0,0,1462090967431,4821
4.1417767794,8.6405904312,2.7295159008,-0.008089,-0.013201,0.007085,0,0,0,0,0,0,1462090967441,4831
4.1393839812,8.64552312585,2.6922510108,-0.011297,-0.015312,0.008159,0,0,0,0,0,0,1462090967451,4841
4.1776883655,8.6679703188,2.6950949103,-0.010219,-0.013188,0.008170,0,0,0,0,0,0,1462090967461,4851
4.14612108105,8.66646991665,2.68835781045,-0.008063,-0.006828,0.006079,0,0,0,0,0,0,1462090967471,4861
4.17783546375,8.6651264193,2.7278684004,-0.002672,0.004857,0.006141,0,0,0,0,0,0,1462090967481,4871
4.22033705145,8.67470741865,2.74896228945,0.002727,0.016556,0.008335,0,0,0,0,0,0,1462090967491,4881
4.2128546538,8.67425631735,2.74447088955,0.004896,0.022939,0.009442,0,0,0,0,0,0,1462090967501,4891
4.2131488503,8.6506127253,2.7200819997,0.004901,0.024003,0.009453,0,0,0,0,0,0,1462090967511,4901
4.2010279545,8.6468666232,2.69420251425,0.002746,0.018698,0.010489,0,0,0,0,0,0,1462090967521,4911
4.1547998778,8.62606693065,2.6732459169,-0.000506,0.008071,0.010418,0,0,0,0,0,0,1462090967531,4921
4.1503084779,8.6307054288,2.6696567196,-0.005878,-0.001471,0.012508,0,0,0,0,0,0,1462090967541,4931
4.1450717802,8.62906773495,2.68716141135,-0.008035,-0.008887,0.015655,0,0,0,0,0,0,1462090967551,4941
4.17259876605,8.63534392695,2.70183201015,-0.010152,-0.007794,0.018881,0,0,0,0,0,0,1462090967561,4951
4.17304986735,8.64626842365,2.68926001305,-0.006951,-0.008860,0.019909,0,0,0,0,0,0,1462090967571,4961
4.177394169,8.6598897216,2.7184344993,-0.004664,-0.002422,0.023208,0,0,0,0,0,0,1462090967581,4971
4.17170637,8.65644762255,2.70871620825,-0.005716,0.000772,0.023247,0,0,0,0,0,0,1462090967591,4981
4.1586832716,8.6542019226,2.71350180465,-0.008923,-0.000282,0.023265,0,0,0,0,0,0,1462090967601,4991
4.1619782724,8.6582422212,2.73399749415,-0.011071,-0.001354,0.021142,0,0,0,0,0,0,1462090967611,5001
4.1729027691,8.6510638266,2.7559935858,-0.013229,-0.003498,0.017944,0,0,0,0,0,0,1462090967621,5011
4.15943837595,8.66048792115,2.74343139525,-0.012167,-0.004565,0.017924,0,0,0,0,0,0,1462090967631,5021
4.1622724689,8.6715595161,2.75510118975,-0.010031,-0.002459,0.015793,0,0,0,0,0,0,1462090967641,5031
4.17379516515,8.69520310815,2.79819117045,-0.003605,0.001784,0.016842,0,0,0,0,0,0,1462090967651,5041
4.16347867455,8.6563005243,2.76392708475,0.000713,0.011352,0.017959,0,0,0,0,0,0,1462090967661,5051
4.15779087555,8.6521033209,2.75778818445,0.003960,0.021972,0.016964,0,0,0,0,0,0,1462090967671,5061
4.15375057695,8.6465724267,2.7314575977,0.006106,0.026205,0.014853,0,0,0,0,0,0,1462090967681,5071
4.14716057535,8.63818782645,2.75135508765,0.007168,0.025138,0.014833,0,0,0,0,0,0,1462090967691,5081
4.11858428865,8.63983532685,2.711707206,0.006072,0.020871,0.012671,0,0,0,0,0,0,1462090967701,5091
4.1384817786,8.6295090297,2.70975570255,0.002836,0.014491,0.011573,0,0,0,0,0,0,1462090967711,5101
4.12980298185,8.6563005243,2.7133547064,0.000655,0.003869,0.012558,0,0,0,0,0,0,1462090967721,5111
4.12711598715,8.65285842525,2.6955460116,-0.004621,-0.001403,0.010459,0,0,0,0,0,0,1462090967731,5121
4.140129279,8.6627336211,2.6906035104,-0.003573,-0.004605,0.009354,0,0,0,0,0,0,1462090967741,5131
4.14192387765,8.6723048139,2.7278684004,-0.004631,-0.004586,0.011494,0,0,0,0,0,0,1462090967751,5141
4.13907997815,8.68757361225,2.7383417958,-0.003577,-0.004613,0.008287,0,0,0,0,0,0,1462090967761,5151
4.1280083832,8.684876811,2.76318178695,-0.004635,-0.003538,0.009371,0,0,0,0,0,0,1462090967771,5161
4.1465623758,8.68114051545,2.77724437965,-0.006779,-0.003546,0.007257,0,0,0,0,0,0,1462090967781,5171
4.13668717995,8.68472971275,2.75659178535,-0.009995,-0.006728,0.007255,0,0,0,0,0,0,1462090967791,5181
4.1531523774,8.6767962138,2.72203350315,-0.012150,-0.010976,0.007234,0,0,0,0,0,0,1462090967801,5191
4.14925917705,8.66003681985,2.74537309215,-0.012169,-0.014175,0.006138,0,0,0,0,0,0,1462090967811,5201
4.17589376685,8.6340004296,2.755248288,-0.012180,-0.016302,0.006118,0,0,0,0,0,0,1462090967821,5211
4.1752955673,8.6408846277,2.75510118975,-0.008959,-0.013113,0.007185,0,0,0,0,0,0,1462090967831,5221
4.18487656665,8.62696913325,2.7693108807,-0.005729,-0.007796,0.008273,0,0,0,0,0,0,1462090967841,5231
4.1845725636,8.62383103725,2.75180618895,-0.001431,-0.002483,0.009351,0,0,0,0,0,0,1462090967851,5241
4.21555145505,8.6070716433,2.7896692785,-0.001421,0.000701,0.008315,0,0,0,0,0,0,1462090967861,5251
4.2228769479,8.60466903855,2.7488151912,-0.001407,0.002836,0.009401,0,0,0,0,0,0,1462090967871,5261
4.21374704985,8.62577273415,2.7588374853,-0.004610,0.001789,0.010485,0,0,0,0,0,0,1462090967881,5271
4.20327365445,8.6142500379,2.73535079805,-0.007746,-0.001345,0.009434,0,0,0,0,0,0,1462090967891,5281
4.1679602679,8.60916043845,2.7242792031,-0.008843,-0.007724,0.009384,0,0,0,0,0,0,1462090967901,5291
4.17828656505,8.59658844135,2.71544350155,-0.012066,-0.014081,0.011484,0,0,0,0,0,0,1462090967911,5301
4.19160385995,8.60766984285,2.6808754128,-0.018494,-0.019381,0.011491,0,0,0,0,0,0,1462090967921,5311
4.1866711653,8.62247773335,2.71469820375,-0.021711,-0.023618,0.012545,0,0,0,0,0,0,1462090967931,5321
4.20941255475,8.6542019226,2.7357920928,-0.023846,-0.023612,0.012564,0,0,0,0,0,0,1462090967941,5331
4.24427484,8.6711084148,2.7345956937,-0.019558,-0.020426,0.013622,0,0,0,0,0,0,1462090967951,5341
4.23769464495,8.68592611185,2.7702130833,-0.016322,-0.014046,0.014720,0,0,0,0,0,0,1462090967961,5351
4.23035934555,8.7046272027,2.80238837385,-0.014144,-0.006591,0.016901,0,0,0,0,0,0,1462090967971,5361
4.1966934594,8.68472971275,2.82527686155,-0.008778,0.000831,0.015858,0,0,0,0,0,0,1462090967981,5371
4.15973257245,8.6618314185,2.8122635697,-0.011946,0.007231,0.017010,0,0,0,0,0,0,1462090967991,5381
4.15943837595,8.63699142735,2.7718605837,-0.018352,0.008298,0.014943,0,0,0,0,0,0,1462090968001,5391
4.15210307655,8.64642532845,2.7100597056,-0.025866,-0.000196,0.013863,0,0,0,0,0,0,1462090968011,5401
4.1905545591,8.64881812665,2.69255501385,-0.028007,-0.004422,0.017040,0,0,0,0,0,0,1462090968021,5411
4.19415356295,8.641335729,2.6955460116,-0.023751,-0.009730,0.020150,0,0,0,0,0,0,1462090968031,5421
4.17230456955,8.61274963575,2.7435784935,-0.016286,-0.016088,0.026420,0,0,0,0,0,0,1462090968041,5431
4.162880475,8.6073658398,2.77171348545,-0.005602,-0.021369,0.035869,0,0,0,0,0,0,1462090968051,5441
4.19939026065,8.60796403935,2.73654719715,-0.001230,-0.022334,0.043278,0,0,0,0,0,0,1462090968061,5451
4.18726936485,8.6670681162,2.7601907892,-0.000229,-0.037221,0.044196,0,0,0,0,0,0,1462090968071,5461
4.1853178614,8.6687156166,2.8004368704,0.002943,-0.041500,0.041996,0,0,0,0,0,0,1462090968081,5471
4.16975486655,8.7338114955,2.88274324455,-0.005577,-0.040387,0.045277,0,0,0,0,0,0,1462090968091,5481
4.17993406545,8.8520196492,2.93869941885,-0.020518,-0.039285,0.044349,0,0,0,0,0,0,1462090968101,5491
4.2197388519,9.01901538915,2.83096466055,-0.043035,-0.063667,0.046448,0,0,0,0,0,0,1462090968111,5501
4.1802380685,9.07632486735,2.861943552,-0.061274,-0.097533,0.062275,0,0,0,0,0,0,1462090968121,5511
4.17709016595,9.20710501815,2.8460765541,-0.072023,-0.122952,0.072786,0,0,0,0,0,0,1462090968131,5521
4.13758938255,9.33025567305,2.8427815533,-0.068914,-0.156874,0.089490,0,0,0,0,0,0,1462090968141,5531
4.0835650986,9.4981536156,2.6382365334,-0.056393,-0.240734,0.117377,0,0,0,0,0,0,1462090968151,5541
4.0020138288,9.8155327998,2.35497433665,-0.029022,-0.375416,0.183028,0,0,0,0,0,0,1462090968161,5551
3.86226068475,10.046418213,2.36664413115,-0.007579,-0.444894,0.290903,0,0,0,0,0,0,1462090968171,5561
3.82664329515,10.3200994104,2.4173734143,0.007451,-0.489065,0.366030,0,0,0,0,0,0,1462090968181,5571
3.9620619441,10.3418013055,2.50236678315,0.040750,-0.477170,0.406350,0,0,0,0,0,0,1462090968191,5581
4.2011848593,10.4257453735,2.92224402795,0.096757,-0.401530,0.445999,0,0,0,0,0,0,1462090968201,5591
4.52469313725,10.4139186743,3.14385244485,0.174096,-0.340737,0.500245,0,0,0,0,0,0,1462090968211,5601
4.6994752779,10.099089193,3.33030438,0.306865,-0.348763,0.620511,0,0,0,0,0,0,1462090968221,5611
4.7817718455,9.8053536009,3.4000289505,0.431328,-0.350017,0.791004,0,0,0,0,0,0,1462090968231,5621
4.68301008045,10.1752566669,3.7287837327,0.522141,-0.256499,0.955185,0,0,0,0,0,0,1462090968241,5631
4.59127961175,11.3733915262,3.4896608175,0.559106,-0.208972,1.070408,0,0,0,0,0,0,1462090968251,5641
4.6165707042,12.107951154,2.88543023925,0.551777,-0.224511,1.124681,0,0,0,0,0,0,1462090968261,5651
4.43431597245,12.3792395532,2.4960807846,0.517007,-0.299352,1.057144,0,0,0,0,0,0,1462090968271,5661
4.10960148885,12.6698370493,2.25516327075,0.531152,-0.560070,0.897928,0,0,0,0,0,0,1462090968281,5671
3.95877674985,12.5978569723,2.3115803529,0.587212,-0.946745,0.693478,0,0,0,0,0,0,1462090968291,5681
4.0267067217,12.9307991514,2.15460690705,0.661637,-1.400383,0.356091,0,0,0,0,0,0,1462090968301,5691
4.2200330484,12.9733007391,2.1746613018,0.790598,-1.863471,0.057575,0,0,0,0,0,0,1462090968311,5701
4.52200614255,12.7697952135,2.03265265125,0.973545,-2.304487,-0.109052,0,0,0,0,0,0,1462090968321,5711
5.19416669265,12.1110990565,1.9998889677,1.165679,-2.624140,-0.256512,0,0,0,0,0,0,1462090968331,5721
5.7593475888,11.8398008508,1.6901392794,1.376894,-2.813493,-0.321927,0,0,0,0,0,0,1462090968341,5731
6.0708820692,11.2075921854,0.9992678319,1.619272,-2.848763,-0.247631,0,0,0,0,0,0,1462090968351,5741
6.41115954765,10.4634515583,0.2151753201,1.823380,-2.741517,-0.048067,0,0,0,0,0,0,1462090968361,5751
6.60778087515,9.75058401915,0.0960649638,1.856649,-2.479050,0.224790,0,0,0,0,0,0,1462090968371,5761
6.72883292835,9.34476936705,0.1690845351,1.706023,-2.277826,0.484822,0,0,0,0,0,0,1462090968381,5771
6.5301228057,9.2533429014,0.26904269925,1.562919,-2.162826,0.591583,0,0,0,0,0,0,1462090968391,5781
6.7705794117,8.06807423565,0.546617097,1.443152,-2.132510,0.763430,0,0,0,0,0,0,1462090968401,5791
7.0327477194,7.4575674654,0.6630404586,1.335506,-2.281683,0.976132,0,0,0,0,0,0,1462090968411,5801
6.704149842,7.25615073495,0.85457218665,1.265580,-2.579862,1.190315,0,0,0,0,0,0,1462090968421,5811
6.85602388185,7.55572122435,0.9374669538,1.122377,-3.021472,1.396343,0,0,0,0,0,0,1462090968431,5821
6.9984836337,7.4057888814,0.7809544158,0.853807,-3.522691,1.545355,0,0,0,0,0,0,1462090968441,5831
6.8442069891,7.0667176086,0.86071108695,0.491933,-4.011817,1.564204,0,0,0,0,0,0,1462090968451,5841
7.74994975365,6.63082626765,0.54168440235,0.211207,-4.416742,1.493606,0,0,0,0,0,0,1462090968461,5851
8.52760916865,5.99936290005,0.14036115015,-0.003497,-4.610339,1.404150,0,0,0,0,0,0,1462090968471,5861
9.44099123565,5.17920189735,0.24195700815,-0.199382,-4.682547,1.341237,0,0,0,0,0,0,1462090968481,5871
9.9575316438,4.07892660045,0.4578874326,-0.402885,-4.649725,1.384879,0,0,0,0,0,0,1462090968491,5881
10.4788674549,3.10390056015,0.4433737386,-0.674321,-4.372622,1.499595,0,0,0,0,0,0,1462090968501,5891
10.8800436088,1.93988268825,0.53150520345,-0.940685,-3.749428,1.673972,0,0,0,0,0,0,1462090968511,5901
10.9780502695,0.9043992672,0.6238338717,-1.113773,-3.153139,1.989033,0,0,0,0,0,0,1462090968521,5911
10.9425897847,0.32725438005,0.0948685647,-1.202495,-2.664547,2.447301,0,0,0,0,0,0,1462090968531,5921
11.0750174359,0.14708844345,-0.760596018,-1.260501,-2.233408,2.915424,0,0,0,0,0,0,1462090968541,5931
11.023542855,-0.2995704894,-1.69163968155,-1.300036,-1.832135,3.232837,0,0,0,0,0,0,1462090968551,5941
10.8833288031,-0.4700083284,-2.80837036935,-1.347850,-1.493467,3.420781,0,0,0,0,0,0,1462090968561,5951
11.1303754107,-0.69909914295,-4.1627235702,-1.374972,-1.272035,3.584008,0,0,0,0,0,0,1462090968571,5961
11.6104158397,-1.052242815,-5.35128723675,-1.330551,-1.087645,3.801687,0,0,0,0,0,0,1462090968581,5971
12.5375564964,-0.69296024265,-6.7310786283,-1.256830,-0.953954,3.933378,0,0,0,0,0,0,1462090968591,5981
13.4100844761,-0.0303806919,-8.38755202155,-1.182634,-0.849811,3.950753,0,0,0,0,0,0,1462090968601,5991
13.637684695,0.57834128625,-9.656313654,-1.029096,-0.862103,3.931184,0,0,0,0,0,0,1462090968611,6001
14.1676894964,1.01602722585,-10.5821108133,-0.746079,-0.999450,3.879482,0,0,0,0,0,0,1462090968621,6011
14.4223754064,1.01647832715,-11.1323269141,-0.291730,-1.041332,3.861282,0,0,0,0,0,0,1462090968631,6021
14.578897751,1.0888996989,-11.3228093414,0.338472,-0.991520,3.944716,0,0,0,0,0,0,1462090968641,6031
14.661488515,0.99702213195,-11.5516059594,1.075904,-0.933710,4.147723,0,0,0,0,0,0,1462090968651,6041
14.4138437079,0.8627998821,-11.6385410251,1.831663,-0.890382,4.414381,0,0,0,0,0,0,1462090968661,6051
14.4109998084,0.7950170085,-11.645582128,2.508224,-0.824035,4.596682,0,0,0,0,0,0,1462090968671,6061
14.1633550012,0.8889833706,-11.6072679372,2.970014,-0.730131,4.678796,0,0,0,0,0,0,1462090968681,6071
13.709360769,1.3182945165,-11.7491294895,3.188380,-0.625171,4.720502,0,0,0,0,0,0,1462090968691,6081
13.7805857417,1.74924335625,-11.6853771079,3.205842,-0.533832,4.709476,0,0,0,0,0,0,1462090968701,6091
13.5691467171,1.7712394479,-11.5751024532,3.124446,-0.545722,4.650392,0,0,0,0,0,0,1462090968711,6101
13.2178074502,1.85668391805,-11.3106884455,3.056963,-0.745109,4.555337,0,0,0,0,0,0,1462090968721,6111
12.8335377885,1.8007179372,-11.0195025564,3.012654,-0.984131,4.430936,0,0,0,0,0,0,1462090968731,6121
12.5462352931,1.8806217066,-10.6900024764,2.949912,-1.082498,4.334648,0,0,0,0,0,0,1462090968741,6131
12.5733209842,2.02667065575,-10.5405114282,2.911619,-1.042087,4.318305,0,0,0,0,0,0,1462090968751,6141
12.4524160293,2.02757285835,-10.4957739471,2.944240,-0.931415,4.339300,0,0,0,0,0,0,1462090968761,6151
12.2363385066,2.0797927371,-10.6383807972,3.039868,-0.805031,4.352433,0,0,0,0,0,0,1462090968771,6161
12.3048764846,2.19051849315,-10.8752482059,3.193533,-0.835019,4.385986,0,0,0,0,0,0,1462090968781,6171
12.148658143,3.1125793569,-12.0229577852,3.421237,-1.353261,4.294986,0,0,0,0,0,0,1462090968791,6181
12.5685353878,2.20144298985,-10.4016506802,3.540673,-1.466427,4.138357,0,0,0,0,0,0,1462090968801,6191
11.7370085937,1.76614984845,-9.90291896685,3.447589,-1.278008,4.122803,0,0,0,0,0,0,1462090968811,6201
10.9551519753,2.076046635,-9.9501963444,3.194413,-1.291442,4.074791,0,0,0,0,0,0,1462090968821,6211
10.1207812817,2.05285414425,-9.442334733,2.885836,-1.394008,3.886818,0,0,0,0,0,0,1462090968831,6221
9.55470798945,1.9452664842,-9.55127569695,2.624880,-1.547004,3.657462,0,0,0,0,0,0,1462090968841,6231
9.18974742465,1.9219268952,-9.38323065615,2.470338,-1.790492,3.459376,0,0,0,0,0,0,1462090968851,6241
8.65554541995,1.51057154235,-9.02425208685,2.404180,-1.857604,3.271753,0,0,0,0,0,0,1462090968861,6251
8.58507555165,1.17628586595,-8.80907676675,2.433763,-1.777034,3.100658,0,0,0,0,0,0,1462090968871,6261
8.2868485596,1.05358631235,-8.57130715545,2.542414,-1.720772,2.983001,0,0,0,0,0,0,1462090968881,6271
7.6645052835,0.9887944365,-8.0938164294,2.703213,-1.722921,2.898452,0,0,0,0,0,0,1462090968891,6281
7.14871017315,0.87147867885,-7.1256745872,2.879627,-1.783828,2.784441,0,0,0,0,0,0,1462090968901,6291
6.1685945334,1.3473219045,-6.3478582674,2.971399,-1.863020,2.608119,0,0,0,0,0,0,1462090968911,6301
5.87980144245,0.7828961127,-4.767552348,3.025218,-1.772537,2.347380,0,0,0,0,0,0,1462090968921,6311
5.61210224055,-0.47105762925,-3.38491705695,3.113364,-1.498522,2.181838,0,0,0,0,0,0,1462090968931,6321
4.9948485639,-0.8810596782,-3.40198045395,3.032599,-1.385893,2.133498,0,0,0,0,0,0,1462090968941,6331
5.07295773465,-0.7329219339,-2.44729319835,2.934750,-1.240541,2.044047,0,0,0,0,0,0,1462090968951,6341
4.84805431695,-1.18122836715,-1.5734217213,2.798647,-1.082125,1.980629,0,0,0,0,0,0,1462090968961,6351
4.9077663999,-1.59796751595,-0.92041336335,2.665069,-0.968178,1.799541,0,0,0,0,0,0,1462090968971,6361
4.58574871755,-2.3251918443,-0.5991409788,2.502788,-0.833911,1.622090,0,0,0,0,0,0,1462090968981,6371
4.29814221915,-2.969227209,-0.4647716307,2.319004,-0.592486,1.546004,0,0,0,0,0,0,1462090968991,6381
3.99423723465,-2.971776912,-0.30391479105,2.154240,-0.430545,1.516973,0,0,0,0,0,0,1462090969001,6391
3.60787877775,-3.02280039165,0.1873443312,2.039642,-0.282443,1.506560,0,0,0,0,0,0,1462090969011,6401
3.18994322985,-3.2846646963,0.5078616114,1.950411,-0.170713,1.477469,0,0,0,0,0,0,1462090969021,6411
2.8489204536,-3.30126718545,0.9407619546,1.815152,-0.032741,1.381881,0,0,0,0,0,0,1462090969031,6421
2.3971719213,-3.1683982395,0.783347214,1.564691,0.125700,1.275762,0,0,0,0,0,0,1462090969041,6431
1.85833141845,-2.84592945585,0.23044411845,1.288529,0.069108,1.133762,0,0,0,0,0,0,1462090969051,6441
2.62671383715,-3.26910170145,0.3657058626,1.046221,0.135086,1.040567,0,0,0,0,0,0,1462090969061,6451
2.810164968,-3.87946137345,0.01062049365,0.924758,0.162157,1.057863,0,0,0,0,0,0,1462090969071,6461
3.19712162445,-4.16706787185,-0.55096139865,0.915045,0.079737,1.128587,0,0,0,0,0,0,1462090969081,6471
3.41245384935,-4.05843091095,-0.948097254,0.933666,-0.060577,1.147368,0,0,0,0,0,0,1462090969091,6481
3.27912399555,-3.6580000548,-1.14247288155,0.962186,-0.232906,1.009099,0,0,0,0,0,0,1462090969101,6491
2.8251297633,-3.88769887545,-1.1478566775,0.989519,-0.382247,0.813502,0,0,0,0,0,0,1462090969111,6501
2.5167333789,-4.14327718155,-1.01334023115,1.002989,-0.542076,0.632850,0,0,0,0,0,0,1462090969121,6511
2.0717121399,-4.70770297335,-0.35343786855,0.983721,-0.687476,0.521891,0,0,0,0,0,0,1462090969131,6521
1.60589120835,-5.1200978205,0.2810164968,0.823992,-0.769512,0.438323,0,0,0,0,0,0,1462090969141,6531
2.15835300915,-5.715649602,0.2244523164,-0.424768,-1.314876,-0.029077,0,0,0,0,0,0,1462090969171,6561
2.32174974525,-6.39978394965,-0.3299511813,-0.835107,-1.526450,-0.183075,0,0,0,0,0,0,1462090969181,6571
2.1927641931,-7.2552583389,-0.87102757755,-1.053798,-1.790002,-0.387184,0,0,0,0,0,0,1462090969191,6581
2.6329998357,-7.785420045,-1.6872953799,-1.114792,-2.205251,-0.472580,0,0,0,0,0,0,1462090969201,6591
3.067684971,-7.36074739725,-1.95110138145,-1.107859,-2.554058,-0.462031,0,0,0,0,0,0,1462090969211,6601
3.30052188765,-7.07733810225,-1.83858102675,-1.050994,-2.731709,-0.442864,0,0,0,0,0,0,1462090969221,6611
2.9297264256,-7.33695670695,-1.59377031255,-0.941882,-2.797988,-0.298422,0,0,0,0,0,0,1462090969231,6621
2.4193151112,-7.87025650905,-1.10012819865,-0.788962,-2.707348,-0.058047,0,0,0,0,0,0,1462090969241,6631
1.8815239092,-8.32096554705,-0.8328702915,-0.623545,-2.413962,0.131882,0,0,0,0,0,0,1462090969251,6641
1.65033449295,-8.3121298455,-0.6359547675,-0.487082,-1.818276,0.195920,0,0,0,0,0,0,1462090969261,6651
1.4041802814,-8.14888020765,-0.68144735295,-0.336436,-1.116620,0.211795,0,0,0,0,0,0,1462090969271,6661
0.9467439501,-8.2024533903,-0.8604070839,-0.077605,-0.587318,0.264557,0,0,0,0,0,0,1462090969281,6671
0.86100528345,-8.28205315665,-0.9412130559,0.254433,-0.186600,0.362380,0,0,0,0,0,0,1462090969291,6681
1.858929618,-6.96915224265,-1.3316118114,0.616901,-0.304498,0.677855,0,0,0,0,0,0,1462090969301,6691
1.4353062711,-7.14466987455,-1.202479161,0.721258,-0.216977,1.055041,0,0,0,0,0,0,1462090969311,6701
0.3368353794,-8.2795132602,-0.70359054285,0.726137,0.277276,1.158713,0,0,0,0,0,0,1462090969321,6711
0.09740846115,-9.083807265,-1.07947560435,0.805053,0.658503,0.960145,0,0,0,0,0,0,1462090969331,6721
0.09501566295,-8.94075912015,-1.79339244435,0.926632,0.663449,0.664982,0,0,0,0,0,0,1462090969341,6731
0.07736387295,-8.1038387235,-1.76136425205,0.968807,0.512829,0.445797,0,0,0,0,0,0,1462090969351,6741
0.07077387135,-8.12554061865,-1.5532202283,0.879254,0.357291,0.367276,0,0,0,0,0,0,1462090969361,6751
0.2491452093,-8.65330952655,-1.3832334906,0.720610,0.237322,0.333436,0,0,0,0,0,0,1462090969371,6761
0.4501010319,-9.18900212685,-1.2341935437,0.548319,0.155765,0.310731,0,0,0,0,0,0,1462090969381,6771
0.38785885905,-9.34880966565,-1.16626357185,0.347557,0.125527,0.313263,0,0,0,0,0,0,1462090969391,6781
0.1882465338,-9.1477067448,-1.2600828357,0.163865,0.107886,0.299778,0,0,0,0,0,0,1462090969401,6791
0.12569055135,-9.00195199215,-1.5871901175,0.040418,0.014141,0.229640,0,0,0,0,0,0,1462090969411,6801
0.1279362513,-9.01407288795,-1.82316513015,-0.033178,-0.122486,0.133091,0,0,0,0,0,0,1462090969421,6811
0.1687903386,-9.13902794805,-1.9000779018,-0.086189,-0.226978,0.076095,0,0,0,0,0,0,1462090969431,6821
0.2479488102,-9.27818289255,-1.9328513919,-0.106817,-0.304534,0.079816,0,0,0,0,0,0,1462090969441,6831
0.28161469635,-9.2066637234,-1.9335966897,-0.105977,-0.362947,0.092054,0,0,0,0,0,0,1462090969451,6841
0.41090425155,-9.05014137885,-1.94557048725,-0.110385,-0.390605,0.089703,0,0,0,0,0,0,1462090969461,6851
0.32890188045,-9.086945361,-2.08323483615,-0.086106,-0.419629,0.057249,0,0,0,0,0,0,1462090969471,6861
0.2636589033,-8.98100520135,-2.2044339876,-0.008726,-0.458781,-0.029050,0,0,0,0,0,0,1462090969481,6871
0.28894999575,-8.9551257159,-2.07515423895,0.087133,-0.430929,-0.109557,0,0,0,0,0,0,1462090969491,6881
0.43783303785,-9.2763882939,-1.7645121546,0.165577,-0.314182,-0.112351,0,0,0,0,0,0,1462090969501,6891
0.6423878643,-9.6353668632,-1.53167523795,0.233894,-0.147911,-0.036796,0,0,0,0,0,0,1462090969511,6901
0.73995323025,-9.71347603395,-1.3375938069,0.305624,0.045101,0.060302,0,0,0,0,0,0,1462090969521,6911
0.77631591765,-9.62354997045,-1.24542204345,0.358937,0.206029,0.126347,0,0,0,0,0,0,1462090969531,6921
0.66767895675,-9.58673618175,-1.61936540805,0.366859,0.280641,0.151484,0,0,0,0,0,0,1462090969551,6941
0.73905102765,-9.5053320102,-1.74535996245,0.356658,0.179413,0.121851,0,0,0,0,0,0,1462090969561,6951
0.75356472165,-9.3781410567,-1.6858047843,0.346490,0.069807,0.110262,0,0,0,0,0,0,1462090969571,6961
0.93447595605,-9.5488730922,-1.51625934135,0.334412,-0.018296,0.129797,0,0,0,0,0,0,1462090969581,6971
1.0679529081,-9.7953313068,-1.2835793295,0.325779,-0.077496,0.176215,0,0,0,0,0,0,1462090969591,6981
1.10252099685,-9.7456513245,-1.05029131155,0.316088,-0.132443,0.220546,0,0,0,0,0,0,1462090969601,6991
0.994776432,-9.82689859125,-0.8865905724,0.286288,-0.168062,0.283354,0,0,0,0,0,0,1462090969611,7001
0.69984444075,-9.90531176505,-0.9003589686,0.235134,-0.196257,0.334694,0,0,0,0,0,0,1462090969621,7011
0.387554856,-9.7576153155,-0.9293863566,0.189132,-0.213201,0.326410,0,0,0,0,0,0,1462090969631,7021
0.1804601331,-9.5804501832,-0.88195207425,0.156024,-0.169925,0.267433,0,0,0,0,0,0,1462090969641,7031
0.12943665345,-9.55156989345,-0.84678578595,0.147425,-0.116232,0.188075,0,0,0,0,0,0,1462090969651,7041
0.14304814485,-9.4763046222,-0.8397544896,0.149410,-0.099637,0.130661,0,0,0,0,0,0,1462090969661,7051
0.1845004317,-9.4646348277,-0.7878386139,0.161166,-0.082769,0.114730,0,0,0,0,0,0,1462090969671,7061
0.22459941465,-9.5485788957,-0.5943553824,0.160513,-0.025079,0.149392,0,0,0,0,0,0,1462090969681,7071
0.1652011413,-9.8037061005,-0.4610255286,0.146188,0.052006,0.213114,0,0,0,0,0,0,1462090969691,7081
0.10325316495,-9.7896435078,-0.3690008634,0.128423,0.104411,0.245729,0,0,0,0,0,0,1462090969701,7091
0.0221431899,-9.5348104995,-0.43993163955,0.108133,0.113937,0.231074,0,0,0,0,0,0,1462090969711,7101
-0.0965160651,-9.347015067,-0.5223753054,0.071729,0.121205,0.192025,0,0,0,0,0,0,1462090969721,7111
-0.11521715595,-9.3410330715,-0.59136438465,0.024567,0.133623,0.125408,0,0,0,0,0,0,1462090969731,7121
-0.0399518847,-9.4028339496,-0.69341134395,-0.047141,0.136619,0.069575,0,0,0,0,0,0,1462090969741,7131
0.08738616705,-9.4185440427,-0.7909767099,-0.197477,0.195301,0.034128,0,0,0,0,0,0,1462090969751,7141
0.23193471405,-9.50188991115,-1.1623703715,-0.299405,0.109193,-0.000956,0,0,0,0,0,0,1462090969761,7151
0.2225106195,-9.33474707295,-1.650638496,-0.285453,-0.088779,-0.014643,0,0,0,0,0,0,1462090969771,7161
