05,9.0389128791,-2.7176892015,0.019553,-0.063180,0.015112,0,0,0,0,0,0,1461766146755,6137
-3.15671863845,9.0778252695,-2.65079872395,0.031713,-0.071341,0.018692,0,0,0,0,0,0,1461766146764,6146
-3.099262062,9.0766288704,-2.6596344255,0.031704,-0.078376,0.023589,0,0,0,0,0,0,1461766146774,6156
-3.099262062,9.0766288704,-2.6596344255,0.036468,-0.055992,0.022557,0,0,0,0,0,0,1461766146784,6166
-3.10674445965,9.00075559305,-2.73684139365,0.038828,-0.050064,0.027577,0,0,0,0,0,0,1461766146793,6175
-3.1068915579,9.00091249785,-2.71754210325,0.038829,-0.032464,0.017820,0,0,0,0,0,0,1461766146803,6185
-3.0968692638,8.991037302,-2.74627529475,0.038993,-0.041962,0.004052,0,0,0,0,0,0,1461766146812,6194
-3.04015798515,8.9994120957,-2.69734061025,0.040088,-0.032487,0.012844,0,0,0,0,0,0,1461766146822,6204
-2.9829956052,9.02619378375,-2.75419898715,0.041372,-0.044260,0.011472,0,0,0,0,0,0,1461766146832,6214
-2.9832898017,9.0264977868,-2.706019407,0.049742,-0.033566,0.021484,0,0,0,0,0,0,1461766146841,6223
-2.9832898017,9.0264977868,-2.706019407,0.042508,-0.045373,0.021396,0,0,0,0,0,0,1461766146851,6233
-2.9934690006,9.0643510698,-2.706019407,0.046087,-0.055870,0.034937,0,0,0,0,0,0,1461766146860,6242
-3.0132193923,9.083807265,-2.67759021855,0.047406,-0.064149,0.027390,0,0,0,0,0,0,1461766146870,6252
-3.0043934973,9.11223645345,-2.65813402335,0.054693,-0.069979,0.031021,0,0,0,0,0,0,1461766146880,6262
-3.00454059555,9.11223645345,-2.64856283055,0.057270,-0.080628,0.019715,0,0,0,0,0,0,1461766146889,6271
-3.01352339535,9.09338826435,-2.66786212095,0.058426,-0.081756,0.027154,0,0,0,0,0,0,1461766146899,6281
-3.0226532934,9.07483427175,-2.6777373168,0.056152,-0.107690,0.023166,0,0,0,0,0,0,1461766146909,6291
-3.0226532934,9.07483427175,-2.6777373168,0.057435,-0.117116,0.020576,0,0,0,0,0,0,1461766146918,6300
-3.0415014825,9.0655474689,-2.67804131985,0.050123,-0.126525,0.027970,0,0,0,0,0,0,1461766146928,6310
-3.08968106265,9.0669007728,-2.6499063279,0.037992,-0.131293,0.027981,0,0,0,0,0,0,1461766146937,6319
-3.09866386245,9.05731977345,-2.6982330063,0.030688,-0.126626,0.026823,0,0,0,0,0,0,1461766146947,6329
-3.1458039483,9.0300869841,-2.7181403028,0.025657,-0.111279,0.038191,0,0,0,0,0,0,1461766146957,6339
-3.17407623195,9.03039098715,-2.7568957884,0.021996,-0.094859,0.030925,0,0,0,0,0,0,1461766146966,6348
-3.15477694155,9.0297927876,-2.7759008823,0.023155,-0.063133,0.020068,0,0,0,0,0,0,1461766146976,6358
-3.15477694155,9.0297927876,-2.7759008823,0.015790,-0.050210,0.021483,0,0,0,0,0,0,1461766146985,6367
-3.1360758507,9.0297927876,-2.73729249495,0.024340,-0.030252,0.005496,0,0,0,0,0,0,1461766146995,6377
-3.08654296665,8.9623041105,-2.7751555845,0.038789,-0.021875,0.016693,0,0,0,0,0,0,1461766147005,6387
-3.04778748105,8.95197781335,-2.7937095771,0.037640,-0.026619,0.011679,0,0,0,0,0,0,1461766147014,6396
-3.0093359985,8.9228033271,-2.75465008845,0.024148,-0.020730,0.022991,0,0,0,0,0,0,1461766147024,6406
-3.0382064817,8.94224971575,-2.7935526723,0.016953,-0.036083,0.020382,0,0,0,0,0,0,1461766147033,6415
-3.0382064817,8.94224971575,-2.7935526723,0.020531,-0.041886,0.031486,0,0,0,0,0,0,1461766147043,6425
-3.03941268735,8.9893898016,-2.77440048015,0.007239,-0.044348,0.024071,0,0,0,0,0,0,1461766147053,6435
-3.06828317055,9.0091401933,-2.7747044832,0.000042,-0.055007,0.019026,0,0,0,0,0,0,1461766147062,6444
-3.0786094677,9.03771648,-2.75555229105,0.009829,-0.057352,0.012740,0,0,0,0,0,0,1461766147072,6454
-3.08893576485,9.03847158435,-2.66905852005,0.011084,-0.067935,0.013865,0,0,0,0,0,0,1461766147082,6464
-3.1182671559,9.08605296495,-2.7176892015,0.028151,-0.063196,0.005131,0,0,0,0,0,0,1461766147091,6473
-3.1182671559,9.08605296495,-2.7176892015,0.036737,-0.077290,0.003698,0,0,0,0,0,0,1461766147101,6483
-3.11796315285,9.0766288704,-2.72727020085,0.042733,-0.078380,0.013596,0,0,0,0,0,0,1461766147111,6493
-3.1359189459,9.0389128791,-2.77575378405,0.039112,-0.087801,0.016000,0,0,0,0,0,0,1461766147120,6502
-3.1534334442,8.9639516109,-2.74702059255,0.031588,-0.061863,0.028733,0,0,0,0,0,0,1461766147130,6512
-3.16121003835,8.86040424945,-2.73774359625,0.017102,-0.061999,0.017620,0,0,0,0,0,0,1461766147139,6521
-3.16121003835,8.86040424945,-2.73774359625,0.005018,-0.063278,0.010212,0,0,0,0,0,0,1461766147149,6531
-3.1215621567,8.8027907682,-2.7374395932,0.007608,-0.073935,-0.002339,0,0,0,0,0,0,1461766147158,6540
-3.0169654944,8.8568052456,-2.8222858638,0.004008,-0.076328,-0.006073,0,0,0,0,0,0,1461766147168,6550
-3.02848819065,8.96080370835,-2.82243296205,-0.015540,-0.063441,-0.000870,0,0,0,0,0,0,1461766147178,6560
-3.12529845225,9.00075559305,-2.804477169,-0.009540,-0.056319,0.004144,0,0,0,0,0,0,1461766147187,6569
-3.20326052475,9.06869537145,-2.79579837225,-0.008450,-0.045667,0.012946,0,0,0,0,0,0,1461766147197,6579
-3.20326052475,9.06869537145,-2.79579837225,-0.007300,-0.023322,0.008205,0,0,0,0,0,0,1461766147207,6589
-3.1941306267,9.07797236775,-2.77649908185,0.009566,-0.007885,0.016978,0,0,0,0,0,0,1461766147216,6598
-3.1748313363,9.09607525905,-2.83380856005,0.009687,-0.015007,0.006962,0,0,0,0,0,0,1461766147226,6608
-3.13667405025,9.09532996125,-2.83335745875,0.003587,-0.005632,0.004606,0,0,0,0,0,0,1461766147236,6618
-3.070234674,9.10341055845,-2.784275676,0.020762,-0.023261,-0.004362,0,0,0,0,0,0,1461766147245,6627
-3.0786094677,9.0469934763,-2.7844325808,0.018393,-0.031528,-0.006921,0,0,0,0,0,0,1461766147255,6637
-3.11527615815,8.9723264046,-2.7947490714,0.006297,-0.038664,-0.009421,0,0,0,0,0,0,1461766147264,6646
-3.16375974135,8.99238079935,-2.7664669812,-0.002349,-0.021009,-0.002981,0,0,0,0,0,0,1461766147274,6656
-3.16375974135,8.99238079935,-2.7664669812,-0.001166,-0.018634,-0.000477,0,0,0,0,0,0,1461766147283,6665
-3.11602145595,8.99147859675,-2.74656949125,-0.008510,-0.020980,0.006990,0,0,0,0,0,0,1461766147293,6675
-3.0678418758,8.9715811068,-2.7266720013,-0.012138,-0.009276,-0.001567,0,0,0,0,0,0,1461766147303,6685
-3.0973203651,9.00075559305,-2.717395005,0.006185,-0.017467,-0.007957,0,0,0,0,0,0,1461766147312,6694
-3.11647255725,9.00120669435,-2.7176892015,0.012259,-0.027996,-0.001885,0,0,0,0,0,0,1461766147322,6704
-3.1360758507,9.03921688215,-2.7467165895,0.003745,-0.022165,-0.004267,0,0,0,0,0,0,1461766147332,6714
-3.14669634435,9.06779316885,-2.69898811065,0.004849,-0.010350,0.002064,0,0,0,0,0,0,1461766147341,6723
-3.1751255328,9.0778252695,-2.7471676908,-0.001272,-0.003309,0.003410,0,0,0,0,0,0,1461766147351,6733
-3.1751255328,9.0778252695,-2.7471676908,-0.004910,-0.011545,0.007069,0,0,0,0,0,0,1461766147360,6742
-3.15403164375,9.0015106974,-2.7854720751,-0.006082,-0.009233,0.000886,0,0,0,0,0,0,1461766147370,6752
-3.08744516925,9.0001573935,-2.7749986797,-0.013363,-0.009275,-0.000320,0,0,0,0,0,0,1461766147379,6761
-3.0301258845,9.03637298265,-2.8222858638,-0.004874,-0.013913,0.004560,0,0,0,0,0,0,1461766147389,6771
-3.09791856465,9.066155475,-2.81360706705,-0.006086,-0.005707,-0.000318,0,0,0,0,0,0,1461766147399,6781
-3.11796315285,9.1043029545,-2.80433007075,0.004782,-0.004433,0.007096,0,0,0,0,0,0,1461766147408,6790
-3.12739705395,9.0857489619,-2.77559687925,0.012024,0.003850,0.008389,0,0,0,0,0,0,1461766147418,6800
-3.0605065764,9.0938295591,-2.78412857775,-0.003834,0.007336,0.013476,0,0,0,0,0,0,1461766147428,6810
-3.0605065764,9.0938295591,-2.78412857775,0.016887,-0.000821,0.010801,0,0,0,0,0,0,1461766147437,6819
-3.06035947815,9.07498137,-2.7745475784,0.003547,-0.006771,0.010807,0,0,0,0,0,0,1461766147447,6829
-3.05092557705,9.07512846825,-2.7359489976,0.010776,-0.011387,0.020663,0,0,0,0,0,0,1461766147456,6838
-3.06110477595,9.11268755475,-2.7745475784,0.009713,-0.020883,0.008144,0,0,0,0,0,0,1461766147466,6848
-3.1279952535,9.09578106255,-2.7081180087,0.001119,-0.016171,0.015692,0,0,0,0,0,0,1461766147476,6858
-3.1279952535,9.09578106255,-2.7081180087,-0.003720,-0.020903,0.015667,0,0,0,0,0,0,1461766147485,6867
-3.1068915579,9.01946649045,-2.76557458515,-0.004929,-0.019739,0.014442,0,0,0,0,0,0,1461766147495,6877
-3.0678418758,8.99955919395,-2.80358477295,0.005960,-0.016133,0.018153,0,0,0,0,0,0,1461766147505,6887
-3.0775699734,8.99028219765,-2.7749986797,0.004822,-0.023231,0.013115,0,0,0,0,0,0,1461766147514,6896
-3.04868968365,8.9896839981,-2.7937095771,0.012099,-0.022012,0.014334,0,0,0,0,0,0,1461766147524,6906
-3.07771707165,9.0184171896,-2.8324650627,0.009678,-0.014988,0.009449,0,0,0,0,0,0,1461766147533,6915
-3.10703865615,9.0474445776,-2.8234822629,0.010853,-0.019647,0.016849,0,0,0,0,0,0,1461766147543,6925
-3.10703865615,9.0474445776,-2.8234822629,0.015640,-0.004320,0.016986,0,0,0,0,0,0,1461766147552,6934
-3.12574955355,9.028890585,-2.8332103605,0.026516,-0.006571,0.025605,0,0,0,0,0,0,1461766147562,6944
-3.154178742,9.00165779565,-2.7661727847,0.030250,0.003947,0.009543,0,0,0,0,0,0,1461766147572,6954
-3.1145210538,8.93462021985,-2.77559687925,0.019283,-0.003125,0.016978,0,0,0,0,0,0,1461766147581,6963
-3.1439995431,8.96380451265,-2.74702059255,0.016862,-0.000797,0.014529,0,0,0,0,0,0,1461766147591,6973
-3.14385244485,8.9542235133,-2.75674869015,0.015739,-0.002039,0.004580,0,0,0,0,0,0,1461766147601,6983
-3.133977249,8.9166644268,-2.69898811065,0.015782,-0.004416,0.000826,0,0,0,0,0,0,1461766147610,6992
-3.133977249,8.9166644268,-2.69898811065,0.001174,0.004918,-0.001488,0,0,0,0,0,0,1461766147620,7002
-3.11437395555,8.8973651364,-2.6986841076,0.004860,-0.005653,-0.000375,0,0,0,0,0,0,1461766147629,7011
-3.09536886165,8.93432602335,-2.76557458515,-0.003632,-0.017437,0.004514,0,0,0,0,0,0,1461766147639,7021
-3.0875922675,9.02829238545,-2.8231880664,-0.009704,-0.009254,-0.000340,0,0,0,0,0,0,1461766147649,7031
-3.10703865615,9.0381675813,-2.78487387555,-0.018383,0.010770,0.008610,0,0,0,0,0,0,1461766147658,7040
-3.1360758507,9.06704787105,-2.8239333642,-0.008607,0.013127,0.001130,0,0,0,0,0,0,1461766147668,7050
-3.1175218581,9.07632486735,-2.79460197315,0.016915,0.010902,0.002222,0,0,0,0,0,0,1461766147677,7059
-3.0602123799,9.09368246085,-2.8227369651,0.004800,0.009644,-0.001458,0,0,0,0,0,0,1461766147687,7069
-3.0602123799,9.09368246085,-2.8227369651,0.016788,0.014450,-0.002640,0,0,0,0,0,0,1461766147697,7079
-3.05900617425,9.02754708765,-2.80342786815,0.026522,0.016836,-0.005148,0,0,0,0,0,0,1461766147706,7088
-3.0697835727,9.0659985702,-2.7362431941,0.026517,0.013319,-0.002700,0,0,0,0,0,0,1461766147716,7098
-3.0980656629,9.02903768325,-2.6982330063,0.025338,0.014460,-0.007653,0,0,0,0,0,0,1461766147725,7107
-3.058859076,8.99971609875,-2.7455201904,0.016837,0.008548,-0.005186,0,0,0,0,0,0,1461766147735,7117
-3.0407561847,9.0276941859,-2.69734061025,0.021667,0.001552,0.002172,0,0,0,0,0,0,1461766147745,7127
-3.02040759345,8.9706789042,-2.697193512,0.010738,-0.011414,0.008304,0,0,0,0,0,0,1461766147754,7136
-3.02040759345,8.9706789042,-2.697193512,0.014517,-0.027915,0.001900,0,0,0,0,0,0,1461766147764,7146
-3.04015798515,9.00883619025,-2.7067647048,0.008609,-0.058568,-0.000876,0,0,0,0,0,0,1461766147774,7156
-3.02040759345,8.9893898016,-2.7450690891,0.005062,-0.068040,-0.007169,0,0,0,0,0,0,1461766147783,7165
-2.9832898017,9.01707369225,-2.69659531245,0.011210,-0.078621,-0.009795,0,0,0,0,0,0,1461766147793,7175
-3.02968458975,9.00809089245,-2.8029865734,0.019742,-0.087984,-0.007450,0,0,0,0,0,0,1461766147802,7184
-3.038657583,8.9611077114,-2.77440048015,0.003868,-0.085660,0.000109,0,0,0,0,0,0,1461766147812,7194
-3.038657583,8.9611077114,-2.77440048015,0.012287,-0.078519,0.006354,0,0,0,0,0,0,1461766147822,7204
-3.1064404566,9.00046139655,-2.77530268275,0.020832,-0.077330,0.001354,0,0,0,0,0,0,1461766147831,7213
-3.0584079747,8.9898409029,-2.79385667535,0.020798,-0.070267,0.001428,0,0,0,0,0,0,1461766147841,7223
-3.09581996295,8.9715811068,-2.83290635745,0.024494,-0.073803,-0.002355,0,0,0,0,0,0,1461766147851,7233
-3.1254455505,9.00091249785,-2.7851778786,0.011033,-0.065589,0.004010,0,0,0,0,0,0,1461766147860,7242
-3.10629335835,9.00046139655,-2.78487387555,0.017121,-0.067915,0.003956,0,0,0,0,0,0,1461766147870,7252
-3.10629335835,9.00046139655,-2.78487387555,0.013490,-0.064422,0.000283,0,0,0,0,0,0,1461766147879,7261
-3.21253752105,9.0405603795,-2.77679327835,0.012212,-0.049131,-0.000794,0,0,0,0,0,0,1461766147889,7271
-3.2325919158,9.0790216686,-2.75778818445,0.020729,-0.046751,-0.003298,0,0,0,0,0,0,1461766147898,7280
-3.21418502145,9.1068526575,-2.74776589035,0.019461,-0.033815,-0.004400,0,0,0,0,0,0,1461766147908,7290
-3.18664822905,9.144411744,-2.69943921195,0.020608,-0.024377,-0.001822,0,0,0,0,0,0,1461766147918,7300
-3.18664822905,9.144411744,-2.69943921195,0.024306,-0.019702,-0.010489,0,0,0,0,0,0,1461766147927,7309
-3.16555434,9.09607525905,-2.8049282703,0.027909,-0.017308,-0.006755,0,0,0,0,0,0,1461766147937,7319
-3.1173649533,9.0669007728,-2.7657216834,0.031485,-0.016069,0.000695,0,0,0,0,0,0,1461766147947,7329
-3.0968692638,8.991037302,-2.74627529475,0.033924,-0.011371,-0.002995,0,0,0,0,0,0,1461766147956,7338
-3.09581996295,8.95317421245,-2.76557458515,0.031521,-0.012574,-0.005480,0,0,0,0,0,0,1461766147966,7348
-3.0959670612,8.98100520135,-2.84263445505,0.018082,-0.004375,-0.001600,0,0,0,0,0,0,1461766147975,7357
-3.0959670612,8.98100520135,-2.84263445505,0.016966,-0.016182,-0.006687,0,0,0,0,0,0,1461766147985,7367
-2.9822503074,9.0255955842,-2.85042085575,0.018205,-0.020885,-0.006741,0,0,0,0,0,0,1461766147995,7377
-2.9527718181,8.98743829815,-2.8213836612,0.015648,-0.033763,0.000652,0,0,0,0,0,0,1461766148004,7386
-2.9627941122,8.99716639575,-2.81166537015,0.024199,-0.058393,0.009050,0,0,0,0,0,0,1461766148014,7396
-3.00185360085,9.0264977868,-2.77365518235,0.026694,-0.058425,0.001584,0,0,0,0,0,0,1461766148023,7405
-3.0503273775,9.0559762761,-2.75510118975,0.026679,-0.061935,0.005275,0,0,0,0,0,0,1461766148033,7415
-3.0503273775,9.0559762761,-2.75510118975,0.022866,-0.055970,0.021509,0,0,0,0,0,0,1461766148043,7425
-3.1360758507,9.0297927876,-2.73729249495,0.029111,-0.068965,0.008916,0,0,0,0,0,0,1461766148052,7434
-3.1064404566,8.99118440025,-2.746422393,0.013189,-0.052529,0.014139,0,0,0,0,0,0,1461766148062,7444
-3.116325459,8.99163550155,-2.71783629975,0.001053,-0.056119,0.014162,0,0,0,0,0,0,1461766148072,7454
-3.10629335835,9.00046139655,-2.78487387555,-0.000048,-0.062070,0.004165,0,0,0,0,0,0,1461766148081,7463
-3.1065973614,9.0285963885,-2.8234822629,-0.008632,-0.052670,0.008034,0,0,0,0,0,0,1461766148091,7473
-3.15283524465,8.96335341135,-2.8336614618,-0.002656,-0.056093,0.021636,0,0,0,0,0,0,1461766148100,7482
-3.1348794516,9.0196135887,-2.87181874785,0.003485,-0.033812,0.001958,0,0,0,0,0,0,1461766148110,7492
-3.1348794516,9.0196135887,-2.87181874785,0.017928,-0.026606,0.014386,0,0,0,0,0,0,1461766148120,7502
-3.154178742,9.0293416863,-2.86254175155,0.017966,-0.025458,0.009427,0,0,0,0,0,0,1461766148129,7511
-3.16405393785,9.0390697839,-2.8626888498,0.027511,-0.021770,0.028056,0,0,0,0,0,0,1461766148139,7521
-3.1731838359,9.0203588865,-2.85310785045,0.031140,-0.010005,0.016991,0,0,0,0,0,0,1461766148148,7530
-3.1643579409,9.04849387845,-2.8529607522,0.033581,-0.005307,0.013300,0,0,0,0,0,0,1461766148158,7540
-3.1154232564,8.991037302,-2.82378626595,0.027547,-0.003017,0.007142,0,0,0,0,0,0,1461766148168,7550
-3.10509695925,8.9623041105,-2.8427815533,0.020352,-0.003118,-0.004006,0,0,0,0,0,0,1461766148177,7559
-3.08564076405,8.93387492205,-2.8040260677,0.015434,-0.008969,0.005897,0,0,0,0,0,0,1461766148187,7569
-3.08564076405,8.93387492205,-2.8040260677,0.011734,-0.006602,0.010911,0,0,0,0,0,0,1461766148196,7578
-3.12484735095,8.9817603057,-2.8142052666,0.005679,-0.006646,0.008455,0,0,0,0,0,0,1461766148206,7588
-3.05826087645,8.9896839981,-2.80358477295,0.011773,-0.010149,0.008389,0,0,0,0,0,0,1461766148216,7598
-3.09701636205,9.01901538915,-2.81360706705,0.008129,-0.017208,0.012061,0,0,0,0,0,0,1461766148225,7607
-3.11676675375,9.04774858065,-2.80433007075,0.013030,-0.007825,0.002195,0,0,0,0,0,0,1461766148235,7617
-3.13667405025,9.0859058667,-2.8142052666,0.022759,-0.013651,0.004570,0,0,0,0,0,0,1461766148244,7626
-3.13651714545,9.0766288704,-2.80462426725,0.021556,-0.018358,0.005769,0,0,0,0,0,0,1461766148254,7636
-3.13651714545,9.0766288704,-2.80462426725,0.032444,-0.012405,0.008262,0,0,0,0,0,0,1461766148264,7646
-3.116325459,9.0196135887,-2.79460197315,0.036121,-0.010062,0.003298,0,0,0,0,0,0,1461766148274,7656
-3.12574955355,9.0103365924,-2.77559687925,0.030161,-0.027772,-0.000585,0,0,0,0,0,0,1461766148283,7665
-3.05751557865,8.9614019079,-2.81315596575,0.024125,-0.036042,-0.000641,0,0,0,0,0,0,1461766148293,7675
-3.07681486905,8.97127710375,-2.80387896945,0.011915,-0.024327,-0.000456,0,0,0,0,0,0,1461766148302,7684
-3.08609186535,8.96215701225,-2.82333516465,-0.002711,-0.024368,0.004587,0,0,0,0,0,0,1461766148312,7694
-3.08609186535,8.96215701225,-2.82333516465,0.005779,-0.024311,-0.002914,0,0,0,0,0,0,1461766148321,7703
-3.08699406795,9.00001029525,-2.8231880664,-0.003998,-0.017280,-0.000306,0,0,0,0,0,0,1461766148331,7713
-3.10554806055,8.98116210615,-2.83306326225,0.000792,-0.011341,0.004702,0,0,0,0,0,0,1461766148341,7723
-3.09672216555,9.0095912946,-2.81360706705,0.011834,-0.021921,-0.001676,0,0,0,0,0,0,1461766148350,7732
-3.1154232564,8.9723264046,-2.77559687925,0.017844,-0.012459,0.000877,0,0,0,0,0,0,1461766148360,7742
-3.1158743577,9.00075559305,-2.79460197315,0.020341,-0.021880,-0.001719,0,0,0,0,0,0,1461766148370,7752
-3.1158743577,9.00075559305,-2.79460197315,0.017866,-0.017168,0.000828,0,0,0,0,0,0,1461766148379,7761
-3.09656526075,8.98145630265,-2.7559935858,0.020315,-0.027730,0.004433,0,0,0,0,0,0,1461766148389,7771
-3.10629335835,8.9908803972,-2.775449781,0.016658,-0.025393,0.004476,0,0,0,0,0,0,1461766148399,7781
-3.1344283503,8.9727775059,-2.7854720751,0.004499,-0.026621,0.005766,0,0,0,0,0,0,1461766148408,7790
-3.1532765394,8.96380451265,-2.76631988295,0.005784,-0.027837,-0.001708,0,0,0,0,0,0,1461766148418,7800
-3.14355824835,8.96335341135,-2.81450926965,-0.002826,-0.019593,0.005876,0,0,0,0,0,0,1461766148427,7809
-3.1537276407,9.0013537926,-2.82408046245,-0.012463,-0.019698,-0.004018,0,0,0,0,0,0,1461766148437,7819
-3.15432584025,9.03876578085,-2.85281365395,0.004562,-0.019624,-0.005345,0,0,0,0,0,0,1461766148446,7828
-3.15432584025,9.03876578085,-2.85281365395,0.034909,-0.025321,0.001898,0,0,0,0,0,0,1461766148456,7838
-3.1170707568,9.04804277715,-2.7657216834,0.030071,-0.034748,0.004309,0,0,0,0,0,0,1461766148466,7848
-3.1166196555,9.04759167585,-2.8427815533,0.039719,-0.026459,-0.000634,0,0,0,0,0,0,1461766148475,7857
-3.1558262424,9.06779316885,-2.7374395932,0.036016,-0.019399,0.001943,0,0,0,0,0,0,1461766148485,7867
-3.13622294895,9.06704787105,-2.8142052666,0.023854,-0.008891,-0.002856,0,0,0,0,0,0,1461766148494,7876
-3.03880468125,8.97980880225,-2.81286176925,0.020123,-0.006502,0.005886,0,0,0,0,0,0,1461766148504,7886
-3.0391086843,8.9892328968,-2.81286176925,0.015354,-0.012455,-0.001606,0,0,0,0,0,0,1461766148514,7896
-3.01921119435,8.9606566101,-2.8125577662,0.010496,-0.024214,0.004508,0,0,0,0,0,0,1461766148523,7905
-3.01921119435,8.9606566101,-2.8125577662,0.016620,-0.040645,0.008033,0,0,0,0,0,0,1461766148533,7915
-2.9901739998,8.95960730925,-2.850567954,0.022735,-0.041815,0.004264,0,0,0,0,0,0,1461766148542,7924
-3.00948309675,8.9787595014,-2.8990515372,0.017901,-0.040682,0.000573,0,0,0,0,0,0,1461766148552,7934
-3.04898388015,8.99926499745,-2.77440048015,0.016616,-0.041814,0.009267,0,0,0,0,0,0,1461766148562,7944
-3.0968692638,9.0003142983,-2.77514577795,0.009284,-0.033608,0.009390,0,0,0,0,0,0,1461766148571,7953
-3.12410205315,8.92534322355,-2.7564446871,0.019072,-0.040648,0.005539,0,0,0,0,0,0,1461766148581,7963
-3.0952217634,8.9061910314,-2.71754210325,0.010447,-0.042955,0.020468,0,0,0,0,0,0,1461766148591,7973
-3.11482505685,8.9442012192,-2.76586878165,0.010554,-0.045376,0.009259,0,0,0,0,0,0,1461766148600,7982
-3.11482505685,8.9442012192,-2.76586878165,0.000820,-0.040726,-0.000598,0,0,0,0,0,0,1461766148610,7992
-3.1052440575,8.9437501179,-2.775449781,-0.006449,-0.045470,-0.000611,0,0,0,0,0,0,1461766148619,8001
-3.1344283503,8.9635005096,-2.75659178535,-0.001633,-0.038376,0.000681,0,0,0,0,0,0,1461766148629,8011
-3.1437053466,8.97263040765,-2.8336614618,-0.007815,-0.040679,0.014355,0,0,0,0,0,0,1461766148639,8021
-3.0959670612,8.98100520135,-2.83290635745,-0.013877,-0.054798,0.020450,0,0,0,0,0,0,1461766148648,8030
-3.1158743577,9.0191624874,-2.86209065025,-0.005276,-0.063035,0.014109,0,0,0,0,0,0,1461766148658,8040
-3.1553751411,9.07677596865,-2.8432326546,-0.017488,-0.044279,0.010639,0,0,0,0,0,0,1461766148667,8049
-3.1553751411,9.07677596865,-2.8432326546,-0.010282,-0.021891,0.008352,0,0,0,0,0,0,1461766148677,8059
-3.22346201775,9.14426464575,-2.87301514695,0.004360,-0.023035,0.002054,0,0,0,0,0,0,1461766148687,8069
-3.18425543085,9.09607525905,-2.882145045,0.014086,-0.014777,-0.002879,0,0,0,0,0,0,1461766148696,8078
-3.1646521374,9.04878807495,-2.8049282703,0.012853,-0.008904,-0.004054,0,0,0,0,0,0,1461766148706,8088
-3.1736349372,9.03951107865,-2.8243844655,0.027414,-0.004125,-0.004077,0,0,0,0,0,0,1461766148715,8097
-3.11572725945,8.99118440025,-2.7851778786,0.017592,0.007630,0.001065,0,0,0,0,0,0,1461766148725,8107
-3.09507466515,8.94315191835,-2.8522154544,0.009102,0.004058,0.001071,0,0,0,0,0,0,1461766148735,8117
-3.09507466515,8.94315191835,-2.8522154544,0.011609,0.001671,-0.006422,0,0,0,0,0,0,1461766148744,8126
-3.08489546625,8.8961687373,-2.8040260677,-0.001843,-0.005375,0.007239,0,0,0,0,0,0,1461766148754,8136
-3.05677028085,8.9331198177,-2.82288406335,0.000713,-0.028793,-0.004241,0,0,0,0,0,0,1461766148763,8145
-3.0382064817,8.96096061315,-2.82258986685,-0.010170,-0.053523,0.003010,0,0,0,0,0,0,1461766148773,8155
-3.0871411662,9.00001029525,-2.80387896945,-0.005337,-0.047614,0.003048,0,0,0,0,0,0,1461766148783,8165
-3.13547765115,9.03876578085,-2.8239333642,-0.006585,-0.045250,0.005564,0,0,0,0,0,0,1461766148792,8174
-3.13577184765,9.04804277715,-2.83335745875,0.001967,-0.052281,0.004205,0,0,0,0,0,0,1461766148802,8184
-3.13577184765,9.04804277715,-2.83335745875,0.008103,-0.055813,-0.000832,0,0,0,0,0,0,1461766148812,8194
-3.12500425575,9.00046139655,-2.8525096509,0.008068,-0.044054,-0.003194,0,0,0,0,0,0,1461766148821,8203
-3.14385244485,8.9913314985,-2.87211294435,0.011701,-0.034641,-0.006841,0,0,0,0,0,0,1461766148831,8213
-3.09536886165,8.96200010745,-2.8522154544,0.005553,-0.024059,-0.004214,0,0,0,0,0,0,1461766148841,8223
-3.17213453505,8.99163550155,-2.92059652755,-0.002970,-0.022915,-0.002917,0,0,0,0,0,0,1461766148850,8232
-3.17184033855,8.96364760785,-2.8629830463,0.016284,-0.007437,0.010815,0,0,0,0,0,0,1461766148860,8242
-3.1625535357,8.98220160045,-2.89156913955,-0.004348,-0.006380,0.007202,0,0,0,0,0,0,1461766148869,8251
-3.16285753875,8.99163550155,-2.89156913955,0.012701,-0.013363,0.007043,0,0,0,0,0,0,1461766148879,8261
-3.1529823429,8.99118440025,-2.91057423345,0.017591,-0.016879,0.005739,0,0,0,0,0,0,1461766148889,8271
-3.1529823429,8.99118440025,-2.91057423345,0.020139,-0.016948,-0.007942,0,0,0,0,0,0,1461766148898,8280
-3.15358054245,9.0010595961,-2.85281365395,0.016437,-0.005192,-0.007801,0,0,0,0,0,0,1461766148908,8290
-3.1933853289,9.0309891867,-2.7283195017,0.010300,0.015940,-0.012519,0,0,0,0,0,0,1461766148917,8299
-3.19308132585,9.0401092782,-2.795651274,0.018658,0.012702,-0.005186,0,0,0,0,0,0,1461766148927,8309
-3.20131882785,8.98355490435,-2.81525456745,0.014926,0.015090,0.003554,0,0,0,0,0,0,1461766148937,8319
-3.12500425575,9.00046139655,-2.8525096509,0.010101,0.000962,0.007158,0,0,0,0,0,0,1461766148946,8328
-3.01845609,8.95078141425,-2.89919863545,0.004043,-0.007292,0.009588,0,0,0,0,0,0,1461766148956,8338
-3.01845609,8.95078141425,-2.89919863545,0.004120,-0.012038,0.003325,0,0,0,0,0,0,1461766148965,8347
-3.0374611839,8.9603624136,-2.9283731217,0.021229,-0.022581,-0.001841,0,0,0,0,0,0,1461766148975,8357
-3.1149721551,8.9905862007,-2.9006990376,0.007893,-0.017972,-0.007937,0,0,0,0,0,0,1461766148985,8367
-3.1537276407,9.00120669435,-2.8432326546,0.005347,-0.009691,0.000859,0,0,0,0,0,0,1461766148994,8376
-3.13457544855,9.00075559305,-2.8526665557,0.023657,-0.010834,-0.007942,0,0,0,0,0,0,1461766149004,8386
-3.14475464745,9.02919458805,-2.86254175155,0.016265,0.003281,-0.004029,0,0,0,0,0,0,1461766149013,8395
-3.09701636205,9.0284394837,-2.82333516465,0.023550,-0.008413,0.003267,0,0,0,0,0,0,1461766149023,8405
-3.1061462601,8.9908803972,-2.78503078035,0.027277,-0.011971,-0.004244,0,0,0,0,0,0,1461766149033,8415
-3.1061462601,8.9908803972,-2.78503078035,0.029732,-0.023710,-0.000651,0,0,0,0,0,0,1461766149042,8424
-3.1239549549,8.9440443144,-2.8239333642,0.023665,-0.021399,-0.003081,0,0,0,0,0,0,1461766149052,8434
-3.1146779586,8.9347673181,-2.75629758885,0.015164,-0.024965,-0.001834,0,0,0,0,0,0,1461766149061,8443
-3.1244060562,8.96290231005,-2.8142052666,0.012753,-0.037897,0.003013,0,0,0,0,0,0,1461766149071,8453
-3.1145210538,8.94389721615,-2.804477169,-0.003209,-0.036534,0.008027,0,0,0,0,0,0,1461766149081,8463
-3.13383015075,8.9908803972,-2.92987352385,-0.009256,-0.044796,0.009213,0,0,0,0,0,0,1461766149090,8472
-3.1146779586,8.99028219765,-2.93915052015,-0.005522,-0.047184,0.000472,0,0,0,0,0,0,1461766149100,8482
-3.1146779586,8.99028219765,-2.93915052015,0.001662,-0.029475,0.003107,0,0,0,0,0,0,1461766149110,8492
-3.1254455505,9.03802048305,-2.89097094,0.007771,-0.029468,-0.000651,0,0,0,0,0,0,1461766149119,8501
-3.15448274505,9.0574668717,-2.8912651365,0.035685,-0.023441,0.000514,0,0,0,0,0,0,1461766149129,8511
-3.1836572313,9.049092078,-2.8436837559,0.041652,-0.018645,0.010475,0,0,0,0,0,0,1461766149138,8520
-3.1537276407,9.0013537926,-2.82408046245,0.055161,-0.023370,-0.003310,0,0,0,0,0,0,1461766149148,8530
-3.14340134355,8.93536551765,-2.75674869015,0.051472,-0.025706,0.002896,0,0,0,0,0,0,1461766149158,8540
-3.0467381802,8.8770067386,-2.70706870785,0.039435,-0.041098,-0.002174,0,0,0,0,0,0,1461766149167,8549
-3.07367677305,8.79246447105,-2.717395005,0.038232,-0.048153,0.000243,0,0,0,0,0,0,1461766149177,8559
-3.0923778639,8.7740575767,-2.7079611039,0.018874,-0.075294,0.005026,0,0,0,0,0,0,1461766149186,8568
-3.0923778639,8.7740575767,-2.7079611039,0.005515,-0.068323,0.000196,0,0,0,0,0,0,1461766149196,8578
-3.11033365695,8.73635139195,-2.77575378405,-0.016334,-0.084873,0.006344,0,0,0,0,0,0,1461766149206,8588
-3.139665048,8.7837856743,-2.84353665765,-0.028522,-0.073173,0.004043,0,0,0,0,0,0,1461766149215,8597
-3.19039433115,8.95437061155,-2.9209005306,-0.035908,-0.066074,-0.002107,0,0,0,0,0,0,1461766149225,8607
-3.2604229047,9.08815156665,-2.9026407345,-0.029956,-0.040145,-0.001865,0,0,0,0,0,0,1461766149234,8616
-3.3286568796,9.16521143655,-2.9324134203,-0.016654,-0.013049,-0.009104,0,0,0,0,0,0,1461766149244,8626
-3.3289510761,9.18376542915,-2.96099951355,0.003994,0.011699,-0.021374,0,0,0,0,0,0,1461766149254,8636
-3.30007078635,9.1551793359,-2.90323893405,0.028243,0.023587,-0.021372,0,0,0,0,0,0,1461766149263,8645
-3.30007078635,9.15518914245,-2.90323893405,0.052521,0.029590,-0.021431,0,0,0,0,0,0,1461766149273,8655
-3.24156490905,9.07871766555,-2.8348578609,0.065865,0.021456,-0.014129,0,0,0,0,0,0,1461766149283,8665
-3.1359189459,9.0574668717,-2.83335745875,0.050020,0.028452,-0.012733,0,0,0,0,0,0,1461766149292,8674
-3.14340134355,8.94464251395,-2.7856289799,0.043889,0.033154,-0.008925,0,0,0,0,0,0,1461766149302,8684
-3.08624877015,8.95288001595,-2.79430777665,0.024441,0.040103,-0.012482,0,0,0,0,0,0,1461766149311,8693
-3.06798897405,9.00899309505,-2.81315596575,-0.001118,0.038833,-0.007396,0,0,0,0,0,0,1461766149321,8703
-3.06798897405,9.00899309505,-2.81315596575,0.001358,0.029426,-0.007507,0,0,0,0,0,0,1461766149331,8713
-3.0217510908,9.06465507285,-2.77394937885,0.001533,-0.004721,-0.009106,0,0,0,0,0,0,1461766149340,8722
-2.97431680845,9.0918878622,-2.792513178,0.021031,-0.026959,-0.003222,0,0,0,0,0,0,1461766149350,8732
-2.9183508276,9.1472556435,-2.7916109754,0.027309,-0.062270,-0.007348,0,0,0,0,0,0,1461766149359,8741
-2.93585551935,9.0909856596,-2.82094236645,0.041887,-0.083318,0.004785,0,0,0,0,0,0,1461766149369,8751
-2.97341460585,9.0631546707,-2.83096466055,0.050392,-0.096183,0.012065,0,0,0,0,0,0,1461766149379,8761
-3.0398539821,9.03637298265,-2.8415851542,0.049139,-0.094989,0.015813,0,0,0,0,0,0,1461766149388,8770
-3.0480914841,8.9986667979,-2.8897745409,0.052764,-0.097303,0.019499,0,0,0,0,0,0,1461766149398,8780
-3.0480914841,8.9986667979,-2.8897745409,0.038276,-0.112692,0.016925,0,0,0,0,0,0,1461766149407,8789
-3.0395597856,9.0267919833,-2.85116615355,0.046800,-0.136131,0.027821,0,0,0,0,0,0,1461766149417,8799
-2.99047800285,8.9784653049,-2.86972014615,0.043186,-0.151423,0.032650,0,0,0,0,0,0,1461766149427,8809
-2.9627941122,9.01572038835,-2.86926904485,0.062780,-0.169032,0.024914,0,0,0,0,0,0,1461766149436,8818
-3.03970688385,9.0455028807,-2.8993457337,0.061573,-0.179604,0.029781,0,0,0,0,0,0,1461766149446,8828
-3.1639068396,9.0296358828,-2.8529607522,0.070024,-0.170138,0.031080,0,0,0,0,0,0,1461766149456,8838
-3.17407623195,9.05822197605,-2.84353665765,0.088094,-0.157035,0.042310,0,0,0,0,0,0,1461766149465,8847
-3.17407623195,9.05822197605,-2.84353665765,0.072301,-0.158288,0.042376,0,0,0,0,0,0,1461766149475,8857
-3.16405393785,9.02993988585,-2.8242275607,0.078404,-0.159451,0.039848,0,0,0,0,0,0,1461766149484,8866
-3.125151354,9.0378733848,-2.92957932735,0.082062,-0.164135,0.041024,0,0,0,0,0,0,1461766149494,8876
-3.17213453505,8.99163550155,-2.92059652755,0.078195,-0.163736,0.045938,0,0,0,0,0,0,1461766149504,8886
-3.1618082379,8.9444954157,-2.89156913955,0.090444,-0.161396,0.033476,0,0,0,0,0,0,1461766149513,8895
-3.12335675535,8.94344611485,-2.919998328,0.090481,-0.177849,0.038274,0,0,0,0,0,0,1461766149523,8905
-3.15163884555,8.9251961253,-2.90114033235,0.094117,-0.177824,0.039498,0,0,0,0,0,0,1461766149532,8914
-3.1323297486,8.9154680277,-2.91041732865,0.091724,-0.176687,0.034552,0,0,0,0,0,0,1461766149542,8924
-3.1323297486,8.9154680277,-2.91041732865,0.090387,-0.164876,0.042137,0,0,0,0,0,0,1461766149552,8934
-3.13218265035,8.9340220203,-2.96833481295,0.091593,-0.164863,0.043375,0,0,0,0,0,0,1461766149561,8943
-3.16330864005,8.99192969805,-2.84353665765,0.087881,-0.162489,0.049630,0,0,0,0,0,0,1461766149571,8953
-3.15358054245,9.0010595961,-2.86254175155,0.109819,-0.157735,0.039630,0,0,0,0,0,0,1461766149580,8962
-3.13532074635,9.01991759175,-2.80462426725,0.095225,-0.162492,0.043382,0,0,0,0,0,0,1461766149590,8972
-3.1244060562,8.9720322081,-2.8526665557,0.086683,-0.170722,0.052036,0,0,0,0,0,0,1461766149600,8982
-3.1244060562,8.9720322081,-2.8526665557,0.096486,-0.174251,0.044495,0,0,0,0,0,0,1461766149609,8991
-3.11557035465,9.00046139655,-2.83306326225,0.077064,-0.181401,0.045761,0,0,0,0,0,0,1461766149619,9001
-3.07652067255,8.97098290725,-2.85191145135,0.073363,-0.176687,0.049557,0,0,0,0,0,0,1461766149628,9010
-3.1145210538,8.9533213107,-2.82378626595,0.058643,-0.170797,0.062118,0,0,0,0,0,0,1461766149638,9020
-3.15193304205,8.9162133255,-2.8433895594,0.053861,-0.167355,0.050995,0,0,0,0,0,0,1461766149648,9030
-3.10464585795,8.9432990166,-2.86209065025,0.045130,-0.156507,0.057317,0,0,0,0,0,0,1461766149657,9039
-3.10464585795,8.9432990166,-2.86209065025,0.046276,-0.140026,0.056241,0,0,0,0,0,0,1461766149667,9049
-3.13337904945,8.9534782155,-2.8719658461,0.052223,-0.132868,0.067469,0,0,0,0,0,0,1461766149677,9059
-3.1348794516,9.01946649045,-2.8815370389,0.048551,-0.118787,0.062665,0,0,0,0,0,0,1461766149686,9068
-3.13547765115,9.0571726752,-2.90084613585,0.054648,-0.116426,0.058932,0,0,0,0,0,0,1461766149696,9078
-3.1458039483,9.0671949693,-2.81435236485,0.058134,-0.095139,0.061613,0,0,0,0,0,0,1461766149705,9087
-3.1360758507,9.06704787105,-2.8239333642,0.048453,-0.092868,0.055473,0,0,0,0,0,0,1461766149715,9097
-3.058859076,9.0273999894,-2.83216105965,0.045883,-0.077531,0.063103,0,0,0,0,0,0,1461766149725,9107
-3.058859076,9.02739018285,-2.83216105965,0.047026,-0.084516,0.075449,0,0,0,0,0,0,1461766149734,9116
-3.06828317055,9.0276941859,-2.8420362555,0.034858,-0.090431,0.080419,0,0,0,0,0,0,1461766149744,9126
-2.99167440195,9.05373057615,-2.92748072565,0.028793,-0.095161,0.081643,0,0,0,0,0,0,1461766149753,9135
-3.0124740945,9.12959404695,-2.9373559215,0.038493,-0.110353,0.092620,0,0,0,0,0,0,1461766149763,9145
-3.0124740945,9.15758194065,-3.01426869315,0.032396,-0.110367,0.095137,0,0,0,0,0,0,1461766149773,9155
-3.02325149295,9.1864622304,-2.9373559215,0.048175,-0.117318,0.101199,0,0,0,0,0,0,1461766149782,9164
-3.0338719866,9.234043611,-2.90847563175,0.049397,-0.125531,0.104835,0,0,0,0,0,0,1461766149792,9174
-3.0907303635,9.19782802185,-2.89994393325,0.067733,-0.143118,0.102075,0,0,0,0,0,0,1461766149802,9184
-3.0907303635,9.19782802185,-2.89994393325,0.086050,-0.150131,0.095697,0,0,0,0,0,0,1461766149811,9193
-3.09148546785,9.2077032177,-2.8230311616,0.100540,-0.146479,0.104360,0,0,0,0,0,0,1461766149821,9203
-3.0709799718,9.15054083775,-2.82288406335,0.114003,-0.164082,0.102866,0,0,0,0,0,0,1461766149830,9212
-3.0310280871,9.0648021711,-2.78367747645,0.110343,-0.176998,0.111447,0,0,0,0,0,0,1461766149840,9222
-2.9632452135,9.0160243914,-2.8020843708,0.109114,-0.187555,0.118799,0,0,0,0,0,0,1461766149850,9232
-2.97312040935,9.0443064816,-2.83096466055,0.087312,-0.202964,0.118748,0,0,0,0,0,0,1461766149859,9241
-3.0008043,9.0350294853,-2.93720882325,0.066523,-0.200628,0.132545,0,0,0,0,0,0,1461766149869,9251
-3.0008043,9.0350294853,-2.93720882325,0.066429,-0.209950,0.148600,0,0,0,0,0,0,1461766149879,9261
-3.0205546917,9.05447587395,-2.91820372935,0.072464,-0.194639,0.145003,0,0,0,0,0,0,1461766149888,9270
-3.0003531987,9.02544848595,-2.9756603058,0.087042,-0.213339,0.155917,0,0,0,0,0,0,1461766149898,9280
-2.95246781505,8.98714410165,-2.86926904485,0.112783,-0.232142,0.140682,0,0,0,0,0,0,1461766149907,9289
-2.89606053945,9.0422078799,-2.9164091307,0.133552,-0.241505,0.133025,0,0,0,0,0,0,1461766149917,9299
-2.89635473595,9.07034287185,-2.95486061325,0.138479,-0.266168,0.138956,0,0,0,0,0,0,1461766149926,9308
-2.96429451435,9.11882645505,-2.9849373021,0.136003,-0.274361,0.148824,0,0,0,0,0,0,1461766149936,9318
-2.96429451435,9.11882645505,-2.9849373021,0.117774,-0.276795,0.150132,0,0,0,0,0,0,1461766149946,9328
-3.0415014825,9.1584743367,-2.97625850535,0.099213,-0.256708,0.177771,0,0,0,0,0,0,1461766149955,9337
-3.0492878832,9.1108929561,-3.06304647285,0.091878,-0.254366,0.181560,0,0,0,0,0,0,1461766149965,9347
-3.05677028085,8.99791169355,-3.0341661831,0.100434,-0.253185,0.175315,0,0,0,0,0,0,1461766149974,9356
-3.0569173791,8.97935770095,-2.95741031625,0.122422,-0.254331,0.162767,0,0,0,0,0,0,1461766149984,9366
-3.0569173791,8.97935770095,-2.95741031625,0.150623,-0.263755,0.138919,0,0,0,0,0,0,1461766149994,9376
-3.05661337605,8.9421026175,-2.8900687374,0.192199,-0.281335,0.118645,0,0,0,0,0,0,1461766150003,9385
-3.1030081641,8.8398987534,-2.7657216834,0.226377,-0.283623,0.102295,0,0,0,0,0,0,1461766150013,9395
-3.07965876855,8.5947938427,-2.6503574292,0.222895,-0.300182,0.092197,0,0,0,0,0,0,1461766150023,9405
-3.01801479525,8.404605612,-2.64960232485,0.203302,-0.307215,0.113342,0,0,0,0,0,0,1461766150032,9414
-2.969227209,8.39323982055,-2.77410628365,0.131390,-0.306240,0.137321,0,0,0,0,0,0,1461766150042,9424
-3.0863958684,8.6948991051,-3.32386147665,0.054463,-0.291104,0.171414,0,0,0,0,0,0,1461766150051,9433
-3.0863958684,8.6948991051,-3.32386147665,-0.012581,-0.273683,0.185601,0,0,0,0,0,0,1461766150061,9443
-3.1279952535,8.87491794345,-3.4013822544,-0.039313,-0.290240,0.194259,0,0,0,0,0,0,1461766150071,9453
-3.0548187774,9.03352908315,-3.40945304505,-0.030678,-0.291457,0.180535,0,0,0,0,0,0,1461766150080,9462
-3.07532427345,9.0999684594,-3.4194851457,0.000033,-0.317351,0.156501,0,0,0,0,0,0,1461766150090,9472
-3.17287983285,9.150099543,-3.28600819365,0.094117,-0.331332,0.104939,0,0,0,0,0,0,1461766150100,9482
-3.2878027923,9.0785705673,-3.05706447735,0.163729,-0.319500,0.058741,0,0,0,0,0,0,1461766150109,9491
-3.37234505985,8.9678350047,-2.9138594277,0.231860,-0.301628,0.039944,0,0,0,0,0,0,1461766150119,9501
-3.37234505985,8.9678350047,-2.9138594277,0.269621,-0.283906,0.020060,0,0,0,0,0,0,1461766150128,9510
-3.3439158714,8.9211558267,-2.74986449205,0.253479,-0.246199,0.039173,0,0,0,0,0,0,1461766150138,9520
-3.20849722245,8.8331714601,-2.73848889405,0.206996,-0.236825,0.069326,0,0,0,0,0,0,1461766150147,9529
-3.08848466355,8.7152575029,-3.08324796585,0.125497,-0.259458,0.090620,0,0,0,0,0,0,1461766150157,9539
-2.97506210625,8.7785489766,-3.12006175455,0.049830,-0.259597,0.128274,0,0,0,0,0,0,1461766150167,9549
-2.957851611,8.8726722435,-3.11961065325,0.012308,-0.271615,0.117153,0,0,0,0,0,0,1461766150176,9558
-2.9999020974,9.02499738465,-3.04300188465,0.004095,-0.308232,0.103143,0,0,0,0,0,0,1461766150186,9568
-2.9999020974,9.02499738465,-3.04300188465,0.021300,-0.318841,0.086793,0,0,0,0,0,0,1461766150196,9578
-3.0584079747,9.05492697525,-2.9765625084,0.059140,-0.319948,0.067954,0,0,0,0,0,0,1461766150205,9587
-3.09581996295,9.02739018285,-3.0060409977,0.104039,-0.288007,0.058122,0,0,0,0,0,0,1461766150215,9597
-3.16001363925,8.88733303575,-2.9782100088,0.127008,-0.256132,0.054613,0,0,0,0,0,0,1461766150224,9606
-3.1375664463,8.76373127955,-3.0552698787,0.140230,-0.212554,0.047548,0,0,0,0,0,0,1461766150234,9616
-3.11692365855,8.6969977068,-3.07412787435,0.133977,-0.176088,0.047961,0,0,0,0,0,0,1461766150244,9626
-2.96309811525,8.6836804119,-3.1489420443,0.098587,-0.156204,0.054559,0,0,0,0,0,0,1461766150253,9635
-2.96309811525,8.6836804119,-3.1489420443,0.070449,-0.142130,0.068515,0,0,0,0,0,0,1461766150263,9645
-2.830366461,8.7930626706,-3.32954927565,0.048567,-0.158658,0.078392,0,0,0,0,0,0,1461766150273,9655
-2.80523227335,8.9715811068,-3.3581353689,0.037660,-0.189238,0.091794,0,0,0,0,0,0,1461766150282,9664
-2.86613094885,9.08724936405,-3.1950328293,0.043906,-0.202233,0.079201,0,0,0,0,0,0,1461766150292,9674
-2.94574052175,9.2117435163,-3.1672018404,0.057180,-0.206796,0.092756,0,0,0,0,0,0,1461766150301,9683
-3.0709799718,9.2062126221,-3.00544279815,0.079341,-0.232702,0.073736,0,0,0,0,0,0,1461766150311,9693
-3.1104807552,9.26366919855,-2.9963129001,0.108288,-0.208944,0.086265,0,0,0,0,0,0,1461766150321,9703
-3.12859345305,9.20755611945,-2.96788371165,0.113102,-0.197156,0.085122,0,0,0,0,0,0,1461766150330,9712
-3.12859345305,9.20755611945,-2.96788371165,0.125084,-0.196980,0.104943,0,0,0,0,0,0,1461766150340,9722
-3.070234674,9.18690352515,-3.0438942807,0.111699,-0.195860,0.106264,0,0,0,0,0,0,1461766150349,9731
-2.99361609885,9.2036629191,-3.11961065325,0.110484,-0.195866,0.106270,0,0,0,0,0,0,1461766150359,9741
-2.8965018342,9.1541398416,-3.18590293125,0.104482,-0.213546,0.107358,0,0,0,0,0,0,1461766150369,9751
-2.8969529355,9.1544340381,-3.11841425415,0.102161,-0.223021,0.099815,0,0,0,0,0,0,1461766150378,9760
-2.8969529355,9.1544340381,-3.11841425415,0.121628,-0.225290,0.098451,0,0,0,0,0,0,1461766150388,9770
-2.8670233449,9.069293571,-3.03133209015,0.147121,-0.221628,0.099605,0,0,0,0,0,0,1461766150397,9779
-2.8655327493,8.9938812015,-3.01217009145,0.153246,-0.225153,0.095811,0,0,0,0,0,0,1461766150407,9789
-2.84547835455,8.93701301805,-2.97357151065,0.165352,-0.228583,0.103169,0,0,0,0,0,0,1461766150417,9799
-2.79670057485,8.9073874305,-3.01142479365,0.151867,-0.230913,0.118123,0,0,0,0,0,0,1461766150426,9808
-2.72846659995,8.85830564775,-3.0681360723,0.126224,-0.216871,0.124611,0,0,0,0,0,0,1461766150436,9818
-2.71903269885,8.89541363295,-3.13532074635,0.106618,-0.212159,0.140914,0,0,0,0,0,0,1461766150445,9827
-2.7763519836,8.93371801725,-3.27104339835,0.063934,-0.216953,0.160958,0,0,0,0,0,0,1461766150455,9837
-2.7670749873,8.95242891465,-3.28032039465,0.038344,-0.211158,0.166119,0,0,0,0,0,0,1461766150465,9847
-2.7670749873,8.95242891465,-3.28032039465,0.031012,-0.200605,0.165024,0,0,0,0,0,0,1461766150474,9856
-2.77769548095,8.99073329895,-3.232435011,0.046783,-0.189947,0.162573,0,0,0,0,0,0,1461766150484,9866
-2.8468218519,9.0680971719,-3.18515763345,0.054159,-0.182929,0.148943,0,0,0,0,0,0,1461766150493,9875
-2.9038371336,9.04115857905,-3.14759854695,0.068672,-0.156996,0.142929,0,0,0,0,0,0,1461766150503,9885
-2.92253822445,9.032028681,-3.157316838,0.086819,-0.146292,0.146677,0,0,0,0,0,0,1461766150513,9895
-2.8836356406,8.9839961991,-3.1377233511,0.089174,-0.123934,0.143171,0,0,0,0,0,0,1461766150522,9904
-2.8254239598,8.9820545022,-3.2426142099,0.074435,-0.115681,0.157000,0,0,0,0,0,0,1461766150532,9914
-2.8254239598,8.9820545022,-3.2426142099,0.062142,-0.093349,0.161023,0,0,0,0,0,0,1461766150541,9923
-2.78771777505,9.0095912946,-3.26131530075,0.035441,-0.100539,0.161082,0,0,0,0,0,0,1461766150551,9933
-2.7588374853,9.00883619025,-3.2897444892,0.024510,-0.099421,0.159907,0,0,0,0,0,0,1461766150561,9943
-2.73085939815,9.02739018285,-3.2316897132,0.025724,-0.107626,0.164786,0,0,0,0,0,0,1461766150570,9952
-2.69284921035,9.01736788875,-3.1829119335,0.041617,-0.118174,0.159627,0,0,0,0,0,0,1461766150580,9962
-2.70257730795,9.04564997895,-3.2119393215,0.059973,-0.143987,0.159266,0,0,0,0,0,0,1461766150590,9972
-2.694643809,9.1023612576,-3.17333093415,0.062504,-0.158124,0.155378,0,0,0,0,0,0,1461766150599,9981
-2.63599083345,9.04445357985,-3.17258563635,0.063770,-0.183966,0.163800,0,0,0,0,0,0,1461766150609,9991
-2.63599083345,9.04445357985,-3.17258563635,0.073598,-0.199246,0.159863,0,0,0,0,0,0,1461766150618,10000
-2.6632236228,8.9602055088,-3.1344283503,0.061311,-0.198039,0.174848,0,0,0,0,0,0,1461766150628,10010
-2.67100021695,8.87536904475,-3.13457544855,0.038345,-0.201754,0.162500,0,0,0,0,0,0,1461766150638,10020
-2.69045641215,8.89466833515,-3.14459774265,0.040713,-0.201698,0.169944,0,0,0,0,0,0,1461766150647,10029
-2.69973340845,8.88568553535,-3.14475464745,0.022562,-0.193625,0.156451,0,0,0,0,0,0,1461766150657,10039
-2.69973340845,8.88568553535,-3.14475464745,0.028492,-0.187629,0.170152,0,0,0,0,0,0,1461766150666,10048
-2.68117941585,8.91322232775,-3.16360283655,0.018746,-0.193525,0.176351,0,0,0,0,0,0,1461766150676,10058
-2.6346473361,8.9877423012,-3.1917378285,0.018613,-0.174659,0.181520,0,0,0,0,0,0,1461766150686,10068
-2.66501822145,9.0915936657,-3.2882538936,0.014991,-0.179384,0.181490,0,0,0,0,0,0,1461766150695,10077
-2.6834251158,9.06375287025,-3.29812908945,0.003963,-0.175853,0.190279,0,0,0,0,0,0,1461766150705,10087
-2.69284921035,9.06375287025,-3.31758528465,0.011307,-0.181719,0.187696,0,0,0,0,0,0,1461766150715,10097
-2.69284921035,9.06375287025,-3.31758528465,0.017379,-0.195578,0.176292,0,0,0,0,0,0,1461766150724,10106
-2.7398323914,9.02709598635,-3.29903129205,0.015055,-0.203874,0.168761,0,0,0,0,0,0,1461766150734,10116
-2.7295159008,8.979661704,-3.3087495831,0.024732,-0.189714,0.166375,0,0,0,0,0,0,1461766150743,10125
-2.7196308984,8.98879160205,-3.34690686915,0.010129,-0.187422,0.167714,0,0,0,0,0,0,1461766150753,10135
-2.737596498,8.95107561075,-3.3762382602,-0.003272,-0.173380,0.164200,0,0,0,0,0,0,1461766150763,10145
-2.6903093139,8.96888430555,-3.3850641552,-0.020196,-0.160613,0.147022,0,0,0,0,0,0,1461766150772,10154
-2.6903093139,8.96888430555,-3.3850641552,-0.011747,-0.144105,0.144668,0,0,0,0,0,0,1461766150782,10164
-2.70063561105,8.9977645953,-3.34661267265,-0.010584,-0.139368,0.148439,0,0,0,0,0,0,1461766150792,10174
-2.74058749575,9.04610108025,-3.27029810055,0.000319,-0.122863,0.143585,0,0,0,0,0,0,1461766150801,10183
-2.7497173938,9.02754708765,-3.2704451988,0.006298,-0.095779,0.140110,0,0,0,0,0,0,1461766150811,10193
-2.74941339075,8.99955919395,-3.2126846193,0.017197,-0.082792,0.137704,0,0,0,0,0,0,1461766150821,10203
-2.7778425792,8.99073329895,-3.22271671995,0.017216,-0.071071,0.129128,0,0,0,0,0,0,1461766150830,10212
-2.7778425792,8.99073329895,-3.22271671995,0.018376,-0.063987,0.131681,0,0,0,0,0,0,1461766150839,10221
-2.71918960365,8.9513796138,-3.27957509685,0.017286,-0.065251,0.118004,0,0,0,0,0,0,1461766150849,10231
-2.68955420955,8.8940701356,-3.2599718034,0.008927,-0.068911,0.103095,0,0,0,0,0,0,1461766150859,10241
-2.6042666442,8.92983462345,-3.28765569405,-0.003110,-0.092514,0.102908,0,0,0,0,0,0,1461766150868,10250
-2.6328429309,8.9118788304,-3.2207652165,-0.003055,-0.092551,0.096694,0,0,0,0,0,0,1461766150878,10260
-2.63314693395,8.9121730269,-3.1727327346,0.003101,-0.086709,0.084298,0,0,0,0,0,0,1461766150888,10270
-2.65079872395,8.8557657513,-3.22091231475,0.000605,-0.077288,0.086893,0,0,0,0,0,0,1461766150897,10279
-2.63104833225,8.7992015709,-3.1439995431,-0.000468,-0.082084,0.073179,0,0,0,0,0,0,1461766150907,10289
-2.63104833225,8.7992015709,-3.1439995431,0.006844,-0.079716,0.069439,0,0,0,0,0,0,1461766150916,10298
-2.60082454515,8.73231109335,-3.1529823429,0.012904,-0.071461,0.067009,0,0,0,0,0,0,1461766150926,10308
-2.6023249473,8.8075763646,-3.1724385381,-0.006618,-0.055072,0.067277,0,0,0,0,0,0,1461766150936,10318
-2.54426036475,8.80578176595,-3.26774839755,-0.028542,-0.046928,0.068714,0,0,0,0,0,0,1461766150945,10327
-2.5460549634,8.9187630285,-3.34451407095,-0.037200,-0.017529,0.070307,0,0,0,0,0,0,1461766150955,10337
-2.57748495615,9.06090897075,-3.38326955655,-0.055489,-0.004665,0.070534,0,0,0,0,0,0,1461766150964,10346
-2.6370401343,9.11957175285,-3.2590696008,-0.031310,0.033086,0.064595,0,0,0,0,0,0,1461766150974,10356
-2.6370401343,9.11957175285,-3.2590696008,-0.023982,0.056564,0.047408,0,0,0,0,0,0,1461766150984,10366
-2.6475135297,9.1297411452,-3.16285753875,0.010093,0.060214,0.039819,0,0,0,0,0,0,1461766150993,10375
-2.6005205421,9.16640783565,-3.16211224095,0.032086,0.060237,0.026041,0,0,0,0,0,0,1461766151003,10385
-2.5149289737,9.1649074335,-3.09342716475,0.045588,0.059035,0.011050,0,0,0,0,0,0,1461766151012,10394
-2.43727090425,9.09727165815,-3.0540734796,0.060290,0.054330,-0.000255,0,0,0,0,0,0,1461766151022,10404
-2.3482372368,8.9723264046,-3.08175737025,0.056762,0.034285,-0.002931,0,0,0,0,0,0,1461766151032,10414
-2.25067187085,8.8852442406,-3.0899850657,0.031326,0.016505,-0.002988,0,0,0,0,0,0,1461766151041,10423
-2.13485651535,8.81670626265,-3.04988608275,0.009575,-0.009498,-0.003149,0,0,0,0,0,0,1461766151051,10433
-2.13485651535,8.81670626265,-3.04988608275,-0.006178,-0.036592,0.006586,0,0,0,0,0,0,1461766151060,10442
-2.07680173935,8.78722777335,-3.06828317055,-0.021887,-0.070757,0.015005,0,0,0,0,0,0,1461766151070,10452
-2.078596338,8.88135104025,-3.08744516925,-0.036438,-0.110744,0.033297,0,0,0,0,0,0,1461766151080,10462
-2.1870763941,9.0441495768,-3.10794085875,-0.044987,-0.133050,0.050501,0,0,0,0,0,0,1461766151089,10471
-2.25396687165,9.06420397155,-3.16689783735,-0.058388,-0.148344,0.062836,0,0,0,0,0,0,1461766151099,10481
-2.37756862785,9.02919458805,-3.168692436,-0.053446,-0.169497,0.065075,0,0,0,0,0,0,1461766151109,10491
-2.37756862785,9.02919458805,-3.168692436,-0.049836,-0.175322,0.072450,0,0,0,0,0,0,1461766151118,10500
-2.4730353921,9.0220063869,-3.16046474055,-0.072988,-0.167177,0.075137,0,0,0,0,0,0,1461766151128,10510
-2.54830066335,8.9856436995,-3.22899291195,-0.082574,-0.175530,0.063915,0,0,0,0,0,0,1461766151138,10520
-2.67235352085,8.9880364977,-3.28840099185,-0.083725,-0.168538,0.052809,0,0,0,0,0,0,1461766151147,10529
-2.7202389045,8.9986667979,-3.2794279986,-0.101942,-0.155727,0.044337,0,0,0,0,0,0,1461766151157,10539
-2.7492662925,9.0272430846,-3.32805868005,-0.100575,-0.142918,0.019614,0,0,0,0,0,0,1461766151166,10548
-2.8175002674,9.0574668717,-3.25203830445,-0.105465,-0.117107,0.008727,0,0,0,0,0,0,1461766151176,10558
-2.8175002674,9.0574668717,-3.25203830445,-0.105564,-0.070104,-0.005691,0,0,0,0,0,0,1461766151185,10567
-2.8938148395,9.04969027755,-3.2435164125,-0.098384,-0.024230,-0.017675,0,0,0,0,0,0,1461766151195,10577
-3.0597612786,9.1673002317,-3.1303880517,-0.093705,0.033413,-0.028278,0,0,0,0,0,0,1461766151205,10587
-3.09956606505,9.2344947123,-3.09252496215,-0.093875,0.103932,-0.047418,0,0,0,0,0,0,1461766151214,10596
-3.09866386245,9.1782247284,-3.0540734796,-0.079598,0.167574,-0.046823,0,0,0,0,0,0,1461766151224,10606
-3.00334419645,9.18541292955,-3.04284497985,-0.074992,0.235828,-0.054829,0,0,0,0,0,0,1461766151234,10616
-2.93750301975,9.2311997115,-3.0322244862,-0.064210,0.274708,-0.058204,0,0,0,0,0,0,1461766151243,10625
-2.79505307445,9.2844688911,-3.05916307905,-0.060752,0.313575,-0.057814,0,0,0,0,0,0,1461766151253,10635
-2.79505307445,9.2844688911,-3.05916307905,-0.058365,0.353511,-0.074803,0,0,0,0,0,0,1461766151262,10644
-2.68072831455,9.29165709225,-3.0189071913,-0.071756,0.378104,-0.085661,0,0,0,0,0,0,1461766151272,10654
-2.63359803525,9.29120599095,-2.9123688321,-0.063277,0.384031,-0.085641,0,0,0,0,0,0,1461766151282,10664
-2.48979478605,9.29689378995,-3.0063351942,-0.052119,0.362811,-0.099587,0,0,0,0,0,0,1461766151291,10673
-2.3268393447,9.27459369525,-2.9846431056,-0.042296,0.326414,-0.091320,0,0,0,0,0,0,1461766151301,10683
-2.1746613018,9.2811738903,-2.88633244185,-0.039907,0.304160,-0.074170,0,0,0,0,0,0,1461766151310,10692
-2.12752121595,9.31784058075,-2.8950112386,-0.022986,0.310172,-0.066737,0,0,0,0,0,0,1461766151320,10702
-2.12752121595,9.31784058075,-2.8950112386,-0.027989,0.321980,-0.056648,0,0,0,0,0,0,1461766151330,10712
-2.0693193417,9.27863399385,-2.89425613425,-0.017020,0.304410,-0.050674,0,0,0,0,0,0,1461766151339,10721
-2.06064054495,9.29763908775,-2.84622365235,-0.015820,0.283305,-0.037234,0,0,0,0,0,0,1461766151349,10731
-1.92656539335,9.2944911852,-2.8634341476,-0.019429,0.249235,-0.022662,0,0,0,0,0,0,1461766151358,10740
-1.89828330315,9.303473985,-2.8339556583,0.002564,0.211710,-0.015711,0,0,0,0,0,0,1461766151368,10750
-1.850103723,9.2930005896,-2.8525096509,0.001514,0.157616,-0.005089,0,0,0,0,0,0,1461766151378,10760
-1.7835172485,9.3010811868,-2.8130088675,0.008962,0.116476,-0.000588,0,0,0,0,0,0,1461766151387,10769
-1.7835172485,9.3010811868,-2.8130088675,0.011543,0.074142,0.005169,0,0,0,0,0,0,1461766151397,10779
-1.8408267267,9.2930005896,-2.804477169,0.011476,0.048374,0.027264,0,0,0,0,0,0,1461766151406,10788
-1.85952781755,9.27459369525,-2.79505307445,0.017716,0.001356,0.034196,0,0,0,0,0,0,1461766151416,10798
-1.90756029945,9.26651309805,-2.7476187921,0.015311,-0.035048,0.051221,0,0,0,0,0,0,1461766151426,10808
-1.93584238965,9.26696419935,-2.80597757115,0.016627,-0.069139,0.058313,0,0,0,0,0,0,1461766151435,10817
-1.97249927355,9.1919931246,-2.82572796285,0.015293,-0.101918,0.090282,0,0,0,0,0,0,1461766151445,10827
-1.97249927355,9.1919931246,-2.82572796285,0.005734,-0.131411,0.087536,0,0,0,0,0,0,1461766151455,10837
-1.98057987075,9.1541398416,-2.8929126369,0.005830,-0.166678,0.095863,0,0,0,0,0,0,1461766151464,10846
-2.0762035398,9.17478262935,-2.9618919096,0.009528,-0.199550,0.107926,0,0,0,0,0,0,1461766151474,10856
-2.1040345287,9.17478262935,-3.0681360723,0.002366,-0.221966,0.105246,0,0,0,0,0,0,1461766151483,10865
-2.33522394495,9.28312539375,-3.15807194235,-0.001277,-0.233720,0.111354,0,0,0,0,0,0,1461766151493,10875
-2.33522394495,9.28312539375,-3.15807194235,0.013230,-0.228904,0.117544,0,0,0,0,0,0,1461766151503,10885
-2.43128890875,9.30407218455,-3.16929063555,0.016971,-0.224259,0.103906,0,0,0,0,0,0,1461766151512,10894
-2.5372290684,9.3256171749,-3.1417636497,0.037477,-0.190027,0.102920,0,0,0,0,0,0,1461766151522,10904
-2.5952838444,9.36467666355,-3.1520801403,0.065345,-0.156982,0.094426,0,0,0,0,0,0,1461766151531,10913
-2.66217432195,9.35659606635,-3.14355824835,0.078550,-0.109871,0.087398,0,0,0,0,0,0,1461766151541,10923
-2.6704020174,9.2909019879,-3.12455315445,0.101636,-0.093331,0.078758,0,0,0,0,0,0,1461766151551,10933
-2.6299990314,9.17688123105,-3.06634147365,0.118705,-0.078033,0.063922,0,0,0,0,0,0,1461766151560,10942
-2.6299990314,9.17688123105,-3.06634147365,0.135836,-0.075685,0.048951,0,0,0,0,0,0,1461766151570,10952
-2.54351506695,9.1375275459,-3.0265366872,0.132415,-0.095805,0.033844,0,0,0,0,0,0,1461766151579,10961
-2.47408469295,9.0229085895,-3.01621039005,0.131287,-0.120512,0.037319,0,0,0,0,0,0,1461766151589,10971
-2.27985616365,8.904543531,-3.11931645675,0.102327,-0.154821,0.032135,0,0,0,0,0,0,1461766151599,10981
-2.3090306499,8.90559283185,-3.02325149295,0.084311,-0.187908,0.025666,0,0,0,0,0,0,1461766151608,10990
-2.38564922505,8.8984046307,-2.99571470055,0.068593,-0.173959,0.008496,0,0,0,0,0,0,1461766151618,11000
-2.4241007076,8.90843673135,-2.9963129001,0.058815,-0.166927,0.011104,0,0,0,0,0,0,1461766151628,11010
-2.41422551175,8.90798563005,-3.0248891868,0.044040,-0.151612,0.025006,0,0,0,0,0,0,1461766151637,11019
-2.41422551175,8.90798563005,-3.0248891868,0.052343,-0.131484,0.037600,0,0,0,0,0,0,1461766151647,11029
-2.3572200366,8.96290231005,-3.14908914255,0.051040,-0.122043,0.042676,0,0,0,0,0,0,1461766151657,11039
-2.32833974685,8.9901350994,-3.2257077177,0.048516,-0.124335,0.055090,0,0,0,0,0,0,1461766151666,11048
-2.2906335621,9.03592188135,-3.3213215802,0.043844,-0.130354,0.036413,0,0,0,0,0,0,1461766151676,11058
-2.31935694705,9.0365200809,-3.3120445839,0.049914,-0.109200,0.025421,0,0,0,0,0,0,1461766151685,11067
-2.36829163155,9.0757266678,-3.2647573998,0.048791,-0.115136,0.017910,0,0,0,0,0,0,1461766151695,11077
-2.4152748126,9.0203588865,-3.21732311745,0.051286,-0.105780,0.005569,0,0,0,0,0,0,1461766151705,11087
-2.4152748126,9.0203588865,-3.21732311745,0.051212,-0.090475,0.005730,0,0,0,0,0,0,1461766151714,11096
-2.44370400105,8.97412100325,-3.14100854535,0.058480,-0.078690,0.002088,0,0,0,0,0,0,1461766151724,11106
-2.48171418885,8.956322115,-3.12216035625,0.043769,-0.074997,-0.001561,0,0,0,0,0,0,1461766151733,11115
-2.47198609125,8.9376112176,-3.0548187774,0.049715,-0.067840,0.009666,0,0,0,0,0,0,1461766151743,11125
-2.45223569955,8.9275889235,-3.10270416105,0.018081,-0.071486,0.015998,0,0,0,0,0,0,1461766151753,11135
-2.4435569028,8.97412100325,-3.15044244645,0.013281,-0.079765,0.013449,0,0,0,0,0,0,1461766151762,11144
-2.4435569028,8.97412100325,-3.15044244645,-0.002372,-0.083460,-0.001421,0,0,0,0,0,0,1461766151772,11154
-2.40585071805,8.98310380305,-3.11123585955,-0.003623,-0.071708,-0.003777,0,0,0,0,0,0,1461766151781,11163
-2.46510189315,9.06016367295,-3.0640957737,-0.010880,-0.061207,-0.013571,0,0,0,0,0,0,1461766151791,11173
-2.5230095709,9.08964216225,-3.07442207085,-0.004846,-0.045896,-0.017170,0,0,0,0,0,0,1461766151801,11183
-2.5436621652,9.17478262935,-3.1130304582,0.008464,-0.031713,-0.018332,0,0,0,0,0,0,1461766151810,11192
-2.48649978525,9.18302013135,-3.1218563532,0.012033,-0.029297,-0.010870,0,0,0,0,0,0,1461766151820,11202
-2.4302396079,9.2383781061,-3.10195886325,0.009600,-0.019920,-0.015729,0,0,0,0,0,0,1461766151830,11212
-2.35452323535,9.25603970265,-3.04300188465,0.008378,-0.005842,-0.023029,0,0,0,0,0,0,1461766151839,11221
-2.35452323535,9.25603970265,-3.04300188465,0.011981,-0.003449,-0.019294,0,0,0,0,0,0,1461766151849,11231
-2.39253342315,9.2473609059,-3.06275227635,0.004624,0.011813,-0.020339,0,0,0,0,0,0,1461766151858,11240
-2.39253342315,9.2473609059,-3.07232346915,-0.000314,0.016536,-0.014051,0,0,0,0,0,0,1461766151868,11250
-2.36454552945,9.28432179285,-3.0911814648,0.011904,0.009508,-0.017912,0,0,0,0,0,0,1461766151878,11260
-2.28838786215,9.2828213907,-3.04209968205,0.021611,-0.000996,-0.010614,0,0,0,0,0,0,1461766151887,11269
-2.22119338155,9.2811738903,-3.06020257335,0.025211,-0.011508,0.000443,0,0,0,0,0,0,1461766151897,11279
-2.1822907977,9.2521465023,-3.0596043738,0.032505,-0.025555,0.007717,0,0,0,0,0,0,1461766151907,11289
-2.1822907977,9.2521465023,-3.0596043738,0.028743,-0.030186,0.023840,0,0,0,0,0,0,1461766151916,11298
-2.17002280365,9.1382728437,-3.1173649533,0.022585,-0.028986,0.032585,0,0,0,0,0,0,1461766151925,11307
-2.23706037945,9.13977324585,-3.10868615655,0.023778,-0.026618,0.033848,0,0,0,0,0,0,1461766151935,11317
-2.2193987829,9.18690352515,-3.0410503812,0.005522,-0.030207,0.038874,0,0,0,0,0,0,1461766151945,11327
-2.2195556877,9.20561442255,-3.0697835727,0.009104,-0.034839,0.048750,0,0,0,0,0,0,1461766151954,11336
-2.2101217866,9.20561442255,-3.04090328295,0.006592,-0.035970,0.058693,0,0,0,0,0,0,1461766151964,11346
-2.1339641193,9.21324391845,-3.0301258845,0.004246,-0.055987,0.059740,0,0,0,0,0,0,1461766151974,11356
-2.1339641193,9.21324391845,-3.0301258845,0.009127,-0.068884,0.064550,0,0,0,0,0,0,1461766151983,11365
-2.153714511,9.2328472119,-2.9918215002,0.014091,-0.099440,0.069178,0,0,0,0,0,0,1461766151993,11375
-2.10628022865,9.259932903,-3.02968458975,0.006755,-0.097098,0.072970,0,0,0,0,0,0,1461766152002,11384
-2.1068784282,9.26965119405,-2.9720711085,0.005479,-0.098236,0.080422,0,0,0,0,0,0,1461766152012,11394
-2.08727513475,9.24107490735,-2.95246781505,-0.006748,-0.107632,0.094056,0,0,0,0,0,0,1461766152022,11404
-2.08802043255,9.28791099015,-3.00050029695,0.002890,-0.121609,0.111259,0,0,0,0,0,0,1461766152031,11413
-2.0688682404,9.28745988885,-3.00020610045,-0.004560,-0.133270,0.136027,0,0,0,0,0,0,1461766152041,11423
-2.08756933125,9.2690529945,-3.01022839455,0.004061,-0.143868,0.128420,0,0,0,0,0,0,1461766152050,11432
-2.08756933125,9.2690529945,-3.01022839455,-0.001979,-0.175603,0.141786,0,0,0,0,0,0,1461766152060,11442
-2.07725284065,9.2404767078,-3.02923348845,-0.000757,-0.186162,0.146641,0,0,0,0,0,0,1461766152070,11452
-2.06781893955,9.24032960955,-3.00993419805,-0.004327,-0.210873,0.151373,0,0,0,0,0,0,1461766152079,11461
-2.09684632755,9.2690529945,-3.0488367819,-0.000623,-0.229669,0.154887,0,0,0,0,0,0,1461766152089,11471
-2.08682403345,9.24990080235,-3.04868968365,-0.005491,-0.241421,0.162245,0,0,0,0,0,0,1461766152098,11480
-2.1149590254,9.2129399154,-3.029831688,-0.001884,-0.240203,0.165968,0,0,0,0,0,0,1461766152108,11490
-2.10492692475,9.22177561695,-3.08744516925,0.005437,-0.266003,0.176845,0,0,0,0,0,0,1461766152118,11500
-2.10448563,9.21204751935,-3.1356247494,0.022439,-0.278820,0.185325,0,0,0,0,0,0,1461766152127,11509
-2.10448563,9.21204751935,-3.1356247494,0.021161,-0.283476,0.195223,0,0,0,0,0,0,1461766152137,11519
-2.14174071345,9.15667973805,-3.09776165985,0.032044,-0.276345,0.197728,0,0,0,0,0,0,1461766152147,11529
-2.2183592886,9.1673002317,-3.1275441522,0.032028,-0.290414,0.207521,0,0,0,0,0,0,1461766152156,11538
-2.23780567725,9.16805533605,-3.08938686615,0.037032,-0.302222,0.197431,0,0,0,0,0,0,1461766152166,11548
-2.275511862,9.1593765393,-3.1284463548,0.037049,-0.301059,0.194958,0,0,0,0,0,0,1461766152176,11558
-2.2844946618,9.12196455105,-3.11915955195,0.032299,-0.312892,0.188643,0,0,0,0,0,0,1461766152185,11567
-2.2756687668,9.15952363755,-3.10913725785,0.033623,-0.315307,0.177428,0,0,0,0,0,0,1461766152195,11577
-2.2756687668,9.15952363755,-3.10913725785,0.033642,-0.325880,0.181045,0,0,0,0,0,0,1461766152204,11586
-2.3232501474,9.16042584015,-3.1481967465,0.037477,-0.344766,0.169643,0,0,0,0,0,0,1461766152214,11596
-2.26653886875,9.16880063385,-3.0705288705,0.049731,-0.358857,0.165706,0,0,0,0,0,0,1461766152223,11605
-2.29436985765,9.1411167432,-3.11931645675,0.058271,-0.356491,0.160716,0,0,0,0,0,0,1461766152233,11615
-2.3135220498,9.13198684515,-3.0810022659,0.061942,-0.348278,0.153327,0,0,0,0,0,0,1461766152243,11625
-2.35122823455,9.1234649532,-3.11033365695,0.070411,-0.342344,0.154587,0,0,0,0,0,0,1461766152252,11634
-2.3709884328,9.14291134185,-3.09148546785,0.073918,-0.319937,0.158530,0,0,0,0,0,0,1461766152262,11644
-2.3810107269,9.14336244315,-3.0338719866,0.077370,-0.275199,0.156494,0,0,0,0,0,0,1461766152271,11653
-2.40943991535,9.14381354445,-3.08250266805,0.083401,-0.263405,0.155342,0,0,0,0,0,0,1461766152281,11663
-2.40943991535,9.14381354445,-3.08250266805,0.078552,-0.248182,0.145586,0,0,0,0,0,0,1461766152291,11673
-2.3046961548,9.16042584015,-3.07112707005,0.074909,-0.237641,0.139500,0,0,0,0,0,0,1461766152300,11682
-2.2659406692,9.15907253625,-3.1380175476,0.074978,-0.231821,0.128377,0,0,0,0,0,0,1461766152310,11692
-2.2369132812,9.1396261476,-3.1279952535,0.073781,-0.235358,0.128345,0,0,0,0,0,0,1461766152320,11702
-2.188429698,9.10101776025,-3.0985167642,0.080001,-0.247161,0.118250,0,0,0,0,0,0,1461766152329,11711
-2.188429698,9.10101776025,-3.0985167642,0.078727,-0.248300,0.125699,0,0,0,0,0,0,1461766152339,11721
-2.15940231,9.0814144668,-3.0980656629,0.075122,-0.236611,0.114657,0,0,0,0,0,0,1461766152348,11730
-2.2062383928,9.0167696892,-3.02160399255,0.075123,-0.221358,0.106118,0,0,0,0,0,0,1461766152358,11740
-2.17810340085,9.04445357985,-3.02115289125,0.062863,-0.199048,0.106412,0,0,0,0,0,0,1461766152368,11750
-2.1408483174,9.09083856135,-3.03042988755,0.049249,-0.183690,0.126521,0,0,0,0,0,0,1461766152377,11759
-2.1306691185,9.0902403618,-3.09776165985,0.038283,-0.175509,0.125419,0,0,0,0,0,0,1461766152387,11769
-2.1306691185,9.0902403618,-3.09776165985,0.029744,-0.175527,0.129189,0,0,0,0,0,0,1461766152396,11778
-2.0841272322,9.1456081431,-3.10629335835,0.024913,-0.183784,0.130370,0,0,0,0,0,0,1461766152406,11788
-2.0450775501,9.12571065315,-3.16375974135,0.010315,-0.187363,0.134134,0,0,0,0,0,0,1461766152416,11798
-2.0453717466,9.1629657366,-3.23079731715,0.010358,-0.182697,0.126728,0,0,0,0,0,0,1461766152425,11807
-2.0652790431,9.2012701209,-3.2216674191,0.011559,-0.181506,0.127977,0,0,0,0,0,0,1461766152435,11817
-2.08488233655,9.22042231305,-3.24111380775,0.009020,-0.172055,0.135544,0,0,0,0,0,0,1461766152444,11826
-2.08488233655,9.22042231305,-3.24111380775,0.007903,-0.159221,0.117046,0,0,0,0,0,0,1461766152454,11836
-2.1225885213,9.23973141,-3.3476619735,0.031024,-0.162649,0.115652,0,0,0,0,0,0,1461766152464,11846
-2.1043287252,9.2771335917,-3.32805868005,0.023854,-0.167459,0.104454,0,0,0,0,0,0,1461766152473,11855
-2.11345862325,9.2490084063,-3.33778677765,0.033566,-0.160363,0.101995,0,0,0,0,0,0,1461766152483,11865
-2.07544843545,9.23913321045,-3.2794279986,0.040903,-0.145103,0.088450,0,0,0,0,0,0,1461766152493,11875
-2.0926589307,9.16356393615,-3.3181834842,0.026175,-0.119258,0.091280,0,0,0,0,0,0,1461766152502,11884
-2.0926589307,9.16356393615,-3.3181834842,0.027292,-0.089850,0.086612,0,0,0,0,0,0,1461766152512,11894
-2.1116640246,9.1363311468,-3.25129300665,0.019860,-0.062800,0.088174,0,0,0,0,0,0,1461766152521,11903
-2.10088662615,9.07916876685,-3.24156490905,0.006562,-0.057043,0.077118,0,0,0,0,0,0,1461766152531,11913
-2.02308145845,9.04894497975,-3.3270093792,-0.003178,-0.061769,0.082088,0,0,0,0,0,0,1461766152541,11923
-1.97489207175,9.04759167585,-3.3742965633,-0.014138,-0.047722,0.077320,0,0,0,0,0,0,1461766152550,11932
-1.94602158855,9.04655218155,-3.41245384935,-0.019074,-0.035957,0.079954,0,0,0,0,0,0,1461766152560,11942
-1.94602158855,9.04655218155,-3.41245384935,-0.031248,-0.036000,0.082500,0,0,0,0,0,0,1461766152569,11951
-1.8884081073,9.0264977868,-3.39225235635,-0.032414,-0.027822,0.072652,0,0,0,0,0,0,1461766152579,11961
-1.9264182951,9.0366769857,-3.43145894325,-0.045842,-0.012588,0.071637,0,0,0,0,0,0,1461766152589,11971
-1.91654309925,9.0267919833,-3.4506111354,-0.053137,-0.006750,0.069251,0,0,0,0,0,0,1461766152598,11980
-1.90681500165,9.0079437942,-3.4311549402,-0.042192,-0.003179,0.066749,0,0,0,0,0,0,1461766152608,11990
-1.90681500165,9.0079437942,-3.4311549402,-0.051961,0.010887,0.064460,0,0,0,0,0,0,1461766152617,11999
-1.92491789295,8.9611077114,-3.4316060415,-0.056829,0.030820,0.054753,0,0,0,0,0,0,1461766152627,12009
-1.93464599055,8.9892328968,-3.489366621,-0.049501,0.050782,0.040016,0,0,0,0,0,0,1461766152637,12019
-1.95439638225,9.0273999894,-3.50896991445,-0.060459,0.060134,0.037684,0,0,0,0,0,0,1461766152646,12028
-1.9547003853,9.03682408395,-3.4896608175,-0.051917,0.064848,0.031478,0,0,0,0,0,0,1461766152656,12038
-1.92701649465,9.06494926935,-3.44103013605,-0.054381,0.078942,0.027911,0,0,0,0,0,0,1461766152666,12048
-1.90920779985,9.13049624955,-3.4791874221,-0.056794,0.087136,0.021796,0,0,0,0,0,0,1461766152675,12057
-1.89902860095,9.09248606175,-3.44057903475,-0.051894,0.077749,0.022916,0,0,0,0,0,0,1461766152685,12067
-1.948561485,9.15981783405,-3.40272575175,-0.046994,0.081268,0.016716,0,0,0,0,0,0,1461766152694,12076
-1.948561485,9.1598276406,-3.40272575175,-0.048267,0.095382,0.015627,0,0,0,0,0,0,1461766152704,12086
-1.9190829957,9.14006744235,-3.44073593955,-0.040848,0.089466,0.004346,0,0,0,0,0,0,1461766152714,12096
-1.92866399505,9.14979553995,-3.4699104258,-0.043266,0.094142,0.000680,0,0,0,0,0,0,1461766152723,12105
-1.9005290031,9.1682024343,-3.4308607437,-0.044582,0.096680,-0.003040,0,0,0,0,0,0,1461766152733,12115
-1.9303016889,9.24391880685,-3.52752390705,-0.035916,0.095441,-0.020491,0,0,0,0,0,0,1461766152742,12124
-1.9005290031,9.1682024343,-3.4308607437,-0.021338,0.106078,-0.025423,0,0,0,0,0,0,1461766152752,12134
-1.93973559,9.18825682905,-3.37369836375,-0.023867,0.140164,-0.032508,0,0,0,0,0,0,1461766152762,12144
-1.96771367715,9.16026893535,-3.40301994825,-0.006846,0.159015,-0.043579,0,0,0,0,0,0,1461766152771,12153
-1.90112720265,9.1592196345,-3.3250676823,0.001692,0.150823,-0.042466,0,0,0,0,0,0,1461766152781,12163
-1.90112720265,9.1592196345,-3.3250676823,0.001835,0.136644,-0.051312,0,0,0,0,0,0,1461766152791,12173
-1.90112720265,9.1315455504,-3.24815491065,0.012691,0.142619,-0.045092,0,0,0,0,0,0,1461766152800,12182
-1.8339425286,9.1111871526,-3.23752461045,0.017613,0.139082,-0.050123,0,0,0,0,0,0,1461766152810,12192
-1.8715016151,9.0652532724,-3.1707910377,-0.000706,0.157832,-0.049834,0,0,0,0,0,0,1461766152819,12201
-1.94841438675,9.0576237765,-3.1142268573,0.000514,0.176607,-0.060827,0,0,0,0,0,0,1461766152829,12211
-1.99644686865,9.0871022658,-3.14355824835,0.013880,0.186059,-0.065766,0,0,0,0,0,0,1461766152839,12221
-1.99644686865,9.0871022658,-3.14355824835,0.003082,0.181217,-0.079430,0,0,0,0,0,0,1461766152848,12230
-1.90187250045,9.1225627506,-3.1327808499,-0.000537,0.180008,-0.081910,0,0,0,0,0,0,1461766152858,12240
-1.8641663157,9.150099543,-3.15118774425,-0.017552,0.182274,-0.083043,0,0,0,0,0,0,1461766152867,12249
-1.91279699715,9.1795780323,-3.1327808499,-0.021280,0.205780,-0.086506,0,0,0,0,0,0,1461766152877,12259
-1.9024707,9.16970283645,-3.1615140414,-0.020182,0.243414,-0.093572,0,0,0,0,0,0,1461766152887,12269
-1.90306889955,9.22565901075,-3.25772610345,-0.017813,0.271629,-0.101986,0,0,0,0,0,0,1461766152896,12278
-1.8463576209,9.2343378075,-3.1990731279,-0.021396,0.273915,-0.110641,0,0,0,0,0,0,1461766152906,12288
-1.8463576209,9.2343378075,-3.1990731279,-0.011733,0.277523,-0.105681,0,0,0,0,0,0,1461766152915,12297
-1.75971675165,9.22281511125,-3.2171760192,-0.006974,0.298738,-0.105481,0,0,0,0,0,0,1461766152925,12307
-1.69193387805,9.1741844298,-3.21612671835,-0.011838,0.288157,-0.099354,0,0,0,0,0,0,1461766152935,12317
-1.69283608065,9.2119004211,-3.20639862075,-0.019097,0.285754,-0.101826,0,0,0,0,0,0,1461766152944,12326
-1.73039516715,9.19394462805,-3.2167249179,-0.020272,0.275161,-0.100686,0,0,0,0,0,0,1461766152954,12336
-1.7591185521,9.1943859228,-3.23632821135,-0.034863,0.263363,-0.093281,0,0,0,0,0,0,1461766152963,12345
-1.78890104445,9.2142932193,-3.159866541,-0.038464,0.251581,-0.092142,0,0,0,0,0,0,1461766152973,12355
-1.8370806246,9.2436148038,-3.1796169327,-0.045782,0.267991,-0.098146,0,0,0,0,0,0,1461766152983,12365
-1.8370806246,9.2436148038,-3.1796169327,-0.043405,0.265692,-0.090727,0,0,0,0,0,0,1461766152992,12374
-1.86431341395,9.1689477321,-3.17048703465,-0.047017,0.278559,-0.101756,0,0,0,0,0,0,1461766153002,12384
-1.90397110215,9.2264141151,-3.12290565405,-0.060525,0.313791,-0.105047,0,0,0,0,0,0,1461766153012,12394
-1.9416772869,9.20830141725,-3.17168343375,-0.049475,0.330193,-0.127296,0,0,0,0,0,0,1461766153021,12403
-1.9602312795,9.18974742465,-3.1815586296,-0.058147,0.364292,-0.126896,0,0,0,0,0,0,1461766153031,12413
-1.951699581,9.24601740855,-3.2102918211,-0.054499,0.374868,-0.133016,0,0,0,0,0,0,1461766153041,12423
-1.9024707,9.17882292795,-3.2095465233,-0.047221,0.386646,-0.137899,0,0,0,0,0,0,1461766153050,12432
-1.8625188153,9.1396261476,-3.32446948275,-0.031345,0.381976,-0.144240,0,0,0,0,0,0,1461766153060,12442
-1.8625188153,9.1396261476,-3.32446948275,-0.034860,0.370135,-0.153044,0,0,0,0,0,0,1461766153069,12451
-1.8524965212,9.1113440574,-3.2858610954,-0.029911,0.365405,-0.160574,0,0,0,0,0,0,1461766153079,12461
-1.80506223885,9.1289958474,-3.30456218625,-0.029916,0.364236,-0.159342,0,0,0,0,0,0,1461766153089,12471
-1.8249597288,9.16715313345,-3.3141431856,-0.028659,0.336054,-0.148461,0,0,0,0,0,0,1461766153098,12480
-1.9493067828,9.2162349162,-3.4509053319,-0.032232,0.310173,-0.142502,0,0,0,0,0,0,1461766153108,12490
-2.04687214875,9.27579009435,-3.35588966895,-0.028457,0.287808,-0.145241,0,0,0,0,0,0,1461766153117,12499
-2.04687214875,9.27579009435,-3.35588966895,-0.027108,0.291243,-0.162607,0,0,0,0,0,0,1461766153127,12509
-2.1339641193,9.31544778255,-3.3379338759,-0.001536,0.318316,-0.183575,0,0,0,0,0,0,1461766153137,12519
-2.1540087075,9.31664418165,-3.21298862235,0.008104,0.341885,-0.187106,0,0,0,0,0,0,1461766153146,12528
-2.1052309278,9.26845479495,-3.1836572313,0.025106,0.361920,-0.196922,0,0,0,0,0,0,1461766153156,12538
-2.10418162695,9.2119004211,-3.17407623195,0.054230,0.374994,-0.199418,0,0,0,0,0,0,1461766153165,12547
-2.1035834274,9.155787342,-3.0778641699,0.068676,0.383369,-0.188221,0,0,0,0,0,0,1461766153175,12557
-2.1035834274,9.155787342,-3.0778641699,0.088209,0.376362,-0.194605,0,0,0,0,0,0,1461766153185,12567
-2.10269103135,9.1270541505,-3.12604375005,0.099148,0.362330,-0.187353,0,0,0,0,0,0,1461766153194,12576
-1.99674106515,9.0873964623,-3.0956728647,0.108925,0.350603,-0.187525,0,0,0,0,0,0,1461766153204,12586
-2.0058709632,9.0685482732,-3.1052440575,0.100525,0.325846,-0.186500,0,0,0,0,0,0,1461766153213,12595
-1.9853752737,9.0390697839,-3.22061811825,0.079905,0.297559,-0.175510,0,0,0,0,0,0,1461766153223,12605
-2.0051256654,9.05851617255,-3.18231373395,0.071553,0.251649,-0.168494,0,0,0,0,0,0,1461766153233,12615
-1.98746406885,9.09623216385,-3.133977249,0.058199,0.235147,-0.161144,0,0,0,0,0,0,1461766153242,12624
-1.98746406885,9.0962223573,-3.133977249,0.041237,0.239723,-0.169709,0,0,0,0,0,0,1461766153252,12634
-2.0543545464,9.1165807551,-3.1734780324,0.032821,0.231405,-0.175967,0,0,0,0,0,0,1461766153261,12643
-2.1225885213,9.16521143655,-3.1359189459,0.018282,0.234822,-0.183313,0,0,0,0,0,0,1461766153271,12653
-2.12244142305,9.12810345135,-3.0398539821,0.023154,0.243049,-0.189464,0,0,0,0,0,0,1461766153281,12663
-2.09415933285,9.1370764446,-3.01995649215,0.037757,0.256009,-0.199342,0,0,0,0,0,0,1461766153290,12672
-2.03684985465,9.14500994355,-3.0383633865,0.043829,0.258384,-0.200589,0,0,0,0,0,0,1461766153300,12682
-2.03759515245,9.16401503745,-2.99975499915,0.052249,0.271389,-0.198010,0,0,0,0,0,0,1461766153309,12691
-2.03759515245,9.16401503745,-2.99975499915,0.059574,0.266707,-0.199338,0,0,0,0,0,0,1461766153319,12701
-1.9404808878,9.13334014905,-3.0949275669,0.060835,0.247906,-0.194570,0,0,0,0,0,0,1461766153329,12711
-1.8729922107,9.09413356215,-3.06485087805,0.050926,0.252679,-0.175830,0,0,0,0,0,0,1461766153338,12720
-1.8261561279,9.12151344975,-3.01591619355,0.040006,0.252612,-0.178259,0,0,0,0,0,0,1461766153348,12730
-1.9400297865,9.11433505515,-3.10435166145,0.031500,0.220888,-0.161151,0,0,0,0,0,0,1461766153358,12740
-1.9119046011,9.1327419495,-3.0944764656,0.016919,0.204388,-0.152551,0,0,0,0,0,0,1461766153367,12749
-1.8544382181,9.1406656419,-3.09342716475,0.009763,0.166710,-0.147937,0,0,0,0,0,0,1461766153377,12759
-1.81598673555,9.1396261476,-3.14071434885,-0.009708,0.138473,-0.129495,0,0,0,0,0,0,1461766153387,12769
-1.81598673555,9.1396261476,-3.14071434885,-0.024167,0.112503,-0.129694,0,0,0,0,0,0,1461766153396,12778
-1.85384001855,9.12151344975,-3.14145964665,-0.031292,0.081845,-0.132462,0,0,0,0,0,0,1461766153406,12788
-1.9009801044,9.112834653,-3.2001126222,-0.023832,0.048909,-0.134085,0,0,0,0,0,0,1461766153415,12797
-1.89214440285,9.11313865605,-3.13263375165,-0.031097,0.023041,-0.123134,0,0,0,0,0,0,1461766153425,12807
-1.9582895826,9.0862000632,-3.14310714705,-0.032139,-0.011112,-0.124727,0,0,0,0,0,0,1461766153434,12816
-1.977588873,9.0959281608,-3.1529823429,-0.031015,-0.014565,-0.112343,0,0,0,0,0,0,1461766153444,12826
-2.01529505775,9.086945361,-3.21134112195,-0.040859,-0.009837,-0.101060,0,0,0,0,0,0,1461766153454,12836
-2.01529505775,9.086945361,-3.21134112195,-0.035978,-0.020387,-0.097467,0,0,0,0,0,0,1461766153463,12845
-2.0429789484,9.0685482732,-3.26939589795,-0.040869,-0.032124,-0.087624,0,0,0,0,0,0,1461766153473,12855
-2.0616898458,9.05896727385,-3.31787948115,-0.055428,-0.026343,-0.093702,0,0,0,0,0,0,1461766153483,12865
-2.127825219,9.0227516847,-3.30934778265,-0.049413,-0.018059,-0.091160,0,0,0,0,0,0,1461766153492,12874
-2.2327160778,8.9877423012,-3.2628157029,-0.051925,0.000758,-0.092194,0,0,0,0,0,0,1461766153502,12884
-2.26938276825,8.95033031295,-3.3596259645,-0.043454,-0.000349,-0.087279,0,0,0,0,0,0,1461766153512,12894
-2.26938276825,8.95033031295,-3.3596259645,-0.030088,-0.010845,-0.081243,0,0,0,0,0,0,1461766153521,12903
-2.2885349604,8.9599113123,-3.38895735555,-0.030169,-0.004922,-0.074969,0,0,0,0,0,0,1461766153531,12913
-2.27820866325,8.91277122645,-3.3503489682,-0.031391,0.000944,-0.077388,0,0,0,0,0,0,1461766153540,12922
-2.36470243425,8.9521249116,-3.40915884855,-0.039946,0.002110,-0.072364,0,0,0,0,0,0,1461766153550,12932
-2.4221590107,8.9718753033,-3.4582406313,-0.034999,-0.013179,-0.073793,0,0,0,0,0,0,1461766153560,12942
-2.4221590107,8.97188510985,-3.4582406313,-0.032436,-0.027339,-0.081409,0,0,0,0,0,0,1461766153569,12951
-2.4038992146,8.9908803972,-3.40960994985,-0.026353,-0.030834,-0.080234,0,0,0,0,0,0,1461766153579,12961
-2.45058819915,8.92624542615,-3.33358957425,-0.019051,-0.028460,-0.082731,0,0,0,0,0,0,1461766153588,12970
-2.51837107275,8.95601811195,-3.32476367925,-0.019028,-0.035516,-0.081562,0,0,0,0,0,0,1461766153598,12980
-2.57493525315,8.9287853226,-3.34496517225,-0.020077,-0.036810,-0.100211,0,0,0,0,0,0,1461766153608,12990
-2.62416413415,8.98669300035,-3.31668308205,-0.017678,-0.019176,-0.106251,0,0,0,0,0,0,1461766153617,12999
-2.6337451335,8.9775631023,-3.29767798815,-0.026327,0.010215,-0.105900,0,0,0,0,0,0,1461766153627,13009
-2.6337451335,8.9775631023,-3.29767798815,-0.026374,0.024327,-0.108237,0,0,0,0,0,0,1461766153636,13018
-2.6349415326,9.02499738465,-3.2687976984,-0.034921,0.034875,-0.109326,0,0,0,0,0,0,1461766153646,13028
-2.61698573955,9.09982136115,-3.3165359838,-0.040909,0.023050,-0.113150,0,0,0,0,0,0,1461766153655,13037
-2.55967626135,9.0890439627,-3.3060625884,-0.047094,0.027789,-0.103129,0,0,0,0,0,0,1461766153665,13047
-2.5788284535,9.11763005595,-3.36397026615,-0.056836,0.040663,-0.107917,0,0,0,0,0,0,1461766153675,13057
-2.62536053325,9.08964216225,-3.4610845308,-0.061744,0.057099,-0.111450,0,0,0,0,0,0,1461766153684,13066
-2.6651653197,9.12914294565,-3.36516666525,-0.065373,0.071149,-0.121227,0,0,0,0,0,0,1461766153694,13076
-2.5893018489,9.13692934635,-3.32566588185,-0.061734,0.079385,-0.124889,0,0,0,0,0,0,1461766153704,13086
-2.5893018489,9.13692934635,-3.32566588185,-0.046069,0.118273,-0.130773,0,0,0,0,0,0,1461766153713,13095
-2.6083069428,9.155787342,-3.37399256025,-0.030262,0.125383,-0.135749,0,0,0,0,0,0,1461766153723,13105
-2.5698456537,9.14575524135,-3.37354145895,-0.012053,0.143085,-0.143111,0,0,0,0,0,0,1461766153732,13114
-2.53094306985,9.1258577514,-3.4016764509,-0.003567,0.143140,-0.140669,0,0,0,0,0,0,1461766153742,13124
-2.49293288205,9.1342325451,-3.41080634895,-0.001250,0.133945,-0.133339,0,0,0,0,0,0,1461766153752,13134
-2.4069000189,9.14171494275,-3.4480614324,0.001157,0.125760,-0.125981,0,0,0,0,0,0,1461766153761,13143
-2.4269446071,9.1891492251,-3.4482183372,-0.003729,0.122234,-0.121023,0,0,0,0,0,0,1461766153771,13153
-2.4269446071,9.1891492251,-3.4482183372,-0.006274,0.112915,-0.102470,0,0,0,0,0,0,1461766153780,13162
-2.41661830995,9.1698499347,-3.4865227215,0.004707,0.092990,-0.096520,0,0,0,0,0,0,1461766153790,13172
-2.445949701,9.1803233301,-3.41963224395,0.004560,0.103652,-0.085225,0,0,0,0,0,0,1461766153800,13182
-2.4935310816,9.16266173355,-3.4009311531,0.004606,0.091887,-0.084105,0,0,0,0,0,0,1461766153809,13191
-2.6280573345,9.18481473,-3.3645684657,0.011900,0.102480,-0.090244,0,0,0,0,0,0,1461766153819,13201
-2.5610197587,9.1551793359,-3.3059056836,0.025250,0.108422,-0.091492,0,0,0,0,0,0,1461766153828,13210
-2.59888284825,9.13722354285,-3.29693269035,0.032534,0.114328,-0.093952,0,0,0,0,0,0,1461766153838,13220
-2.5981277439,9.0902403618,-3.25847140125,0.027709,0.115452,-0.098887,0,0,0,0,0,0,1461766153848,13230
-2.5981277439,9.0902403618,-3.25847140125,0.022753,0.126054,-0.093781,0,0,0,0,0,0,1461766153857,13239
-2.63508863085,9.04370828205,-3.2975308899,0.023923,0.135478,-0.093689,0,0,0,0,0,0,1461766153867,13249
-2.68327801755,9.0543287757,-3.2885480901,0.015408,0.138961,-0.094854,0,0,0,0,0,0,1461766153877,13259
-2.73968529315,9.0083948955,-3.2894502927,0.017816,0.143680,-0.094818,0,0,0,0,0,0,1461766153886,13268
-2.6532013287,8.9877423012,-3.28810679535,0.011713,0.137801,-0.088637,0,0,0,0,0,0,1461766153896,13278
-2.6332940322,8.9494379169,-3.2689546032,0.015325,0.142534,-0.087364,0,0,0,0,0,0,1461766153905,13287
-2.67130422,8.94075912015,-3.27882979905,0.010488,0.148361,-0.093493,0,0,0,0,0,0,1461766153915,13297
-2.71020680385,8.97906350445,-3.32760757875,0.004366,0.157749,-0.093365,0,0,0,0,0,0,1461766153925,13307
-2.71020680385,8.97906350445,-3.32760757875,0.004325,0.170684,-0.095714,0,0,0,0,0,0,1461766153934,13316
-2.8056735681,8.999863197,-3.3867116556,-0.005402,0.167120,-0.093220,0,0,0,0,0,0,1461766153944,13326
-2.78771777505,9.0374222835,-3.3383849772,0.002983,0.176629,-0.084467,0,0,0,0,0,0,1461766153953,13335
-2.7678202851,9.0272430846,-3.4052656482,0.001770,0.171928,-0.082026,0,0,0,0,0,0,1461766153963,13345
-2.74866809295,9.0267919833,-3.4146995493,0.011531,0.166081,-0.083380,0,0,0,0,0,0,1461766153973,13355
-2.7402834927,9.06465507285,-3.36636306435,0.013954,0.171963,-0.085817,0,0,0,0,0,0,1461766153982,13364
-2.7773914779,9.02754708765,-3.3766893615,0.012753,0.175467,-0.089503,0,0,0,0,0,0,1461766153992,13374
-2.7773914779,9.02754708765,-3.3766893615,0.021241,0.186081,-0.093162,0,0,0,0,0,0,1461766154001,13383
-2.8163038683,9.04729747935,-3.3867116556,0.029644,0.212006,-0.095419,0,0,0,0,0,0,1461766154011,13393
-2.80762507155,9.0850036641,-3.3674123652,0.031895,0.237953,-0.088948,0,0,0,0,0,0,1461766154021,13403
-2.83605426,9.0669007728,-3.35828246715,0.048875,0.242750,-0.087742,0,0,0,0,0,0,1461766154030,13412
-2.7980440722,9.0754324713,-3.3192229785,0.056219,0.260348,-0.103748,0,0,0,0,0,0,1461766154040,13422
-2.7103539021,8.9792106027,-3.3084553866,0.068378,0.254533,-0.101386,0,0,0,0,0,0,1461766154050,13432
-2.55563596275,8.90035613415,-3.30620968665,0.072037,0.242807,-0.096557,0,0,0,0,0,0,1461766154059,13441
-2.4875490861,8.861002449,-3.32431257795,0.078142,0.232255,-0.094212,0,0,0,0,0,0,1461766154069,13451
-2.4212568081,8.9061910314,-3.3811807614,0.061377,0.202669,-0.106861,0,0,0,0,0,0,1461766154078,13460
-2.4212568081,8.9061910314,-3.3811807614,0.066329,0.163909,-0.096109,0,0,0,0,0,0,1461766154088,13470
-2.4124309131,8.9251961253,-3.34257237405,0.057995,0.134415,-0.100102,0,0,0,0,0,0,1461766154098,13480
-2.38400172465,8.93416911855,-3.32282198235,0.060330,0.109850,-0.075518,0,0,0,0,0,0,1461766154107,13489
-2.42110970985,8.8876370388,-3.3331482795,0.059351,0.065093,-0.078466,0,0,0,0,0,0,1461766154117,13499
-2.4787231911,8.8984046307,-3.3531928677,0.053186,0.032269,-0.050200,0,0,0,0,0,0,1461766154126,13508
-2.4880001874,8.8891276344,-3.33404067555,0.043526,0.019273,-0.050286,0,0,0,0,0,0,1461766154136,13518
-2.5364837706,8.9186061237,-3.3443669727,0.033821,0.011000,-0.047838,0,0,0,0,0,0,1461766154146,13528
-2.6225264403,8.92040072235,-3.34571047005,0.019122,0.014528,-0.036545,0,0,0,0,0,0,1461766154155,13537
-2.70855930345,8.9223522258,-3.3660590613,0.011878,0.010939,-0.040275,0,0,0,0,0,0,1461766154165,13547
-2.70855930345,8.9223522258,-3.3660590613,0.003317,0.013282,-0.035237,0,0,0,0,0,0,1461766154174,13556
-2.76512348385,8.90439643275,-3.434449941,-0.007691,0.032050,-0.037471,0,0,0,0,0,0,1461766154184,13566
-2.80268257035,8.88613663665,-3.4639284303,-0.015045,0.042618,-0.036083,0,0,0,0,0,0,1461766154194,13576
-2.82168766425,8.895717636,-3.49280872005,-0.019998,0.063778,-0.037080,0,0,0,0,0,0,1461766154203,13585
-2.80358477295,8.95168361685,-3.53111310435,-0.009045,0.064992,-0.039609,0,0,0,0,0,0,1461766154213,13595
-2.8137541653,8.98953689985,-3.57914558625,-0.006527,0.060250,-0.047127,0,0,0,0,0,0,1461766154223,13605
-2.7657216834,8.97906350445,-3.56896638735,0.006847,0.061484,-0.048425,0,0,0,0,0,0,1461766154232,13614
-2.7657216834,8.97906350445,-3.56896638735,0.015329,0.070928,-0.050854,0,0,0,0,0,0,1461766154242,13624
-2.84024165685,8.8955607312,-3.5797437858,0.025042,0.068634,-0.048443,0,0,0,0,0,0,1461766154251,13633
-2.77290988455,8.8662391467,-3.54039010065,0.028680,0.076870,-0.052104,0,0,0,0,0,0,1461766154261,13643
-2.792513178,8.87611434255,-3.51181381395,0.033627,0.076834,-0.062070,0,0,0,0,0,0,1461766154271,13653
-2.7637799865,8.87536904475,-3.5402430024,0.044577,0.069837,-0.059714,0,0,0,0,0,0,1461766154280,13662
-2.72472049785,8.84589055545,-3.5780962854,0.036087,0.070959,-0.062145,0,0,0,0,0,0,1461766154290,13672
-2.7063136035,8.88329273715,-3.5778020889,0.037196,0.068691,-0.048507,0,0,0,0,0,0,1461766154299,13681
-2.6584380264,8.8824003411,-3.5673286935,0.027320,0.085178,-0.039587,0,0,0,0,0,0,1461766154309,13691
-2.676992019,8.8638463485,-3.596650278,0.034640,0.079326,-0.039685,0,0,0,0,0,0,1461766154319,13701
-2.6865632118,8.8915204326,-3.6834382455,0.027228,0.073508,-0.022314,0,0,0,0,0,0,1461766154328,13710
-2.6967424107,8.91112372605,-3.6258345708,0.030981,0.055852,-0.025003,0,0,0,0,0,0,1461766154338,13720
-2.6967424107,8.91112372605,-3.6258345708,0.037030,0.057073,-0.022535,0,0,0,0,0,0,1461766154347,13729
-2.70661760655,8.91128063085,-3.61625357145,0.024723,0.073548,-0.013603,0,0,0,0,0,0,1461766154357,13739
-2.69734061025,8.93012881995,-3.6161064732,0.024597,0.104142,-0.015767,0,0,0,0,0,0,1461766154367,13749
-2.7169439037,8.9401609206,-3.57794918715,0.022152,0.115874,-0.020602,0,0,0,0,0,0,1461766154376,13758
-2.73639029235,8.95931311275,-3.58797148125,0.029460,0.112377,-0.020676,0,0,0,0,0,0,1461766154386,13768
-2.66996072265,8.97667070625,-3.59650317975,0.035466,0.133575,-0.024211,0,0,0,0,0,0,1461766154396,13778
-2.6693625231,8.9299817217,-3.5195904081,0.035295,0.166545,-0.022623,0,0,0,0,0,0,1461766154405,13787
-2.65933042245,8.9106824313,-3.5288674044,0.046293,0.178289,-0.036222,0,0,0,0,0,0,1461766154415,13797
-2.65933042245,8.9106824313,-3.5288674044,0.053492,0.166654,-0.018985,0,0,0,0,0,0,1461766154425,13807
-2.61129794055,8.919057225,-3.5667206874,0.052169,0.169068,-0.007770,0,0,0,0,0,0,1461766154434,13816
-2.5343851689,8.90753452875,-3.6042797739,0.057072,0.151462,-0.003008,0,0,0,0,0,0,1461766154444,13826
-2.48455808835,8.8306217571,-3.65141985975,0.057095,0.131501,0.005482,0,0,0,0,0,0,1461766154453,13835
-2.42605221105,8.77271407935,-3.6508216602,0.047675,0.081965,-0.002443,0,0,0,0,0,0,1461766154463,13845
-2.42365941285,8.6872696092,-3.73746252945,0.035628,0.053676,0.001050,0,0,0,0,0,0,1461766154472,13854
-2.42201191245,8.62098713775,-3.7569089181,0.020024,0.015922,-0.000509,0,0,0,0,0,0,1461766154482,13864
-2.42201191245,8.62098713775,-3.7569089181,0.009185,-0.011186,0.002989,0,0,0,0,0,0,1461766154492,13874
-2.39327872095,8.638786026,-3.833380395,0.010434,-0.028801,0.009012,0,0,0,0,0,0,1461766154501,13883
-2.5391707653,8.7555035841,-3.82574109255,0.006752,-0.045219,0.022527,0,0,0,0,0,0,1461766154511,13893
-2.5966371483,8.7566999832,-3.81691519755,0.007949,-0.069840,0.038415,0,0,0,0,0,0,1461766154520,13902
-2.67354991995,8.7866295738,-3.8372637888,0.017751,-0.081581,0.035758,0,0,0,0,0,0,1461766154530,13912
-2.7790389783,8.7891792768,-3.7908788073,0.021295,-0.075627,0.044499,0,0,0,0,0,0,1461766154540,13922
-2.8456254528,8.76253488045,-3.7820529123,0.020059,-0.075618,0.046988,0,0,0,0,0,0,1461766154549,13931
-2.8456254528,8.76253488045,-3.7820529123,0.020114,-0.062749,0.0