-2.5403671644,1.7308364619,-9.31948808115,0.131419,0.007568,-0.251012,0,0,0,0,0,0,1461766225290,951
-2.538131271,1.60828400655,-9.2811738903,0.104442,0.021684,-0.230849,0,0,0,0,0,0,1461766225300,961
-2.6430221298,1.61965960455,-9.35000606475,0.094771,0.013390,-0.232129,0,0,0,0,0,0,1461766225309,970
-2.7471676908,1.6214542032,-9.4767557235,0.068189,0.010790,-0.218471,0,0,0,0,0,0,1461766225319,980
-2.7471676908,1.6214542032,-9.4767557235,0.043926,-0.006956,-0.213566,0,0,0,0,0,0,1461766225329,990
-2.7669180825,1.64988339165,-9.4867780176,0.040465,-0.009486,-0.207468,0,0,0,0,0,0,1461766225338,999
-2.7295159008,1.6775672823,-9.45715243005,0.048027,-0.029617,-0.205321,0,0,0,0,0,0,1461766225348,1009
-2.6635178193,1.70495697645,-9.3983425497,0.057908,-0.053163,-0.192022,0,0,0,0,0,0,1461766225358,1019
-2.70138090885,1.66814318775,-9.3507611691,0.066625,-0.049780,-0.199562,0,0,0,0,0,0,1461766225367,1028
-2.7871195755,1.66051369185,-9.36183276405,0.069227,-0.042920,-0.205795,0,0,0,0,0,0,1461766225377,1038
-2.84353665765,1.6240039062,-9.3914583516,0.063481,-0.038564,-0.228169,0,0,0,0,0,0,1461766225386,1047
-2.84353665765,1.6240039062,-9.3914583516,0.051366,-0.024568,-0.240387,0,0,0,0,0,0,1461766225396,1057
-2.85146035005,1.5298806393,-9.3724532577,0.045595,-0.023691,-0.254111,0,0,0,0,0,0,1461766225406,1067
-2.87046544395,1.5303317406,-9.3631762614,0.051868,-0.012130,-0.262807,0,0,0,0,0,0,1461766225415,1076
-2.7932584758,1.4911251537,-9.34282767015,0.049442,0.003092,-0.250292,0,0,0,0,0,0,1461766225425,1086
-2.76437818605,1.51790684175,-9.43859843745,0.042281,0.004151,-0.246588,0,0,0,0,0,0,1461766225434,1095
-2.75465008845,1.50833564895,-9.4577506296,0.043466,0.011239,-0.227948,0,0,0,0,0,0,1461766225444,1105
-2.7160417011,1.5072863481,-9.4860327198,0.021536,0.001828,-0.198175,0,0,0,0,0,0,1461766225453,1114
-2.7160417011,1.5072863481,-9.4860327198,0.010569,-0.007590,-0.189521,0,0,0,0,0,0,1461766225463,1124
-2.714845302,1.4692761603,-9.5246313006,-0.001495,-0.017033,-0.174711,0,0,0,0,0,0,1461766225473,1134
-2.6663617188,1.4302264782,-9.53346700215,-0.012364,-0.021724,-0.158613,0,0,0,0,0,0,1461766225482,1143
-2.78053938045,1.4233422801,-9.5832940827,-0.032758,-0.041901,-0.157547,0,0,0,0,0,0,1461766225492,1153
-2.84877335535,1.4813970561,-9.58434338355,-0.043635,-0.029087,-0.154933,0,0,0,0,0,0,1461766225502,1163
-2.9366106237,1.56833212185,-9.58553978265,-0.053326,-0.029221,-0.147481,0,0,0,0,0,0,1461766225511,1172
-2.94693692085,1.6154722077,-9.6144200724,-0.060661,-0.038687,-0.128947,0,0,0,0,0,0,1461766225521,1182
-3.0046876938,1.64480359875,-9.6824971425,-0.066775,-0.029395,-0.122647,0,0,0,0,0,0,1461766225531,1192
-3.0046876938,1.64480359875,-9.6824971425,-0.065582,-0.042281,-0.112848,0,0,0,0,0,0,1461766225540,1201
-2.98643770425,1.70075977305,-9.70135513815,-0.052332,-0.058651,-0.085780,0,0,0,0,0,0,1461766225550,1211
-2.94797641515,1.6720363881,-9.63357226455,-0.052376,-0.070419,-0.068539,0,0,0,0,0,0,1461766225559,1220
-2.86118844765,1.64180279445,-9.6612561552,-0.045305,-0.054980,-0.043591,0,0,0,0,0,0,1461766225569,1230
-2.87870294595,1.5572605269,-9.6519791589,-0.047848,-0.049027,-0.021192,0,0,0,0,0,0,1461766225578,1239
-2.9535171159,1.5018927456,-9.6914799423,-0.036680,-0.064375,-0.023949,0,0,0,0,0,0,1461766225588,1249
-2.9728164063,1.49337085365,-9.6534697545,-0.040253,-0.040975,-0.029954,0,0,0,0,0,0,1461766225598,1259
-2.9728164063,1.49337085365,-9.6534697545,-0.042792,-0.018618,-0.029707,0,0,0,0,0,0,1461766225607,1268
-3.00020610045,1.42782387345,-9.6539208558,-0.050083,-0.006908,-0.017190,0,0,0,0,0,0,1461766225617,1278
-3.0084337959,1.4083774848,-9.75028982265,-0.073062,-0.002368,-0.012125,0,0,0,0,0,0,1461766225627,1288
-2.9699725068,1.40732818395,-9.79787120325,-0.077924,0.004715,0.005302,0,0,0,0,0,0,1461766225636,1297
-2.9425926192,1.491576255,-9.8453054856,-0.081875,0.012009,0.053805,0,0,0,0,0,0,1461766225646,1307
-2.81031206625,1.54544363415,-9.80475540135,-0.070999,-0.003046,0.083378,0,0,0,0,0,0,1461766225655,1316
-2.77394937885,1.6109808078,-9.7466908188,-0.056517,-0.016895,0.112958,0,0,0,0,0,0,1461766225665,1326
-2.77394937885,1.6109808078,-9.7466908188,-0.039577,-0.021457,0.124007,0,0,0,0,0,0,1461766225675,1336
-2.69734061025,1.6000563111,-9.69731483955,-0.000617,-0.031754,0.132381,0,0,0,0,0,0,1461766225684,1345
-2.7152964033,1.5158180466,-9.6111250716,0.021337,-0.019846,0.131119,0,0,0,0,0,0,1461766225694,1355
-2.71424710245,1.4595480627,-9.5823918801,0.027699,-0.012837,0.111239,0,0,0,0,0,0,1461766225703,1364
-2.80762507155,1.3485183036,-9.583745184,0.036462,-0.011679,0.103689,0,0,0,0,0,0,1461766225713,1374
-2.82527686155,1.2826771269,-9.58418647875,0.030485,0.014166,0.103917,0,0,0,0,0,0,1461766225723,1384
-2.8146563679,1.2350957463,-9.5934732816,0.016082,0.037586,0.097945,0,0,0,0,0,0,1461766225732,1393
-2.8146563679,1.2350957463,-9.5934732816,0.008700,0.018839,0.118909,0,0,0,0,0,0,1461766225742,1403
-2.7778425792,1.309762818,-9.6025933731,-0.004590,0.007125,0.139912,0,0,0,0,0,0,1461766225752,1413
-2.70497010615,1.41285907815,-9.42812504205,0.008582,0.016814,0.173455,0,0,0,0,0,0,1461766225761,1422
-2.6011285482,1.4766114597,-9.4363527375,0.035226,-0.003982,0.207869,0,0,0,0,0,0,1461766225771,1432
-2.5819665495,1.49486144925,-9.47435311875,0.043726,-0.041343,0.240961,0,0,0,0,0,0,1461766225780,1441
-2.6002263456,1.45730236275,-9.51326550915,0.032913,-0.080053,0.261704,0,0,0,0,0,0,1461766225790,1451
-2.65783982685,1.4773567575,-9.53331009735,0.005223,-0.129531,0.271238,0,0,0,0,0,0,1461766225799,1460
-2.65783982685,1.4773567575,-9.53331009735,-0.010526,-0.173056,0.289499,0,0,0,0,0,0,1461766225809,1470
-2.71544350155,1.5161122431,-9.58224478185,-0.051484,-0.239115,0.295200,0,0,0,0,0,0,1461766225819,1480
-2.8134599688,1.62220930755,-9.5930221803,-0.098628,-0.279384,0.293756,0,0,0,0,0,0,1461766225828,1489
-2.9422984227,1.841866221,-9.61411606935,-0.142287,-0.309066,0.294913,0,0,0,0,0,0,1461766225838,1499
-3.0706857753,2.0244249558,-9.59630737455,-0.157983,-0.312731,0.285013,0,0,0,0,0,0,1461766225848,1509
-3.1218563532,2.185879995,-9.59675847585,-0.163943,-0.308147,0.268938,0,0,0,0,0,0,1461766225857,1518
-3.22869871545,2.24514097665,-9.540792495,-0.172491,-0.297599,0.267849,0,0,0,0,0,0,1461766225867,1528
-3.16660364085,2.03594765205,-9.56892748695,-0.155479,-0.288277,0.254204,0,0,0,0,0,0,1461766225876,1537
-3.1665938343,2.03594765205,-9.56892748695,-0.143345,-0.260045,0.240772,0,0,0,0,0,0,1461766225886,1547
-2.97117871245,1.82406733275,-9.53750730075,-0.149354,-0.251906,0.228462,0,0,0,0,0,0,1461766225896,1557
-2.87989934505,1.5581627295,-9.4979967108,-0.143103,-0.243783,0.203665,0,0,0,0,0,0,1461766225905,1566
-2.7721547802,1.46104846485,-9.5448327936,-0.152549,-0.239325,0.168969,0,0,0,0,0,0,1461766225915,1576
-2.5985788452,1.3910198913,-9.5517169917,-0.149693,-0.233281,0.151563,0,0,0,0,0,0,1461766225924,1585
-2.49548258505,1.5020496504,-9.56923149,-0.152044,-0.232174,0.141647,0,0,0,0,0,0,1461766225934,1595
-2.49548258505,1.5020496504,-9.56923149,-0.149526,-0.239263,0.135347,0,0,0,0,0,0,1461766225944,1605
-2.4399677055,1.60424370795,-9.62623696515,-0.136012,-0.260419,0.130088,0,0,0,0,0,0,1461766225953,1614
-2.5219700766,1.8517512234,-9.57894978105,-0.112835,-0.262714,0.121250,0,0,0,0,0,0,1461766225963,1624
-2.6757956199,1.8741886098,-9.54274399845,-0.083649,-0.264606,0.129792,0,0,0,0,0,0,1461766225973,1634
-2.8472729532,1.8496526217,-9.5452838949,-0.069181,-0.253897,0.137287,0,0,0,0,0,0,1461766225982,1643
-3.04972917795,1.92970348935,-9.55770879375,-0.081412,-0.259769,0.149712,0,0,0,0,0,0,1461766225992,1653
-3.04972917795,1.92970348935,-9.55770879375,-0.071997,-0.253645,0.182034,0,0,0,0,0,0,1461766226001,1662
-3.1755766341,1.9614276786,-9.43440123405,-0.071226,-0.214614,0.212259,0,0,0,0,0,0,1461766226011,1672
-3.2825660946,2.03953684935,-9.4071684447,-0.054622,-0.181438,0.243575,0,0,0,0,0,0,1461766226021,1682
-3.3608223636,2.11675362405,-9.3890655534,-0.046488,-0.165888,0.278487,0,0,0,0,0,0,1461766226030,1691
-3.3519964686,2.13560181315,-9.35989106715,-0.044423,-0.160932,0.318289,0,0,0,0,0,0,1461766226040,1701
-3.3519964686,2.13560181315,-9.3598812606,-0.029971,-0.149039,0.327039,0,0,0,0,0,0,1461766226049,1710
-3.54323400015,2.10269103135,-9.2569320987,-0.022587,-0.149272,0.317028,0,0,0,0,0,0,1461766226059,1720
-3.54323400015,2.10269103135,-9.2569320987,-0.005394,-0.157527,0.300702,0,0,0,0,0,0,1461766226069,1730
-3.57106498905,2.06542614135,-9.27653539215,-0.007562,-0.158892,0.270878,0,0,0,0,0,0,1461766226078,1739
-3.5429299971,2.0838330357,-9.2473609059,0.009784,-0.176638,0.242028,0,0,0,0,0,0,1461766226088,1749
-3.51495190995,2.1209410209,-9.25649080395,0.015017,-0.207378,0.215587,0,0,0,0,0,0,1461766226097,1758
-3.49759431645,2.19620629215,-9.23674041225,0.018960,-0.241767,0.196554,0,0,0,0,0,0,1461766226107,1768
-3.45105243015,2.24259127365,-9.1976809236,0.025362,-0.275989,0.177526,0,0,0,0,0,0,1461766226117,1778
-3.46333023075,2.34689373945,-9.1303491513,0.037816,-0.298431,0.154863,0,0,0,0,0,0,1461766226126,1787
-3.46333023075,2.34689373945,-9.1303491513,0.031894,-0.314993,0.146022,0,0,0,0,0,0,1461766226136,1797
-3.46333023075,2.32833974685,-9.07273567005,0.021137,-0.330423,0.133489,0,0,0,0,0,0,1461766226145,1806
-3.44461933335,2.3284868451,-9.0148279923,0.011411,-0.313069,0.107656,0,0,0,0,0,0,1461766226155,1816
-3.4720090275,2.2538197734,-8.9860948008,-0.012804,-0.296821,0.088068,0,0,0,0,0,0,1461766226165,1826
-3.56747579175,2.27416836465,-9.07422626565,-0.052805,-0.265402,0.058777,0,0,0,0,0,0,1461766226174,1835
-3.67401415095,2.32415235,-9.02754708765,-0.086825,-0.220982,0.033321,0,0,0,0,0,0,1461766226184,1845
-3.6834382455,2.32429944825,-9.0469934763,-0.108905,-0.187169,0.026336,0,0,0,0,0,0,1461766226194,1855
-3.57959668755,2.3693409324,-8.98759520295,-0.117506,-0.158984,0.021704,0,0,0,0,0,0,1461766226203,1864
-3.57959668755,2.3693409324,-8.98759520295,-0.114243,-0.110596,0.039590,0,0,0,0,0,0,1461766226213,1874
-3.4537492314,2.30050875795,-9.00524699295,-0.117185,-0.075111,0.069824,0,0,0,0,0,0,1461766226222,1883
-3.35618386545,2.25965467065,-9.12884874915,-0.118697,-0.067783,0.097271,0,0,0,0,0,0,1461766226232,1893
-3.32686228095,2.2397571807,-9.17658703455,-0.122506,-0.064024,0.114747,0,0,0,0,0,0,1461766226242,1903
-3.28840099185,2.24827907265,-9.23373960795,-0.117719,-0.055544,0.121049,0,0,0,0,0,0,1461766226251,1912
-3.2511459084,2.3132278533,-9.2909019879,-0.134752,-0.050714,0.119980,0,0,0,0,0,0,1461766226261,1922
-3.2417120073,2.3317818459,-9.3196351794,-0.141995,-0.048225,0.112625,0,0,0,0,0,0,1461766226270,1931
-3.2417120073,2.3317818459,-9.3196351794,-0.135908,-0.048204,0.111352,0,0,0,0,0,0,1461766226284,1945
-3.25368580485,2.4730353921,-9.40627604865,-0.137002,-0.051432,0.087825,0,0,0,0,0,0,1461766226294,1955
-3.25368580485,2.4730353921,-9.40627604865,-0.129679,-0.051419,0.084061,0,0,0,0,0,0,1461766226304,1965
-3.37773866235,2.47557528855,-9.44652212985,-0.124760,-0.033718,0.064374,0,0,0,0,0,0,1461766226314,1975
-3.4441780386,2.4673475931,-9.5053320102,-0.119857,-0.038311,0.061837,0,0,0,0,0,0,1461766226323,1984
-3.5216890098,2.5068483765,-9.4775010213,-0.097985,-0.036991,0.059271,0,0,0,0,0,0,1461766226333,1994
-3.5216890098,2.51642937585,-9.48692511585,-0.092051,-0.022783,0.068087,0,0,0,0,0,0,1461766226342,2003
-3.4746960222,2.5343851689,-9.44771852895,-0.061769,-0.028437,0.082786,0,0,0,0,0,0,1461766226352,2013
-3.4372938405,2.5622161578,-9.4088159451,-0.036310,-0.035313,0.093769,0,0,0,0,0,0,1461766226362,2023
-3.44762013765,2.59064534625,-9.3898108512,-0.024214,-0.035172,0.093744,0,0,0,0,0,0,1461766226371,2032
-3.43908843915,2.6285084358,-9.3510553656,-0.012009,-0.050404,0.096008,0,0,0,0,0,0,1461766226381,2042
-3.43908843915,2.6285084358,-9.3510553656,0.000230,-0.050405,0.086006,0,0,0,0,0,0,1461766226391,2052
-3.47813812125,2.65783982685,-9.32262617715,0.002917,-0.068169,0.065926,0,0,0,0,0,0,1461766226400,2061
-3.50596911015,2.6299990314,-9.3519575682,-0.025766,-0.043672,0.049959,0,0,0,0,0,0,1461766226410,2071
-3.5341041021,2.61129794055,-9.4004411514,-0.030581,-0.037859,0.040109,0,0,0,0,0,0,1461766226419,2080
-3.54278289885,2.5740428571,-9.37185505815,-0.045091,-0.036803,0.030256,0,0,0,0,0,0,1461766226429,2090
-3.58244058705,2.62222243725,-9.34357296795,-0.051105,-0.032189,0.019156,0,0,0,0,0,0,1461766226439,2100
-3.58273478355,2.6223695355,-9.31454557995,-0.049954,-0.016895,0.016828,0,0,0,0,0,0,1461766226448,2109
-3.5552077977,2.65978152375,-9.25649080395,-0.041665,-0.001462,0.031864,0,0,0,0,0,0,1461766226458,2119
-3.5552077977,2.65978152375,-9.25649080395,-0.021021,-0.000178,0.033016,0,0,0,0,0,0,1461766226467,2128
-3.4877191206,2.6487099288,-9.28432179285,-0.015123,0.014053,0.044325,0,0,0,0,0,0,1461766226477,2138
-3.4308607437,2.63867782815,-9.1969356258,-0.003021,0.025880,0.041910,0,0,0,0,0,0,1461766226487,2148
-3.3343446786,2.6171328378,-9.2723479953,0.002905,0.033071,0.054389,0,0,0,0,0,0,1461766226496,2157
-3.2966286873,2.6539466265,-9.29120599095,-0.005495,0.023591,0.045644,0,0,0,0,0,0,1461766226506,2167
-3.29483408865,2.5598233596,-9.271896894,-0.010439,0.024824,0.054386,0,0,0,0,0,0,1461766226515,2176
-3.3719037651,2.58032885565,-9.2537940027,-0.016483,0.028306,0.048245,0,0,0,0,0,0,1461766226525,2186
-3.3719037651,2.58032885565,-9.2537940027,-0.028512,0.024643,0.035842,0,0,0,0,0,0,1461766226535,2196
-3.3717468603,2.58944894715,-9.28267429245,-0.030971,0.036399,0.032255,0,0,0,0,0,0,1461766226544,2205
-3.44057903475,2.67594271815,-9.29314768785,-0.037169,0.041145,0.042282,0,0,0,0,0,0,1461766226554,2215
-3.41245384935,2.72232769965,-9.35045716605,-0.035945,0.034107,0.043451,0,0,0,0,0,0,1461766226564,2225
-3.38372065785,2.7217295001,-9.35000606475,-0.020261,0.033093,0.055795,0,0,0,0,0,0,1461766226573,2234
-3.38372065785,2.7217295001,-9.35000606475,-0.017813,0.027226,0.056964,0,0,0,0,0,0,1461766226583,2244
-3.3742965633,2.7121583073,-9.31125057915,0.001617,0.034373,0.053220,0,0,0,0,0,0,1461766226592,2253
-3.4033239513,2.73160469595,-9.31170168045,0.000462,0.034325,0.044534,0,0,0,0,0,0,1461766226602,2263
-3.44985603105,2.6855237175,-9.3510553656,0.011376,0.055514,0.034765,0,0,0,0,0,0,1461766226612,2273
-3.469165128,2.70451900485,-9.37065865905,0.015206,0.053054,0.013600,0,0,0,0,0,0,1461766226621,2282
-3.45958412865,2.69494781205,-9.3800827536,0.024951,0.060123,0.006173,0,0,0,0,0,0,1461766226631,2292
-3.45958412865,2.69494781205,-9.3800827536,0.014138,0.054119,-0.005018,0,0,0,0,0,0,1461766226640,2301
-3.41200274805,2.70332260575,-9.3600381654,0.018908,0.060071,0.001237,0,0,0,0,0,0,1461766226650,2311
-3.38177896095,2.6458660293,-9.38876155035,0.039543,0.049635,0.009725,0,0,0,0,0,0,1461766226660,2321
-3.4007742483,2.6183292369,-9.33115787565,0.044302,0.048560,0.022116,0,0,0,0,0,0,1461766226669,2330
-3.3609792684,2.5421715696,-9.3018264846,0.047883,0.049806,0.029566,0,0,0,0,0,0,1461766226679,2340
-3.3892613586,2.52376467525,-9.3022775859,0.055111,0.038158,0.044317,0,0,0,0,0,0,1461766226688,2349
-3.3983814501,2.5049066796,-9.3313049739,0.060011,0.029951,0.045446,0,0,0,0,0,0,1461766226698,2359
-3.399734754,2.55234096195,-9.29269658655,0.061287,0.033437,0.036778,0,0,0,0,0,0,1461766226708,2369
-3.399734754,2.55234096195,-9.29269658655,0.069921,0.020485,0.029144,0,0,0,0,0,0,1461766226717,2378
-3.3626267688,2.60815984455,-9.292098387,0.077327,0.018095,0.016659,0,0,0,0,0,0,1461766226727,2388
-3.36277386705,2.58990004845,-9.19588632495,0.082237,0.011039,0.014077,0,0,0,0,0,0,1461766226737,2398
-3.3629209653,2.599324143,-9.20561442255,0.090754,0.009894,0.012782,0,0,0,0,0,0,1461766226746,2407
-3.3903008529,2.515380075,-9.14814803955,0.081135,0.016810,-0.003251,0,0,0,0,0,0,1461766226756,2417
-3.44716903635,2.4882943839,-9.13977324585,0.077474,0.020312,-0.003200,0,0,0,0,0,0,1461766226765,2426
-3.48502231935,2.4701914926,-9.13049624955,0.062841,0.033168,-0.004238,0,0,0,0,0,0,1461766226775,2436
-3.48502231935,2.4701914926,-9.13049624955,0.050715,0.031918,-0.006676,0,0,0,0,0,0,1461766226785,2446
-3.4841299233,2.46959329305,-9.24601740855,0.037300,0.044785,-0.007721,0,0,0,0,0,0,1461766226794,2455
-3.42696754335,2.45911989765,-9.20681082165,0.033687,0.034179,-0.005332,0,0,0,0,0,0,1461766226804,2465
-3.36846166605,2.41991331075,-9.24436990815,0.032398,0.040095,0.000946,0,0,0,0,0,0,1461766226814,2475
-3.32191977975,2.466151194,-9.20516332125,0.028674,0.041309,0.009675,0,0,0,0,0,0,1461766226823,2484
-3.3222237828,2.51284017855,-9.3106523796,0.032319,0.041331,0.009659,0,0,0,0,0,0,1461766226833,2494
-3.2942358891,2.54067116745,-9.29120599095,0.021454,0.031846,0.005890,0,0,0,0,0,0,1461766226842,2503
-3.3310496778,2.4751339938,-9.31095638265,0.032429,0.040091,-0.002777,0,0,0,0,0,0,1461766226852,2513
-3.3310496778,2.4751339938,-9.31095638265,0.028744,0.045967,-0.001454,0,0,0,0,0,0,1461766226861,2522
-3.32191977975,2.5032591792,-9.3301085748,0.033710,0.035362,-0.007802,0,0,0,0,0,0,1461766226871,2532
-3.27269089875,2.4363785082,-9.30077718375,0.045847,0.035443,-0.005377,0,0,0,0,0,0,1461766226881,2542
-3.2834682972,2.48365588575,-9.29120599095,0.051974,0.024882,-0.005517,0,0,0,0,0,0,1461766226890,2551
-3.2830171959,2.47408469295,-9.3200862807,0.064178,0.016698,-0.006905,0,0,0,0,0,0,1461766226900,2561
-3.32117448195,2.46555299445,-9.3108092844,0.067897,0.006107,-0.009519,0,0,0,0,0,0,1461766226910,2571
-3.32117448195,2.46555299445,-9.3108092844,0.072753,0.004960,-0.008313,0,0,0,0,0,0,1461766226919,2580
-3.36830476125,2.4290432088,-9.29240239005,0.067855,0.015521,-0.009422,0,0,0,0,0,0,1461766226929,2590
-3.4444722351,2.4027028155,-9.2742896922,0.067887,0.014316,-0.011925,0,0,0,0,0,0,1461766226939,2600
-3.4339988397,2.34569734035,-9.2356911114,0.072835,0.002540,-0.014564,0,0,0,0,0,0,1461766226948,2609
-3.4057167495,2.38280532555,-9.27369149265,0.059458,0.009516,-0.016912,0,0,0,0,0,0,1461766226958,2619
-3.38611345605,2.3446480395,-9.23493600705,0.063113,0.002485,-0.013280,0,0,0,0,0,0,1461766226967,2628
-3.38611345605,2.3446480395,-9.23493600705,0.057146,0.012941,-0.031779,0,0,0,0,0,0,1461766226977,2638
-3.4066189521,2.40226152075,-9.196778721,0.059598,0.008232,-0.031843,0,0,0,0,0,0,1461766226986,2647
-3.397185051,2.4019575177,-9.1774794306,0.066987,0.014054,-0.046731,0,0,0,0,0,0,1461766226996,2657
-3.414248448,2.2987141593,-9.15862143495,0.062031,0.032861,-0.045272,0,0,0,0,0,0,1461766227006,2667
-3.365019567,2.2502305761,-9.19633742625,0.051170,0.028064,-0.050243,0,0,0,0,0,0,1461766227015,2676
-3.365019567,2.2502305761,-9.19633742625,0.032981,0.037336,-0.059995,0,0,0,0,0,0,1461766227025,2686
-3.3831224583,2.2125145848,-9.24482100945,0.024360,0.039724,-0.046266,0,0,0,0,0,0,1461766227035,2696
-3.30695498445,2.2203009855,-9.23389651275,0.011010,0.025577,-0.038897,0,0,0,0,0,0,1461766227044,2705
-3.2979819912,2.25755606895,-9.2530487049,0.010935,0.023291,-0.027741,0,0,0,0,0,0,1461766227054,2715
-3.29932548855,2.3237012487,-9.2627768025,0.002399,0.020926,-0.022753,0,0,0,0,0,0,1461766227063,2724
-3.3008258907,2.3898366219,-9.2528918001,0.013329,0.010420,-0.016703,0,0,0,0,0,0,1461766227073,2734
-3.31878168375,2.34285344085,-9.2820760929,0.018189,0.017485,-0.020382,0,0,0,0,0,0,1461766227083,2744
-3.31878168375,2.34285344085,-9.2820760929,0.024346,0.016285,-0.029123,0,0,0,0,0,0,1461766227092,2753
-3.336580572,2.28674036175,-9.2825271942,0.020686,0.013933,-0.025404,0,0,0,0,0,0,1461766227102,2763
-3.36426446265,2.25875246805,-9.3310107774,0.025646,0.017412,-0.037822,0,0,0,0,0,0,1461766227111,2772
-3.35498746635,2.24963237655,-9.2730932931,0.025681,0.020910,-0.042759,0,0,0,0,0,0,1461766227121,2782
-3.35514437115,2.2776104637,-9.3308538726,0.030685,0.010276,-0.052839,0,0,0,0,0,0,1461766227131,2792
-3.29932548855,2.33312534325,-9.29150018745,0.029409,0.013834,-0.047824,0,0,0,0,0,0,1461766227140,2801
-3.33733567635,2.3430005391,-9.34971186825,0.022094,0.016160,-0.046520,0,0,0,0,0,0,1461766227150,2811
-3.30950468745,2.3709884328,-9.3203804772,0.031898,-0.003798,-0.045534,0,0,0,0,0,0,1461766227160,2821
-3.30950468745,2.3709884328,-9.3203804772,0.039093,-0.001350,-0.035604,0,0,0,0,0,0,1461766227169,2830
-3.31952698155,2.36215273125,-9.23389651275,0.028110,0.002142,-0.033026,0,0,0,0,0,0,1461766227179,2840
-3.356782065,2.32504474605,-9.25394110095,0.031738,0.000991,-0.030572,0,0,0,0,0,0,1461766227188,2849
-3.40511854995,2.344942236,-9.2545393005,0.013489,0.012637,-0.035328,0,0,0,0,0,0,1461766227198,2859
-3.44357983905,2.3648495325,-9.2742896922,0.014705,0.004411,-0.031694,0,0,0,0,0,0,1461766227208,2869
-3.4239765456,2.3546703336,-9.31244697825,0.013457,0.010282,-0.031627,0,0,0,0,0,0,1461766227217,2878
-3.3662159661,2.315914848,-9.25409800575,0.021872,0.024459,-0.029036,0,0,0,0,0,0,1461766227227,2888
-3.3475050687,2.3248976478,-9.2344947123,0.023234,0.017316,-0.042785,0,0,0,0,0,0,1461766227236,2897
-3.3475050687,2.3248976478,-9.2344947123,0.015979,0.003176,-0.039169,0,0,0,0,0,0,1461766227246,2907
-3.3569389698,2.3251918443,-9.23464181055,0.028043,0.016193,-0.036608,0,0,0,0,0,0,1461766227256,2917
-3.2894502927,2.295713355,-9.22416841515,0.019616,0.010230,-0.042840,0,0,0,0,0,0,1461766227265,2926
-3.32670537615,2.27701226415,-9.30167938635,0.022050,0.003200,-0.039198,0,0,0,0,0,0,1461766227275,2936
-3.3273035757,2.2773162672,-9.23419070925,0.026878,0.000896,-0.034277,0,0,0,0,0,0,1461766227285,2946
-3.30815138355,2.27701226415,-9.23389651275,0.017076,0.014984,-0.032837,0,0,0,0,0,0,1461766227294,2955
-3.3274604805,2.27746336545,-9.2150385171,0.017169,-0.000339,-0.035483,0,0,0,0,0,0,1461766227304,2965
-3.3464655744,2.2686276639,-9.1960334232,0.021981,-0.003809,-0.028089,0,0,0,0,0,0,1461766227313,2974
-3.3464655744,2.2686276639,-9.1960334232,0.014753,-0.001541,-0.036726,0,0,0,0,0,0,1461766227323,2984
-3.3358352742,2.2307743809,-9.19588632495,0.010992,0.011424,-0.030361,0,0,0,0,0,0,1461766227333,2994
-3.3543892668,2.21191638525,-9.24436990815,-0.001180,0.000817,-0.021716,0,0,0,0,0,0,1461766227342,3003
-3.3912030555,2.17451420355,-9.33160897695,-0.021796,-0.004002,-0.022910,0,0,0,0,0,0,1461766227352,3013
-3.42861504375,2.14668321465,-9.3708057573,-0.027773,-0.006444,-0.031610,0,0,0,0,0,0,1461766227361,3022
-3.4977414147,2.252172273,-9.37156086165,-0.033933,-0.003402,-0.033360,0,0,0,0,0,0,1461766227371,3032
-3.4323513393,2.3168170506,-9.37065865905,-0.020547,-0.011568,-0.031028,0,0,0,0,0,0,1461766227380,3041
-3.3959886519,2.3917783188,-9.3025717824,-0.007147,-0.017400,-0.032397,0,0,0,0,0,0,1461766227390,3051
-3.3959886519,2.3917783188,-9.3025717824,0.024376,-0.017198,-0.023856,0,0,0,0,0,0,1461766227400,3061
-3.368157663,2.41961911425,-9.2828213907,0.044966,-0.008846,-0.021384,0,0,0,0,0,0,1461766227409,3070
-3.35753716935,2.3721848319,-9.28267429245,0.052224,-0.005272,-0.020138,0,0,0,0,0,0,1461766227419,3080
-3.34690686915,2.33402754585,-9.321125775,0.047373,0.000562,-0.025021,0,0,0,0,0,0,1461766227429,3090
-3.3835735596,2.26863747045,-9.3506042643,0.036501,-0.004229,-0.029987,0,0,0,0,0,0,1461766227438,3099
-3.3835735596,2.2500736713,-9.283272492,0.034109,0.012158,-0.043472,0,0,0,0,0,0,1461766227448,3109
-3.38491705695,2.2880838591,-9.23509291185,0.019531,0.016773,-0.047077,0,0,0,0,0,0,1461766227458,3119
-3.35618386545,2.28748565955,-9.23464181055,0.014608,0.015615,-0.039608,0,0,0,0,0,0,1461766227467,3128
-3.35618386545,2.28748565955,-9.23464181055,0.004845,0.008556,-0.030936,0,0,0,0,0,0,1461766227477,3138
-3.30905358615,2.32415235,-9.2436148038,0.003545,0.007433,-0.020999,0,0,0,0,0,0,1461766227486,3147
-3.2996294916,2.3518264341,-9.31050528135,-0.006230,0.001555,-0.012310,0,0,0,0,0,0,1461766227496,3157
-3.32880397785,2.3527286367,-9.2533429014,-0.000213,0.001621,-0.006125,0,0,0,0,0,0,1461766227505,3166
-3.3294021774,2.3717337306,-9.234043611,0.010744,-0.001866,-0.007456,0,0,0,0,0,0,1461766227515,3176
-3.3666670674,2.3534739345,-9.29240239005,0.019232,0.005222,-0.009907,0,0,0,0,0,0,1461766227525,3186
-3.4145426445,2.3639473299,-9.30287578545,-0.005104,0.014506,-0.012172,0,0,0,0,0,0,1461766227534,3195
-3.38536815825,2.35362103275,-9.35045716605,0.005889,0.008649,-0.016014,0,0,0,0,0,0,1461766227544,3205
-3.38536815825,2.35362103275,-9.35045716605,0.003439,0.003958,-0.011081,0,0,0,0,0,0,1461766227553,3214
-3.3463086696,2.30558855085,-9.33070677435,-0.005070,-0.000776,-0.008602,0,0,0,0,0,0,1461766227563,3224
-3.394046955,2.3066378517,-9.32188087935,-0.012342,-0.003175,-0.009832,0,0,0,0,0,0,1461766227573,3234
-3.42337834605,2.3358221445,-9.33190317345,0.002227,-0.003102,-0.008662,0,0,0,0,0,0,1461766227582,3243
-3.43459703925,2.3741265288,-9.2356911114,0.007042,-0.001885,-0.004945,0,0,0,0,0,0,1461766227592,3253
-3.42532004295,2.41138161225,-9.2932947861,0.028797,-0.002881,0.008606,0,0,0,0,0,0,1461766227602,3263
-3.38581925955,2.36334913035,-9.30242468415,0.027670,0.004087,-0.006224,0,0,0,0,0,0,1461766227611,3272
-3.38581925955,2.36334913035,-9.30242468415,0.024004,-0.000610,-0.001284,0,0,0,0,0,0,1461766227621,3282
-3.3653137635,2.278061565,-9.25409800575,0.013056,0.009903,-0.006089,0,0,0,0,0,0,1461766227630,3291
-3.40227465045,2.2316765835,-9.29314768785,0.008174,0.014586,-0.006016,0,0,0,0,0,0,1461766227640,3301
-3.4494147363,2.1948627948,-9.29389298565,-0.005120,0.008601,-0.010985,0,0,0,0,0,0,1461766227650,3311
-3.46721362455,2.12916871635,-9.28461598935,-0.013668,0.025014,-0.014502,0,0,0,0,0,0,1461766227659,3320
-3.42053444655,2.194117497,-9.31260388305,-0.013675,0.025018,-0.013261,0,0,0,0,0,0,1461766227669,3330
-3.3923994546,2.2312254822,-9.33145207215,-0.016089,0.010914,-0.007185,0,0,0,0,0,0,1461766227678,3339
-3.3638231679,2.24918127525,-9.37919035755,-0.019918,0.018064,0.010304,0,0,0,0,0,0,1461766227688,3349
-3.3638231679,2.24918127525,-9.37919035755,-0.001737,0.001757,0.024952,0,0,0,0,0,0,1461766227698,3359
-3.3560367672,2.32459364475,-9.3405819702,0.011746,-0.000606,0.012436,0,0,0,0,0,0,1461766227707,3368
-3.39509625585,2.3539250358,-9.3217337811,0.019145,-0.001823,-0.000038,0,0,0,0,0,0,1461766227717,3378
-3.42322144125,2.31696414885,-9.31260388305,0.026354,-0.002911,0.009855,0,0,0,0,0,0,1461766227726,3387
-3.47784392475,2.20473799065,-9.33264847125,0.030066,-0.000597,0.001160,0,0,0,0,0,0,1461766227736,3397
-3.4962508191,2.1766029987,-9.3619798623,0.007061,-0.004289,-0.006221,0,0,0,0,0,0,1461766227746,3407
-3.4962508191,2.185879995,-9.39086015205,0.002232,-0.005510,-0.008698,0,0,0,0,0,0,1461766227755,3416
-3.4962508191,2.185879995,-9.39086015205,-0.002571,-0.002053,-0.017335,0,0,0,0,0,0,1461766227765,3426
-3.54472459575,2.1968044917,-9.3241265793,-0.000137,-0.004398,-0.016133,0,0,0,0,0,0,1461766227775,3436
-3.52707280575,2.2623514719,-9.31409447865,0.003512,-0.000872,-0.018601,0,0,0,0,0,0,1461766227784,3445
-3.4808349225,2.2999105584,-9.2077032177,0.013019,0.007524,0.001319,0,0,0,0,0,0,1461766227794,3455
-3.4618298286,2.31816054795,-9.24601740855,0.013016,0.020424,-0.006000,0,0,0,0,0,0,1461766227804,3465
-3.4618298286,2.31816054795,-9.24601740855,0.019146,0.000469,-0.001270,0,0,0,0,0,0,1461766227813,3474
-3.4408830378,2.2512700704,-9.31289807955,0.011760,0.011055,0.003847,0,0,0,0,0,0,1461766227823,3484
-3.37324726245,2.20279629375,-9.254245104,0.002076,0.014502,-0.002282,0,0,0,0,0,0,1461766227832,3493
-3.3629209653,2.16478610595,-9.254245104,-0.000339,0.007442,0.000140,0,0,0,0,0,0,1461766227842,3503
-3.3822202557,2.1746613018,-9.2545393005,-0.012496,0.015601,-0.003442,0,0,0,0,0,0,1461766227851,3512
-3.3822202557,2.1839382981,-9.29285349135,-0.023392,0.012001,-0.005912,0,0,0,0,0,0,1461766227861,3522
-3.3633720666,2.22089918505,-9.34072906845,-0.016048,0.001442,-0.006059,0,0,0,0,0,0,1461766227871,3532
-3.3552914694,2.2683334674,-9.29240239005,-0.018579,0.008538,0.001483,0,0,0,0,0,0,1461766227880,3541
-3.3552914694,2.2683334674,-9.29240239005,-0.014994,0.001558,0.012575,0,0,0,0,0,0,1461766227890,3551
-3.3077100888,2.28599506395,-9.32052757545,-0.008930,-0.003096,0.016225,0,0,0,0,0,0,1461766227899,3560
-3.3172812816,2.29556625675,-9.34956477,-0.000453,0.000487,0.017464,0,0,0,0,0,0,1461766227909,3570
-3.29887438725,2.33267424195,-9.3588417663,0.015330,0.005269,0.016195,0,0,0,0,0,0,1461766227919,3580
-3.3455633718,2.2771593624,-9.35000606475,0.006865,0.005201,0.011268,0,0,0,0,0,0,1461766227928,3589
-3.27029810055,2.31366914805,-9.29120599095,0.012943,0.004058,0.011228,0,0,0,0,0,0,1461766227938,3599
-3.2875085958,2.23825677855,-9.32996147655,0.011820,0.005168,0.000063,0,0,0,0,0,0,1461766227948,3609
-3.2777804982,2.2286757792,-9.31050528135,0.019018,0.000579,0.013648,0,0,0,0,0,0,1461766227957,3618
-3.2777804982,2.2286757792,-9.31050528135,0.009306,0.000525,0.012453,0,0,0,0,0,0,1461766227967,3628
-3.3250676823,2.2105728879,-9.3401308689,-0.011425,0.015733,0.012716,0,0,0,0,0,0,1461766227976,3637
-3.4007742483,2.1839382981,-9.37020755775,-0.022243,0.005040,0.005201,0,0,0,0,0,0,1461766227986,3647
-3.41125745025,2.2219484859,-9.3414841728,-0.024895,0.018086,0.023988,0,0,0,0,0,0,1461766227996,3657
-3.3933016572,2.2873385613,-9.38936955645,-0.021209,0.005168,0.026319,0,0,0,0,0,0,1461766228005,3666
-3.3555856659,2.30558855085,-9.35973416235,-0.023618,-0.001900,0.027501,0,0,0,0,0,0,1461766228015,3676
-3.2901955905,2.34240233955,-9.2626198977,-0.011523,-0.006497,0.036092,0,0,0,0,0,0,1461766228025,3686
-3.2901955905,2.34240233955,-9.2626198977,0.019995,0.010135,0.036108,0,0,0,0,0,0,1461766228034,3695
-3.3011200872,2.39014062495,-9.21444031755,0.026073,0.012505,0.033621,0,0,0,0,0,0,1461766228044,3705
-3.28691039625,2.20997468835,-9.3203804772,0.022456,0.015994,0.028706,0,0,0,0,0,0,1461766228053,3714
-3.34376877315,2.18288899725,-9.33070677435,0.011621,0.028782,0.010254,0,0,0,0,0,0,1461766228063,3724
-3.35184937035,2.12632481685,-9.3503100678,-0.004111,0.027493,0.004105,0,0,0,0,0,0,1461766228073,3734
-3.3234201819,2.1257266173,-9.32097867675,-0.017382,0.013288,0.001535,0,0,0,0,0,0,1461766228082,3743
-3.29603048775,2.1727196049,-9.2723479953,-0.021159,0.016884,0.015258,0,0,0,0,0,0,1461766228092,3753
-3.29603048775,2.1727196049,-9.2723479953,-0.020086,0.011121,0.035072,0,0,0,0,0,0,1461766228101,3762
-3.29722688685,2.22943088355,-9.2627768025,-0.010420,0.002994,0.046121,0,0,0,0,0,0,1461766228111,3772
-3.2878027923,2.2571147742,-9.3203804772,-0.003180,-0.001627,0.054735,0,0,0,0,0,0,1461766228121,3782
-3.35543856765,2.30558855085,-9.36946225995,-0.005535,-0.008732,0.049703,0,0,0,0,0,0,1461766228130,3791
-3.36546086175,2.33402754585,-9.38891845515,-0.001830,-0.001717,0.038576,0,0,0,0,0,0,1461766228140,3801
-3.4812860238,2.3653006338,-9.3229301802,-0.006610,-0.006502,0.031095,0,0,0,0,0,0,1461766228149,3810
-3.5083717149,2.2716284682,-9.29464809,0.017767,-0.012313,0.025939,0,0,0,0,0,0,1461766228159,3820
-3.54443039925,2.1686793063,-9.28581238845,0.006859,-0.001833,0.017401,0,0,0,0,0,0,1461766228169,3830
-3.54443039925,2.1686793063,-9.28581238845,0.006855,0.009903,0.011311,0,0,0,0,0,0,1461766228178,3839
-3.5255724036,2.18692929585,-9.31409447865,-0.003983,0.014469,-0.002258,0,0,0,0,0,0,1461766228188,3849
-3.5160012108,2.19620629215,-9.323675478,-0.017412,0.016786,0.004042,0,0,0,0,0,0,1461766228197,3858
-3.5162954073,2.2336182804,-9.3911641551,-0.017276,0.000260,-0.002348,0,0,0,0,0,0,1461766228207,3868
-3.47858922255,2.2421499789,-9.361528761,-0.018507,0.008473,-0.004743,0,0,0,0,0,0,1461766228217,3878
-3.42322144125,2.3171112471,-9.30316998195,-0.018562,0.003811,0.003907,0,0,0,0,0,0,1461766228226,3887
-3.4413341391,2.25157407345,-9.25529440485,-0.001576,0.009772,0.003882,0,0,0,0,0,0,1461766228236,3897
-3.4413341391,2.25157407345,-9.25529440485,0.006848,0.018083,0.008897,0,0,0,0,0,0,1461766228245,3906
-3.46976332755,2.26130217105,-9.3037681815,-0.008872,0.023813,-0.003391,0,0,0,0,0,0,1461766228255,3916
-3.50732241405,2.24274817845,-9.3619798623,-0.005269,0.033240,-0.003313,0,0,0,0,0,0,1461766228265,3926
-3.4872680193,2.2328729826,-9.42916453635,-0.016071,0.019011,-0.010866,0,0,0,0,0,0,1461766228274,3935
-3.46856692845,2.2416988776,-9.42887033985,-0.015310,0.021607,-0.013023,0,0,0,0,0,0,1461766228284,3945
-3.431900238,2.29795905495,-9.3802396584,-0.006841,0.020497,-0.008108,0,0,0,0,0,0,1461766228294,3955
-3.37518895935,2.315914848,-9.33115787565,0.015050,0.017069,-0.008253,0,0,0,0,0,0,1461766228303,3964
-3.37518895935,2.315914848,-9.33115787565,0.027226,0.010071,-0.007145,0,0,0,0,0,0,1461766228313,3974
-3.37564006065,2.3253487491,-9.28312539375,0.038144,0.016000,-0.008380,0,0,0,0,0,0,1461766228322,3983
-3.3653137635,2.2873385613,-9.28296848895,0.039452,0.005380,-0.013468,0,0,0,0,0,0,1461766228332,3993
-3.3250676823,2.2105728879,-9.34971186825,0.049203,0.004235,-0.016014,0,0,0,0,0,0,1461766228342,4003
-3.3258129801,2.24843597745,-9.3401308689,0.027415,0.001726,-0.024628,0,0,0,0,0,0,1461766228351,4012
-3.3250676823,2.2012958916,-9.3111034809,0.015230,0.008732,-0.024494,0,0,0,0,0,0,1461766228361,4022
-3.3524475699,2.13605291445,-9.2925494883,0.016517,-0.005390,-0.024651,0,0,0,0,0,0,1461766228370,4031
-3.3524475699,2.13605291445,-9.2925494883,-0.000579,0.000452,-0.018291,0,0,0,0,0,0,1461766228380,4041
-3.362469864,2.13650401575,-9.23493600705,-0.005550,0.004024,-0.007048,0,0,0,0,0,0,1461766228390,4051
-3.4788932256,2.23347118215,-9.2748976983,-0.015295,0.011028,-0.008169,0,0,0,0,0,0,1461766228399,4060
-3.4998400164,2.3187587475,-9.2944911852,-0.011691,0.012238,-0.004448,0,0,0,0,0,0,1461766228409,4070
-3.49190651745,2.39418092355,-9.2654637972,-0.000809,0.018185,-0.001954,0,0,0,0,0,0,1461766228418,4079
-3.4637715255,2.4309849057,-9.31305498435,0.004138,0.007579,-0.007058,0,0,0,0,0,0,1461766228428,4089
-3.39658685145,2.38280532555,-9.20635972035,0.025794,0.003060,-0.005807,0,0,0,0,0,0,1461766228438,4099
-3.3585864702,2.40090821685,-9.2344947123,0.023333,0.012450,-0.008180,0,0,0,0,0,0,1461766228447,4108
-3.3585864702,2.40090821685,-9.2344947123,0.024597,0.011249,-0.013169,0,0,0,0,0,0,1461766228457,4118
-3.32805868005,2.3151695502,-9.24391880685,0.013722,0.004112,-0.016915,0,0,0,0,0,0,1461766228467,4128
-3.24964550625,2.2286757792,-9.2235702156,0.012583,-0.000638,-0.023171,0,0,0,0,0,0,1461766228476,4137
-3.2580301065,2.17212140535,-9.23344541145,-0.006908,0.000478,-0.018092,0,0,0,0,0,0,1461766228486,4147
-3.2571279039,2.1342583158,-9.24317350905,-0.017800,0.002746,-0.024227,0,0,0,0,0,0,1461766228495,4156
-3.324616581,2.17316089965,-9.292098387,-0.021584,0.007519,-0.010491,0,0,0,0,0,0,1461766228505,4166
-3.3543892668,2.2397571807,-9.3212826798,-0.036267,0.016904,-0.004107,0,0,0,0,0,0,1461766228515,4176
-3.2711904966,2.3515322376,-9.2623257012,-0.020384,0.009880,-0.010471,0,0,0,0,0,0,1461766228524,4185
-3.2711904966,2.3515322376,-9.2623257012,-0.009580,0.008851,0.005617,0,0,0,0,0,0,1461766228534,4195
-3.2818207968,2.3895424254,-9.23344541145,-0.003529,0.004201,0.010510,0,0,0,0,0,0,1461766228544,4205
-3.2623646016,2.37966722955,-9.25245050535,0.002495,0.005438,0.015465,0,0,0,0,0,0,1461766228553,4214
-3.2901955905,2.3334293463,-9.22416841515,0.003773,-0.001641,0.011659,0,0,0,0,0,0,1461766228563,4224
-3.32641117965,2.25800717025,-9.2823702894,-0.002241,0.005328,0.000579,0,0,0,0,0,0,1461766228572,4233
-3.3346388751,2.2017469929,-9.292098387,-0.010695,0.012292,-0.009246,0,0,0,0,0,0,1461766228582,4243
-3.33449177685,2.21087689095,-9.3402877737,-0.039860,0.012153,-0.009102,0,0,0,0,0,0,1461766228591,4252
-3.32521478055,2.20144298985,-9.29195128875,-0.030281,0.007548,-0.005342,0,0,0,0,0,0,1461766228601,4262
-3.32521478055,2.20144298985,-9.29195128875,-0.041216,0.013360,-0.008954,0,0,0,0,0,0,1461766228611,4272
-3.31758528465,2.2771593624,-9.2437717086,-0.037602,0.013399,-0.005244,0,0,0,0,0,0,1461766228621,4282
-3.27882979905,2.2571147742,-9.2528918001,-0.030345,0.002898,0.004550,0,0,0,0,0,0,1461766228630,4291
-3.2885480901,2.26698997005,-9.2627768025,-0.030555,0.006562,0.026955,0,0,0,0,0,0,1461766228640,4301
-3.3741396585,2.25920356935,-9.29269658655,-0.029373,0.011283,0.028240,0,0,0,0,0,0,1461766228649,4310
-3.4509053319,2.2797090654,-9.33235427475,-0.035326,0.009993,0.014588,0,0,0,0,0,0,1461766228659,4320
-3.431900238,2.29795905495,-9.3802396584,-0.041355,0.015797,0.005981,0,0,0,0,0,0,1461766228669,4330
-3.42127974435,2.2505247726,-9.3705115608,-0.048636,0.018100,0.003555,0,0,0,0,0,0,1461766228678,4339
-3.42127974435,2.2505247726,-9.3705115608,-0.049794,0.023922,-0.006318,0,0,0,0,0,0,1461766228688,4349
-3.42202504215,2.26967696475,-9.33190317345,-0.046124,0.019228,-0.006386,0,0,0,0,0,0,1461766228697,4358
-3.3733943607,2.24947547175,-9.3793374558,-0.036398,0.012232,-0.002782,0,0,0,0,0,0,1461766228707,4368
-3.36516666525,2.3151695502,-9.38891845515,-0.027897,0.015797,-0.004030,0,0,0,0,0,0,1461766228717,4378
-3.35618386545,2.3527286367,-9.40776664425,-0.010875,0.002965,0.001964,0,0,0,0,0,0,1461766228726,4387
-3.3084553866,2.34210814305,-9.3878691543,0.000112,-0.000536,-0.001855,0,0,0,0,0,0,1461766228736,4397
-3.2794279986,2.32265194785,-9.3684129591,0.003708,0.003038,0.001892,0,0,0,0,0,0,1461766228745,4406
-3.2794279986,2.32265194785,-9.3684129591,0.001119,0.000673,0.001950,0,0,0,0,0,0,1461766228755,4416
-3.31638888555,2.25755606895,-9.33998377065,-0.000057,-0.002879,-0.000566,0,0,0,0,0,0,1461766228764,4425
-3.3726490629,2.18379119985,-9.28312539375,-0.002502,0.002987,-0.001737,0,0,0,0,0,0,1461766228774,4435
-3.38372065785,2.24064957675,-9.25439220225,-0.009837,0.007673,0.000833,0,0,0,0,0,0,1461766228784,4445
-3.37324726245,2.22135028635,-9.3118487787,-0.009943,0.012440,0.010823,0,0,0,0,0,0,1461766228793,4454
-3.38326955655,2.2590564711,-9.3506042643,-0.025722,0.004137,0.013300,0,0,0,0,0,0,1461766228803,4464
-3.38326955655,2.2590564711,-9.3506042643,-0.026985,0.002991,0.019507,0,0,0,0,0,0,1461766228813,4474
-3.30830828835,2.2771593624,-9.2147443206,-0.009979,-0.006311,0.025536,0,0,0,0,0,0,1461766228822,4483
-3.30830828835,2.2771593624,-9.21473451405,-0.007664,0.006687,0.031873,0,0,0,0,0,0,1461766228832,4493
-3.25129300665,2.29482095895,-9.21398921625,-0.009927,-0.019253,0.026643,0,0,0,0,0,0,1461766228841,4502
-3.2782315995,2.2476808731,-9.3010811868,-0.019531,-0.036979,0.022778,0,0,0,0,0,0,1461766228851,4512
-3.2897444892,2.3144242524,-9.24346770555,-0.019502,-0.025265,0.012960,0,0,0,0,0,0,1461766228861,4522
-3.30860248485,2.28674036175,-9.19543522365,-0.026739,-0.012430,-0.000536,0,0,0,0,0,0,1461766228870,4531
-3.37564006065,2.2978119567,-9.1964845245,-0.032784,-0.007789,-0.006671,0,0,0,0,0,0,1461766228880,4541
-3.37564006065,2.2978119567,-9.1964845245,-0.034045,-0.019594,-0.008008,0,0,0,0,0,0,1461766228889,4550
-3.31758528465,2.2493283735,-9.15713083935,-0.035433,-0.012442,0.008226,0,0,0,0,0,0,1461766228899,4560
-3.2031134265,2.2469355753,-9.1266030492,-0.022234,-0.016954,0.030478,0,0,0,0,0,0,1461766228909,4570
-3.21163531845,2.20922939055,-9.1459023396,-0.027141,-0.020463,0.037921,0,0,0,0,0,0,1461766228918,4579
-3.18425543085,2.24678847705,-9.0878475636,-0.030791,-0.036902,0.047707,0,0,0,0,0,0,1461766228928,4589
-3.19323823065,2.24663157225,-9.1649074335,-0.028433,-0.041531,0.058830,0,0,0,0,0,0,1461766228938,4599
-3.26131530075,2.2768651659,-9.0890439627,-0.049068,-0.053380,0.062536,0,0,0,0,0,0,1461766228947,4608
-3.27149449965,2.31457135065,-9.12765235005,-0.063598,-0.053486,0.056396,0,0,0,0,0,0,1461766228957,4618
-3.27149449965,2.31457135065,-9.12765235005,-0.080508,-0.046599,0.040400,0,0,0,0,0,0,1461766228966,4627
-3.3096517857,2.28748565955,-9.06061477425,-0.089013,-0.051336,0.042878,0,0,0,0,0,0,1461766228976,4637
-3.33927737325,2.33551814145,-9.03233268405,-0.093903,-0.047822,0.044181,0,0,0,0,0,0,1461766228986,4647
-3.32282198235,2.45747239725,-9.07034287185,-0.103775,-0.021955,0.046988,0,0,0,0,0,0,1461766228995,4656
-3.4102081494,2.5441132665,-9.12929985045,-0.098929,-0.024274,0.049426,0,0,0,0,0,0,1461766229005,4666
-3.448963635,2.53617976755,-9.0336761814,-0.092793,-0.041893,0.051695,0,0,0,0,0,0,1461766229014,4675
-3.39299765415,2.5824176508,-8.9751703041,-0.067479,-0.028729,0.067861,0,0,0,0,0,0,1461766229024,4685
-3.36232276575,2.515380075,-9.03233268405,-0.050572,-0.040313,0.086293,0,0,0,0,0,0,1461766229034,4695
-3.36232276575,2.515380075,-9.03233268405,-0.055332,-0.056833,0.083659,0,0,0,0,0,0,1461766229043,4704
-3.3136920843,2.4670533966,-9.0220063869,-0.057831,-0.067360,0.097229,0,0,0,0,0,0,1461766229053,4714
-3.2934905913,2.4100381149,-8.99312609715,-0.071284,-0.086290,0.102087,0,0,0,0,0,0,1461766229062,4723
-3.29199018915,2.33477284365,-8.97412100325,-0.088179,-0.106400,0.099475,0,0,0,0,0,0,1461766229072,4733
-3.25443110265,2.31576774975,-8.8387023543,-0.108717,-0.135916,0.101754,0,0,0,0,0,0,1461766229082,4743
-3.1601607375,2.3612603352,-8.76957598335,-0.111012,-0.161833,0.100252,0,0,0,0,0,0,1461766229091,4752
-3.0198093939,2.46270909495,-8.64238502985,-0.121889,-0.212379,0.120901,0,0,0,0,0,0,1461766229101,4762
-3.0198093939,2.46270909495,-8.64238502985,-0.115683,-0.272281,0.138880,0,0,0,0,0,0,1461766229110,4771
-2.91131953125,2.58556555335,-8.1692287989,-0.104589,-0.353299,0.165312,0,0,0,0,0,0,1461766229120,4781
-2.6092091454,2.6934474099,-7.91440559715,-0.099612,-0.439012,0.199180,0,0,0,0,0,0,1461766229130,4791
-2.46794579265,2.7012338106,-7.6621124853,-0.101752,-0.556560,0.230264,0,0,0,0,0,0,1461766229139,4800
-2.32788864555,2.72846659995,-7.2750087306,-0.124625,-0.665944,0.265266,0,0,0,0,0,0,1461766229149,4810
-2.1782504991,2.81150846535,-7.05144881025,-0.142591,-0.762427,0.287954,0,0,0,0,0,0,1461766229159,4820
-2.13530761665,2.95366421415,-6.78135681015,-0.184789,-0.856731,0.300845,0,0,0,0,0,0,1461766229168,4829
-2.13530761665,2.95366421415,-6.78135681015,-0.245271,-0.951086,0.320041,0,0,0,0,0,0,1461766229178,4839
-2.237658579,3.19308132585,-6.57067288995,-0.309453,-1.000831,0.321085,0,0,0,0,0,0,1461766229187,4848
-2.3599070313,3.4984867125,-6.42777184335,-0.394422,-1.042375,0.332259,0,0,0,0,0,0,1461766229197,4858
-2.5013174823,3.80434320045,-6.30462118845,-0.449054,-1.087262,0.350700,0,0,0,0,0,0,1461766229207,4868
-2.5738859523,4.0518507159,-6.2377307109,-0.527350,-1.077893,0.405863,0,0,0,0,0,0,1461766229216,4877
-2.69943921195,4.5547698261,-6.2582264004,-0.604564,-1.064905,0.474725,0,0,0,0,0,0,1461766229226,4887
-3.1634557383,4.8289021248,-6.3418762719,-0.657574,-1.057600,0.558316,0,0,0,0,0,0,1461766229235,4896
-3.38656455735,5.00323316415,-6.4412362365,-0.733975,-1.005611,0.652433,0,0,0,0,0,0,1461766229245,4906
-3.38656455735,5.00323316415,-6.4412362365,-0.762843,-0.961701,0.735044,0,0,0,0,0,0,1461766229255,4916
-3.5255724036,5.2423462728,-6.44303083515,-0.801492,-0.938919,0.836120,0,0,0,0,0,0,1461766229264,4925
-3.57720388935,5.4415173033,-6.4722053214,-0.801345,-0.883216,0.915001,0,0,0,0,0,0,1461766229274,4935
-3.4860716202,5.64711162405,-6.4707147258,-0.782807,-0.836740,0.994915,0,0,0,0,0,0,1461766229283,4944
-3.36561776655,5.8331124579,-6.48792522105,-0.776399,-0.775085,1.063867,0,0,0,0,0,0,1461766229293,4954
-3.28271319285,6.05622127695,-6.74619052185,-0.782990,-0.752467,1.111353,0,0,0,0,0,0,1461766229303,4964
-3.3714526638,6.29250029265,-7.07449420275,-0.764615,-0.795895,1.118261,0,0,0,0,0,0,1461766229312,4973
-3.3714526638,6.29250029265,-7.07449420275,-0.750901,-0.860603,1.113787,0,0,0,0,0,0,1461766229322,4983
-3.4328024406,6.50108561115,-7.1518580757,-0.762829,-0.918310,1.119455,0,0,0,0,0,0,1461766229332,4993
-3.3778857606,6.59446358025,-7.0839182973,-0.769834,-1.006545,1.134718,0,0,0,0,0,0,1461766229341,5002
-3.2830171959,6.62109817005,-7.05354741195,-0.767290,-1.122776,1.185674,0,0,0,0,0,0,1461766229351,5012
-3.30530748405,6.74454302145,-6.9862058331,-0.774288,-1.289631,1.243602,0,0,0,0,0,0,1461766229360,5021
-3.5239249032,7.06207911045,-6.767892417,-0.732558,-1.486842,1.304695,0,0,0,0,0,0,1461766229370,5031
-3.85896568395,7.39261868475,-6.3680597604,-0.705348,-1.681892,1.352224,0,0,0,0,0,0,1461766229380,5041
-4.2604360344,7.7150874684,-6.0080416968,-0.647568,-1.878026,1.383427,0,0,0,0,0,0,1461766229389,5050
-4.2604360344,7.7150874684,-6.0080416968,-0.574039,-2.035330,1.398806,0,0,0,0,0,0,1461766229399,5060
-4.7187745683,7.973509674,-5.5140857733,-0.506551,-2.159831,1.392193,0,0,0,0,0,0,1461766229408,5069
-5.25237837345,8.19526518915,-5.1177050223,-0.474432,-2.243346,1.377489,0,0,0,0,0,0,1461766229418,5079
-5.6659696197,8.21546668215,-4.82516582925,-0.498525,-2.261209,1.362513,0,0,0,0,0,0,1461766229428,5089
-5.97990670485,8.02618065405,-4.49327295105,-0.527886,-2.218975,1.361860,0,0,0,0,0,0,1461766229437,5098
-6.15677764065,7.79439303825,-4.45765556145,-0.610867,-2.168680,1.373986,0,0,0,0,0,0,1461766229447,5108
-6.2365343118,7.4385623715,-4.2765972288,-0.699984,-2.114854,1.391150,0,0,0,0,0,0,1461766229456,5117
-6.2365343118,7.4385623715,-4.2765972288,-0.799184,-2.037360,1.437190,0,0,0,0,0,0,1461766229466,5127
-6.2543430066,7.41941017935,-4.38269429325,-0.917891,-1.984557,1.504193,0,0,0,0,0,0,1461766229476,5137
-6.0834540663,7.49078225025,-4.4474861691,-1.055943,-1.961249,1.575953,0,0,0,0,0,0,1461766229485,5146
-5.90165043585,7.54240392945,-4.608490107,-1.170626,-2.053013,1.678697,0,0,0,0,0,0,1461766229495,5156
-5.62616483325,7.60271421195,-4.5366669348,-1.250023,-2.159891,1.784832,0,0,0,0,0,0,1461766229505,5166
-5.4484015014,7.69458197235,-4.2839325282,-1.299409,-2.222956,1.909914,0,0,0,0,0,0,1461766229514,5175
-5.5000231806,7.83793412025,-4.1785905681,-1.312117,-2.284823,2.008731,0,0,0,0,0,0,1461766229524,5185
-5.6764430151,7.9844341707,-4.0077016278,-1.302832,-2.361920,2.102308,0,0,0,0,0,0,1461766229533,5194
-5.6764430151,7.9844341707,-4.0077016278,-1.284716,-2.433331,2.154897,0,0,0,0,0,0,1461766229543,5204
-5.9543214159,7.9815902712,-3.9156769626,-1.259269,-2.473053,2.185416,0,0,0,0,0,0,1461766229553,5214
-6.1823629296,7.8741497094,-3.79402670985,-1.237581,-2.491595,2.217418,0,0,0,0,0,0,1461766229562,5223
-6.4626341286,7.55976152295,-3.7602039189,-1.223057,-2.505564,2.232110,0,0,0,0,0,0,1461766229572,5233
-6.8804127717,7.5204078378,-4.0165275228,-1.209923,-2.512381,2.263035,0,0,0,0,0,0,1461766229581,5242
-6.73975742505,7.5843073176,-3.8603091813,-1.180086,-2.494262,2.316504,0,0,0,0,0,0,1461766229591,5252
-6.73975742505,7.5843073176,-3.8603091813,-1.105605,-2.471015,2.404592,0,0,0,0,0,0,1461766229601,5262
-6.3314028765,7.623808101,-3.59440457805,-1.035881,-2.511223,2.515647,0,0,0,0,0,0,1461766229610,5271
-5.7781957779,7.62201350235,-3.39389985675,-0.948006,-2.579453,2.651168,0,0,0,0,0,0,1461766229620,5281
-5.31612094845,7.43302167075,-3.25248940575,-0.886812,-2.690089,2.803774,0,0,0,0,0,0,1461766229629,5290
-4.9287131907,7.2443338422,-3.38177896095,-0.873996,-2.818719,2.939039,0,0,0,0,0,0,1461766229639,5300
-4.9287131907,7.2443338422,-3.38177896095,-0.907067,-2.906702,3.017805,0,0,0,0,0,0,1461766229649,5310
-6.11113795695,7.62799549785,-3.64902706155,-0.958973,-2.942394,2.996569,0,0,0,0,0,0,1461766229658,5319
-7.3323182088,8.3356263393,-3.49280872005,-1.014480,-2.870183,2.910628,0,0,0,0,0,0,1461766229668,5329
-8.19901129125,8.979661704,-3.20655552555,-1.052352,-2.646113,2.810036,0,0,0,0,0,0,1461766229678,5339
-8.5742981532,9.43336173975,-2.8845378432,-1.101782,-2.366521,2.751087,0,0,0,0,0,0,1461766229687,5348
-8.58986114805,9.69806013735,-2.85550064865,-1.111475,-2.092353,2.737854,0,0,0,0,0,0,1461766229697,5358
-8.58986114805,9.69806013735,-2.85550064865,-1.049798,-1.830522,2.770108,0,0,0,0,0,0,1461766229707,5368
-8.2214584842,9.79577260155,-2.4936879864,-0.941854,-1.608424,2.814138,0,0,0,0,0,0,1461766229716,5377
-7.5629094255,9.8752350762,-2.56087266045,-0.852639,-1.494860,2.834760,0,0,0,0,0,0,1461766229726,5387
-6.91498086045,9.9829698345,-2.599324143,-0.798470,-1.517377,2.765913,0,0,0,0,0,0,1461766229735,5396
-6.42357463995,10.4594112597,-3.21702892095,-0.711205,-1.706213,2.614395,0,0,0,0,0,0,1461766229745,5406
-6.04096228515,10.8761504085,-3.1532765394,-0.522010,-1.972737,2.382031,0,0,0,0,0,0,1461766229754,5415
-6.07716806775,11.1981680909,-3.0859447671,-0.285297,-2.160502,2.091855,0,0,0,0,0,0,1461766229764,5425
-6.07716806775,11.1981680909,-3.0859447671,-0.286871,-2.035213,1.781304,0,0,0,0,0,0,1461766229774,5435
-6.137919645,11.330291739,-1.65288419595,-0.374358,-1.543996,1.508564,0,0,0,0,0,0,1461766229783,5444
-6.3293042748,11.1582162061,-1.1074536915,-0.361056,-1.103870,1.273302,0,0,0,0,0,0,1461766229793,5454
-6.45185673015,10.8737576103,-1.8408267267,-0.291068,-1.026587,1.147023,0,0,0,0,0,0,1461766229802,5463
-6.325420881,10.5276452346,-2.45553070035,-0.234269,-1.165392,1.119191,0,0,0,0,0,0,1461766229812,5473
-6.0233006886,10.2662320313,-2.47049549565,-0.176084,-1.184959,1.147272,0,0,0,0,0,0,1461766229822,5483
-5.75574858495,10.1768943607,-2.13934791525,-0.138287,-1.011539,1.178719,0,0,0,0,0,0,1461766229831,5492
-5.6345494335,10.2137081495,-1.83932632455,-0.105299,-0.760736,1.161301,0,0,0,0,0,0,1461766229841,5502
-5.6345494335,10.2137081495,-1.83932632455,-0.066544,-0.569198,1.071166,0,0,0,0,0,0,1461766229851,5512
-5.5924989471,10.5234578377,-1.98267847245,-0.029244,-0.442875,0.903320,0,0,0,0,0,0,1461766229860,5521
-5.07670383675,10.5497884245,-1.9651737807,0.020606,-0.356661,0.711382,0,0,0,0,0,0,1461766229870,5531
-4.77878084775,10.4676389551,-1.93225319235,0.054954,-0.261338,0.479858,0,0,0,0,0,0,1461766229879,5540
-4.5173676444,10.3015454178,-1.9093548981,0.097739,-0.184702,0.266733,0,0,0,0,0,0,1461766229889,5550
-4.3226880138,10.1276654798,-1.8682066143,0.139235,-0.110367,0.063531,0,0,0,0,0,0,1461766229899,5560
-4.1874164631,10.0770931014,-1.9238685921,0.176780,-0.034667,-0.104847,0,0,0,0,0,0,1461766229908,5569
-4.1874164631,10.0770931014,-1.9238685921,0.230000,0.022419,-0.248648,0,0,0,0,0,0,1461766229918,5579
-4.03464022065,10.055244108,-1.82526373185,0.276833,0.082035,-0.357600,0,0,0,0,0,0,1461766229928,5589
-3.89248447185,10.0998344908,-1.76540455065,0.327104,0.120690,-0.430756,0,0,0,0,0,0,1461766229937,5598
-3.7307254296,10.1152503875,-1.69567998015,0.364948,0.165342,-0.475209,0,0,0,0,0,0,1461766229947,5608
-3.6039855774,9.9991310289,-1.70376057735,0.404012,0.206476,-0.518463,0,0,0,0,0,0,1461766229956,5617
-3.38850625425,9.7677945144,-1.7296400628,0.425933,0.254658,-0.550373,0,0,0,0,0,0,1461766229966,5627
-2.86358124585,9.35973416235,-1.70285837475,0.441698,0.281745,-0.561351,0,0,0,0,0,0,1461766229976,5637
-2.86358124585,9.35973416235,-1.70285837475,0.467272,0.301777,-0.578665,0,0,0,0,0,0,1461766229985,5646
-2.48649978525,9.13498764945,-1.6114319091,0.485455,0.313629,-0.579874,0,0,0,0,0,0,1461766229995,5656
-2.1206468244,9.01332759015,-1.6252003053,0.523105,0.307959,-0.573910,0,0,0,0,0,0,1461766230004,5665
-1.757922153,9.0151221888,-1.5427468329,0.541457,0.269240,-0.566953,0,0,0,0,0,0,1461766230014,5675
-1.4442890709,9.10250835585,-1.52853714195,0.564660,0.197698,-0.540483,0,0,0,0,0,0,1461766230024,5685
-1.17883556895,9.2098018194,-1.5436490355,0.574502,0.133127,-0.518844,0,0,0,0,0,0,1461766230033,5694
-1.17883556895,9.2098018194,-1.5436490355,0.567640,0.053008,-0.524619,0,0,0,0,0,0,1461766230043,5704
-1.03713092145,9.2916472857,-1.54140333555,0.543623,-0.022401,-0.516590,0,0,0,0,0,0,1461766230053,5714
-1.07992670565,9.4908183162,-1.53212633925,0.513728,-0.101496,-0.529694,0,0,0,0,0,0,1461766230062,5723
-1.1559372747,9.43649983575,-1.42752967695,0.476444,-0.173519,-0.535231,0,0,0,0,0,0,1461766230072,5733
-1.13723618385,9.4177987449,-1.29270922755,0.443623,-0.203005,-0.517980,0,0,0,0,0,0,1461766230081,5742
-1.0332377211,9.41629834275,-1.12750808625,0.404334,-0.208784,-0.468143,0,0,0,0,0,0,1461766230091,5752
-1.0332377211,9.41629834275,-1.12750808625,0.372171,-0.197987,-0.408227,0,0,0,0,0,0,1461766230101,5762
-0.98790204045,9.5008406103,-1.0498500168,0.338922,-0.204885,-0.353462,0,0,0,0,0,0,1461766230110,5771
-1.0679529081,9.64449676125,-0.9735354447,0.293748,-0.190877,-0.336936,0,0,0,0,0,0,1461766230120,5781
-1.27968612915,9.6874396437,-0.90948886665,0.247537,-0.180517,-0.339080,0,0,0,0,0,0,1461766230129,5790
-1.65408059505,9.71541773085,-0.78019931145,0.181673,-0.098531,-0.356529,0,0,0,0,0,0,1461766230139,5800
-1.81792843245,9.75717402075,-0.7344125295,0.124138,0.011779,-0.368752,0,0,0,0,0,0,1461766230148,5809
-1.81792843245,9.75717402075,-0.7344125295,0.072594,0.137430,-0.379602,0,0,0,0,0,0,1461766230158,5819
-1.8451612218,9.70106094165,-0.7444348236,0.005028,0.293666,-0.381354,0,0,0,0,0,0,1461766230168,5829
-1.78725354405,9.68070254385,-0.7534176234,-0.050361,0.425303,-0.372242,0,0,0,0,0,0,1461766230177,5838
-1.56593932365,9.65616655575,-0.88479597375,-0.071585,0.526501,-0.362378,0,0,0,0,0,0,1461766230187,5848
-1.42139077665,9.6429963591,-1.01738052975,-0.117901,0.547493,-0.358198,0,0,0,0,0,0,1461766230197,5858
-1.4200472793,9.64194705825,-1.20023346105,-0.148343,0.550909,-0.353039,0,0,0,0,0,0,1461766230206,5867
-1.4769056562,9.65212625715,-1.28776672635,-0.166751,0.556811,-0.335490,0,0,0,0,0,0,1461766230216,5877
-1.58374801845,9.74864232225,-1.3372996104,-0.169517,0.571110,-0.304263,0,0,0,0,0,0,1461766230226,5887
-1.58374801845,9.74864232225,-1.3372996104,-0.168504,0.586508,-0.289197,0,0,0,0,0,0,1461766230235,5896
-1.72755126765,9.75193732305,-1.3105081158,-0.160380,0.617319,-0.261580,0,0,0,0,0,0,1461766230245,5906
-1.80147304155,9.658863357,-1.35974680335,-0.140995,0.620973,-0.256669,0,0,0,0,0,0,1461766230254,5915
-1.8378259224,9.5930221803,-1.4567041632,-0.118009,0.629368,-0.249241,0,0,0,0,0,0,1461766230264,5925
-1.92327039255,9.5852357796,-1.5158180466,-0.111664,0.589319,-0.258390,0,0,0,0,0,0,1461766230273,5934
-1.9602312795,9.52942670355,-1.5258403407,-0.101764,0.565775,-0.266141,0,0,0,0,0,0,1461766230283,5944
-2.01813895725,9.56818218915,-1.56519402585,-0.089275,0.533922,-0.287660,0,0,0,0,0,0,1461766230293,5954
-2.026817754,9.53062310265,-1.57492212345,-0.069618,0.501015,-0.294316,0,0,0,0,0,0,1461766230302,5963
-2.026817754,9.53062310265,-1.57492212345,-0.069447,0.465697,-0.294687,0,0,0,0,0,0,1461766230312,5973
-1.9868658693,9.4261735386,-1.5170144457,-0.058408,0.429305,-0.286426,0,0,0,0,0,0,1461766230321,5982
-1.94586468375,9.33041257785,-1.60304730885,-0.055891,0.389362,-0.274432,0,0,0,0,0,0,1461766230331,5992
-1.94392298685,9.245419209,-1.6223564058,-0.060420,0.331617,-0.281227,0,0,0,0,0,0,1461766230341,6002
-1.96412447985,9.30213048765,-1.64195969925,-0.061487,0.281054,-0.270568,0,0,0,0,0,0,1461766230350,6011
-1.9944953652,9.3971461506,-1.68055828005,-0.077161,0.235131,-0.259788,0,0,0,0,0,0,1461766230360,6021
-2.1124093224,9.53211369825,-1.65317839245,-0.090433,0.199801,-0.251394,0,0,0,0,0,0,1461766230370,6031
-2.1124093224,9.53211369825,-1.65317839245,-0.106308,0.182176,-0.232861,0,0,0,0,0,0,1461766230379,6040
-2.24155177935,9.7333735239,-1.5876412188,-0.097926,0.172916,-0.213119,0,0,0,0,0,0,1461766230389,6050
-2.26159636755,9.7625578167,-1.53975583515,-0.103063,0.188176,-0.196757,0,0,0,0,0,0,1461766230398,6059
-2.25247627605,9.7814060058,-1.51072844715,-0.099528,0.200003,-0.190438,0,0,0,0,0,0,1461766230408,6069
-2.1634426086,9.65661765705,-1.5577116282,-0.094764,0.202440,-0.180497,0,0,0,0,0,0,1461766230418,6079
-2.1318655176,9.55127569695,-1.66320068655,-0.106986,0.203612,-0.172957,0,0,0,0,0,0,1461766230427,6088
-2.1002884266,9.4368038388,-1.72066706955,-0.104535,0.208303,-0.177891,0,0,0,0,0,0,1461766230437,6098
-2.1002884266,9.4368038388,-1.72066706955,-0.105940,0.218988,-0.161619,0,0,0,0,0,0,1461766230447,6108
-2.06946643995,9.3604892667,-1.78754774055,-0.107274,0.221409,-0.149162,0,0,0,0,0,0,1461766230456,6117
-2.03190735345,9.38801625255,-1.77723124995,-0.112217,0.219111,-0.137964,0,0,0,0,0,0,1461766230466,6127
-1.9837277733,9.3866727552,-1.83454072815,-0.112441,0.208720,-0.105751,0,0,0,0,0,0,1461766230475,6136
-2.0037723615,9.4339599393,-1.84426882575,-0.107849,0.205422,-0.072247,0,0,0,0,0,0,1461766230485,6146
-1.9937500674,9.4245260382,-1.8632641131,-0.088394,0.184402,-0.061369,0,0,0,0,0,0,1461766230494,6155
-1.94437408815,9.34761326655,-1.87239401115,-0.092178,0.173933,-0.039082,0,0,0,0,0,0,1461766230504,6165
-1.94437408815,9.34761326655,-1.87239401115,-0.080091,0.161129,-0.024366,0,0,0,0,0,0,1461766230514,6175
-1.9623298812,9.30077718375,-1.89214440285,-0.065571,0.137789,-0.003550,0,0,0,0,0,0,1461766230523,6184
-1.9623298812,9.32860817265,-1.95933888345,-0.067996,0.117842,0.007447,0,0,0,0,0,0,1461766230533,6194
-2.03998795065,9.38727095475,-1.9699593771,-0.050970,0.096809,0.018332,0,0,0,0,0,0,1461766230543,6204
-2.0522559447,9.491563614,-1.92177979695,-0.025395,0.058184,0.033959,0,0,0,0,0,0,1461766230552,6213
-2.14009321305,9.5783515815,-1.9038240039,-0.018071,0.039434,0.041186,0,0,0,0,0,0,1461766230562,6223
-2.16074580735,9.61695996885,-1.83693352635,0.003819,0.017242,0.052030,0,0,0,0,0,0,1461766230571,6232
-2.2167117882,9.552168093,-1.82795072655,0.019668,-0.014391,0.064047,0,0,0,0,0,0,1461766230581,6242
-2.2167117882,9.552168093,-1.82795072655,0.016215,-0.032141,0.051453,0,0,0,0,0,0,1461766230591,6252
-2.2823960601,9.4876802202,-1.80011973765,0.015101,-0.052157,0.051249,0,0,0,0,0,0,1461766230600,6261
-2.32998724725,9.45146463105,-1.7336803614,0.022495,-0.059228,0.043681,0,0,0,0,0,0,1461766230610,6271
-2.44580260275,9.4734607227,-1.63911579975,0.038264,-0.052089,0.043673,0,0,0,0,0,0,1461766230619,6280
-2.5032591792,9.44667903465,-1.57252932525,0.030933,-0.054443,0.049892,0,0,0,0,0,0,1461766230629,6290
-2.59035114975,9.44952293415,-1.42947137385,0.029716,-0.047407,0.046244,0,0,0,0,0,0,1461766230639,6300
-2.6862690153,9.45191573235,-1.3827823893,0.001545,-0.030964,0.062710,0,0,0,0,0,0,1461766230648,6309
-2.7331050981,9.4149548454,-1.43156997555,-0.014439,0.000769,0.066851,0,0,0,0,0,0,1461766230658,6319
-2.7331050981,9.4149548454,-1.43156997555,-0.052155,0.033472,0.053715,0,0,0,0,0,0,1461766230667,6328
-2.7693108807,9.3494078652,-1.48034775525,-0.088815,0.081544,0.050675,0,0,0,0,0,0,1461766230677,6338
-2.76767318685,9.30167938635,-1.5767167221,-0.121685,0.110761,0.041206,0,0,0,0,0,0,1461766230687,6348
-2.69973340845,9.2623257012,-1.604547711,-0.125530,0.136695,0.050195,0,0,0,0,0,0,1461766230696,6357
-2.55728346315,9.3155948808,-1.63132939905,-0.114472,0.124930,0.042561,0,0,0,0,0,0,1461766230706,6367
-2.52900137295,9.33384487035,-1.6210031019,-0.092439,0.099112,0.038452,0,0,0,0,0,0,1461766230716,6377
-2.50999627905,9.3522517647,-1.6400081958,-0.069121,0.052132,0.037843,0,0,0,0,0,0,1461766230725,6386
-2.5328945733,9.5319666,-1.65931729275,-0.034941,0.007602,0.044660,0,0,0,0,0,0,1461766230735,6396
-2.5328945733,9.5319666,-1.65931729275,-0.001985,-0.024020,0.045406,0,0,0,0,0,0,1461766230744,6405
-2.62192824075,9.66618884985,-1.65107979075,0.029782,-0.054493,0.042442,0,0,0,0,0,0,1461766230754,6415
-2.691505713,9.7532808204,-1.5363137361,0.049478,-0.090947,0.033264,0,0,0,0,0,0,1461766230764,6425
-2.70138090885,9.7442980206,-1.47885715965,0.053298,-0.100436,0.018235,0,0,0,0,0,0,1461766230773,6434
-2.6983899111,9.6027502779,-1.4790042579,0.048608,-0.106445,0.002031,0,0,0,0,0,0,1461766230783,6444
-2.77155658065,9.44412933165,-1.46104846485,0.023234,-0.097280,-0.020111,0,0,0,0,0,0,1461766230792,6453
-2.81450926965,9.23703460875,-1.50040215,0.004978,-0.072706,-0.029718,0,0,0,0,0,0,1461766230802,6463
-2.83261216095,9.18092152965,-1.50054924825,-0.027833,-0.034140,-0.050288,0,0,0,0,0,0,1461766230812,6473
-2.83261216095,9.18092152965,-1.50054924825,-0.052284,0.006912,-0.055948,0,0,0,0,0,0,1461766230821,6482
-2.8149505644,9.26531669895,-1.5197014404,-0.074310,0.032727,-0.051853,0,0,0,0,0,0,1461766230831,6492
-2.7504626916,9.3769446576,-1.5569663304,-0.074376,0.060936,-0.059023,0,0,0,0,0,0,1461766230840,6501
-2.6487099288,9.5259846045,-1.5072863481,-0.057292,0.051583,-0.061698,0,0,0,0,0,0,1461766230850,6511
-2.52690277125,9.61815636795,-1.41870378195,-0.048826,0.039914,-0.050685,0,0,0,0,0,0,1461766230860,6521
-2.50521068265,9.5134126074,-1.4761603584,-0.017240,0.029512,-0.043501,0,0,0,0,0,0,1461766230869,6530
-2.50521068265,9.5134126074,-1.4761603584,-0.009880,0.013072,-0.042467,0,0,0,0,0,0,1461766230879,6540
-2.5227153744,9.43844153265,-1.4766114597,-0.014770,0.008376,-0.036283,0,0,0,0,0,0,1461766230889,6550
-2.521067874,9.3907130538,-1.56325232895,-0.024658,0.016658,-0.021241,0,0,0,0,0,0,1461766230898,6559
-2.51044738035,9.3524086695,-1.5919757139,-0.042785,0.024717,-0.037221,0,0,0,0,0,0,1461766230908,6569
-2.5384254675,9.3341488734,-1.6404592971,-0.061001,0.029319,-0.040813,0,0,0,0,0,0,1461766230918,6579
-2.5005721845,9.3334035756,-1.601409615,-0.074375,0.042169,-0.046827,0,0,0,0,0,0,1461766230927,6588
-2.47078969215,9.2949422865,-1.6012527102,-0.081730,0.031620,-0.033235,0,0,0,0,0,0,1461766230937,6598
-2.40449741415,9.3310107774,-1.6482456978,-0.082948,0.032794,-0.033218,0,0,0,0,0,0,1461766230946,6607
-2.40449741415,9.3310107774,-1.6482456978,-0.083016,0.029320,-0.023314,0,0,0,0,0,0,1461766230956,6617
-2.42246301375,9.2561868009,-1.6005074124,-0.059932,0.024745,-0.019751,0,0,0,0,0,0,1461766230966,6627
-2.3546703336,9.25409800575,-1.71497927055,-0.044219,0.021365,-0.007441,0,0,0,0,0,0,1461766230975,6636
-2.3349199419,9.2344947123,-1.73398436445,-0.030836,0.006171,-0.000212,0,0,0,0,0,0,1461766230985,6646
-2.33642034405,9.31005418005,-1.743408459,-0.018722,-0.011339,0.014455,0,0,0,0,0,0,1461766230994,6655
-2.3567689353,9.3576453672,-1.7341314627,0.002095,-0.038329,0.011583,0,0,0,0,0,0,1461766231004,6665
-2.34030373785,9.48931791405,-1.75283255355,0.016733,-0.068800,0.022374,0,0,0,0,0,0,1461766231013,6674
-2.34030373785,9.48931791405,-1.75283255355,0.020357,-0.088716,0.035815,0,0,0,0,0,0,1461766231023,6684
-2.3781668274,9.4529650332,-1.68624607905,0.026510,-0.099295,0.033188,0,0,0,0,0,0,1461766231033,6694
-2.4252971067,9.4068742482,-1.65796398885,0.026528,-0.118079,0.041689,0,0,0,0,0,0,1461766231042,6703
-2.49173648295,9.38038675665,-1.61112790605,0.018037,-0.109915,0.035602,0,0,0,0,0,0,1461766231052,6713
-2.5792795548,9.43889263395,-1.61232430515,0.016816,-0.099354,0.030745,0,0,0,0,0,0,1461766231062,6723
-2.63883473295,9.53495759775,-1.5648900228,0.008172,-0.081700,0.037182,0,0,0,0,0,0,1461766231071,6732
-2.6584380264,9.563543691,-1.584346218,-0.013818,-0.048870,0.032663,0,0,0,0,0,0,1461766231081,6742
-2.6584380264,9.563543691,-1.584346218,-0.021208,-0.024197,0.030474,0,0,0,0,0,0,1461766231090,6751
-2.64032532855,9.6011027775,-1.5648900228,-0.017665,-0.013548,0.036776,0,0,0,0,0,0,1461766231100,6761
-2.68835781045,9.60215207835,-1.54618893195,-0.012767,-0.005336,0.028136,0,0,0,0,0,0,1461766231110,6771
-2.67908081415,9.6022991766,-1.5075805446,-0.018909,0.001719,0.031965,0,0,0,0,0,0,1461766231119,6780
-2.66860741875,9.58269588315,-1.56519402585,-0.015240,0.016974,0.020920,0,0,0,0,0,0,1461766231129,6790
-2.6680092192,9.54513679665,-1.53616663785,-0.013976,0.020467,0.013491,0,0,0,0,0,0,1461766231138,6799
-2.60127564645,9.5714673834,-1.593172113,-0.017592,0.014563,0.013445,0,0,0,0,0,0,1461766231148,6809
-2.61937853775,9.53421229995,-1.60304730885,-0.023500,0.015595,-0.006398,0,0,0,0,0,0,1461766231158,6819
-2.6011285482,9.5436363945,-1.5258403407,-0.016186,0.013267,-0.007704,0,0,0,0,0,0,1461766231167,6828
-2.6011285482,9.5436363945,-1.5258403407,-0.010125,0.012133,-0.005261,0,0,0,0,0,0,1461766231177,6838
-2.54186756655,9.48527761545,-1.60200781455,-0.012482,0.001512,-0.007848,0,0,0,0,0,0,1461766231186,6847
-2.54112226875,9.44742433245,-1.6117261056,0.000845,0.003953,-0.004164,0,0,0,0,0,0,1461766231196,6857
-2.54920286595,9.3721590612,-1.59257391345,0.004363,0.008753,0.008292,0,0,0,0,0,0,1461766231206,6867
-2.54755536555,9.2873127906,-1.5734217213,0.003206,-0.000678,0.006954,0,0,0,0,0,0,1461766231215,6876
-2.53857256575,9.31544778255,-1.57327462305,0.009176,0.004119,0.016912,0,0,0,0,0,0,1461766231225,6886
-2.55802876095,9.3348941712,-1.58300272065,-0.002982,0.007585,0.015764,0,0,0,0,0,0,1461766231235,6896
-2.55802876095,9.3348941712,-1.58300272065,0.016507,0.005301,0.011915,0,0,0,0,0,0,1461766231244,6905
-2.5698456537,9.43889263395,-1.5831498189,0.015224,0.001822,0.021823,0,0,0,0,0,0,1461766231254,6915
-2.5610197587,9.45789772785,-1.5156611418,0.004433,-0.004197,0.008144,0,0,0,0,0,0,1461766231263,6924
-2.5623730626,9.5238860028,-1.5443943333,0.017870,-0.020608,0.009146,0,0,0,0,0,0,1461766231273,6934
-2.63838363165,9.50683241235,-1.5358626348,0.009385,-0.018317,0.005482,0,0,0,0,0,0,1461766231283,6944
-2.62955773665,9.52538640495,-1.5165633444,-0.000290,-0.014876,-0.001891,0,0,0,0,0,0,1461766231292,6953
-2.6487099288,9.5165507034,-1.468825059,0.007021,-0.010163,-0.006851,0,0,0,0,0,0,1461766231302,6963
-2.60037344385,9.49665321345,-1.47766076055,0.003306,0.003946,-0.006687,0,0,0,0,0,0,1461766231311,6972
-2.62820443275,9.4499642289,-1.4782589601,0.003275,0.019220,-0.011499,0,0,0,0,0,0,1461766231321,6982
-2.62820443275,9.4499642289,-1.4782589601,-0.013750,0.021493,-0.011390,0,0,0,0,0,0,1461766231331,6992
-2.6074047402,9.38352485265,-1.4971071492,-0.018701,0.035611,-0.008735,0,0,0,0,0,0,1461766231340,7001
-2.60680654065,9.3643726605,-1.5355684383,-0.019911,0.041469,-0.012398,0,0,0,0,0,0,1461766231350,7011
-2.53139417115,9.40986524595,-1.51521984705,-0.017495,0.035623,-0.007503,0,0,0,0,0,0,1461766231359,7020
-2.51284017855,9.4471203294,-1.53406803615,-0.016301,0.037991,-0.006242,0,0,0,0,0,0,1461766231369,7030
-2.4746828925,9.4463750316,-1.5241928403,-0.007755,0.029791,-0.006371,0,0,0,0,0,0,1461766231379,7040
-2.49263868555,9.3902619525,-1.52449684335,0.014180,0.011081,-0.002950,0,0,0,0,0,0,1461766231388,7049
-2.49263868555,9.3902619525,-1.52449684335,0.000841,0.002611,-0.007906,0,0,0,0,0,0,1461766231398,7059
-2.4628561932,9.3329524743,-1.51431764445,0.005715,-0.002067,-0.006737,0,0,0,0,0,0,1461766231408,7069
-2.4520886013,9.28551819195,-1.5334698366,0.010582,-0.003221,-0.006774,0,0,0,0,0,0,1461766231417,7078
-2.5191261771,9.28700878755,-1.5249381381,-0.008883,-0.003300,-0.004193,0,0,0,0,0,0,1461766231427,7088
-2.500866381,9.3336977721,-1.5629483259,-0.016201,-0.004489,-0.000442,0,0,0,0,0,0,1461766231436,7097
-2.52092077575,9.3720021564,-1.52479103985,-0.029711,0.004931,0.010906,0,0,0,0,0,0,1461766231446,7107
-2.5218131718,9.41914224225,-1.55352423135,-0.037103,0.023739,0.012382,0,0,0,0,0,0,1461766231456,7117
-2.558332764,9.3441711675,-1.5734217213,-0.043197,0.031937,0.010012,0,0,0,0,0,0,1461766231465,7126
-2.558332764,9.3441711675,-1.5734217213,-0.043302,0.042569,0.016336,0,0,0,0,0,0,1461766231475,7136
-2.62626273585,9.3926547507,-1.59377031255,-0.035989,0.049631,0.010158,0,0,0,0,0,0,1461766231485,7146
-2.5792795548,9.43889263395,-1.6026060141,-0.027524,0.069648,0.004111,0,0,0,0,0,0,1461766231494,7155
-2.52450997305,9.54184179585,-1.55336732655,-0.023739,0.054317,-0.003524,0,0,0,0,0,0,1461766231504,7165
-2.52525527085,9.598258878,-1.60155671325,-0.010350,0.041461,0.001244,0,0,0,0,0,0,1461766231513,7174
-2.5248139761,9.5885307804,-1.6207089054,-0.004222,0.030894,0.001103,0,0,0,0,0,0,1461766231523,7184
-2.5533902628,9.5704278891,-1.6117261056,0.011712,0.009758,-0.002927,0,0,0,0,0,0,1461766231532,7193
-2.5804759539,9.5141579052,-1.6409103984,0.006853,0.009735,-0.002904,0,0,0,0,0,0,1461766231542,7203
-2.5804759539,9.5141579052,-1.6409103984,0.010421,0.019192,0.000905,0,0,0,0,0,0,1461766231552,7213
-2.6180350404,9.46807692675,-1.6129225047,0.006765,0.021529,0.000945,0,0,0,0,0,0,1461766231561,7222
-2.6285084358,9.4875233154,-1.5358626348,-0.004110,0.028474,-0.010112,0,0,0,0,0,0,1461766231571,7232
-2.61892743645,9.506077308,-1.58374801845,-0.000497,0.033208,-0.008839,0,0,0,0,0,0,1461766231580,7241
-2.60935624365,9.5057831115,-1.6126283082,-0.000346,0.035453,-0.027456,0,0,0,0,0,0,1461766231590,7251
-2.5417204683,9.4665765246,-1.5826987176,-0.013799,0.035447,-0.017449,0,0,0,0,0,0,1461766231600,7261
-2.5417204683,9.4665765246,-1.5826987176,-0.002920,0.049620,-0.018598,0,0,0,0,0,0,1461766231609,7270
-2.4815670906,9.35165356515,-1.62040490235,0.000767,0.043744,-0.019921,0,0,0,0,0,0,1461766231619,7280
-2.3947791231,9.33070677435,-1.6575226941,0.009213,0.039135,-0.010071,0,0,0,0,0,0,1461766231629,7290
-2.3769704283,9.3776899554,-1.62848549955,0.005610,0.023836,-0.006484,0,0,0,0,0,0,1461766231638,7299
-2.37786282435,9.4432369356,-1.7053982712,0.004342,0.028563,-0.002699,0,0,0,0,0,0,1461766231648,7309
-2.37831392565,9.43440123405,-1.6187672085,0.000696,0.030893,-0.003897,0,0,0,0,0,0,1461766231657,7318
-2.37831392565,9.43440123405,-1.6187672085,0.001752,0.048609,0.004981,0,0,0,0,0,0,1461766231667,7328
-2.4152748126,9.378592158,-1.60993150695,0.032262,0.035760,-0.002761,0,0,0,0,0,0,1461766231677,7338
-2.3881891215,9.4439822334,-1.59018111525,0.033413,0.035811,0.004690,0,0,0,0,0,0,1461766231686,7347
-2.39851541865,9.4819924212,-1.5903282135,0.036960,0.045283,0.010985,0,0,0,0,0,0,1461766231696,7357
-2.40016291905,9.55770879375,-1.58045301765,0.045452,0.041814,0.014635,0,0,0,0,0,0,1461766231706,7367
-2.4290432088,9.54917709525,-1.5617519268,0.056411,0.021904,0.023070,0,0,0,0,0,0,1461766231715,7376
-2.42754280665,9.4830319155,-1.56189902505,0.061441,0.006557,0.011702,0,0,0,0,0,0,1461766231725,7386
-2.49383508465,9.4468261329,-1.52449684335,0.050570,-0.002928,0.009172,0,0,0,0,0,0,1461766231734,7395
-2.49383508465,9.4468261329,-1.52449684335,0.044521,-0.006496,0.007923,0,0,0,0,0,0,1461766231744,7405
-2.49412928115,9.4471203294,-1.48603555425,0.045794,-0.007705,0.001691,0,0,0,0,0,0,1461766231753,7414
-2.50385737875,9.4472772342,-1.47630745665,0.036106,-0.004257,-0.004438,0,0,0,0,0,0,1461766231763,7424
-2.56147086,9.43963793175,-1.41944907975,0.017868,-0.000821,-0.005553,0,0,0,0,0,0,1461766231773,7434
-2.5807701504,9.4492189311,-1.41974327625,0.022676,0.009796,-0.005468,0,0,0,0,0,0,1461766231782,7443
-2.57179715715,9.4589470287,-1.36198269675,0.015358,0.014469,-0.005384,0,0,0,0,0,0,1461766231792,7453
-2.58107415345,9.4403930361,-1.35241150395,-0.000537,0.020322,0.002211,0,0,0,0,0,0,1461766231802,7463
-2.58107415345,9.4403930361,-1.35241150395,-0.002960,0.029692,-0.003892,0,0,0,0,0,0,1461766231811,7472
-2.58990004845,9.4121109459,-1.38143889195,-0.006734,0.040320,0.004935,0,0,0,0,0,0,1461766231821,7482
-2.57134605585,9.4492189311,-1.40044398585,-0.014014,0.048488,-0.001157,0,0,0,0,0,0,1461766231831,7492
-2.5331887698,9.4484736333,-1.3805464959,-0.020016,0.039018,-0.004954,0,0,0,0,0,0,1461766231840,7501
-2.5044555783,9.43859843745,-1.370367297,-0.015152,0.037862,-0.004991,0,0,0,0,0,0,1461766231850,7511
-2.4754281903,9.4378433331,-1.3991004885,-0.019863,0.008399,-0.006518,0,0,0,0,0,0,1461766231859,7520
-2.43681980295,9.43649983575,-1.46583406125,-0.013769,-0.002145,-0.002931,0,0,0,0,0,0,1461766231869,7530
-2.42724861015,9.4363527375,-1.4752581558,-0.010132,-0.013857,0.004384,0,0,0,0,0,0,1461766231878,7539
-2.42724861015,9.4363527375,-1.4752581558,-0.013683,-0.026846,0.000538,0,0,0,0,0,0,1461766231888,7549
-2.4261993093,9.3890655534,-1.4752581558,-0.013724,-0.020953,0.001843,0,0,0,0,0,0,1461766231898,7559
-2.4721331895,9.31454557995,-1.4761603584,-0.017300,-0.022192,-0.005607,0,0,0,0,0,0,1461766231907,7568
-2.4908440869,9.2961386856,-1.4764545549,-0.029438,-0.023435,-0.006803,0,0,0,0,0,0,1461766231917,7578
-2.46270909495,9.32352837975,-1.5047366451,-0.035582,-0.011684,-0.005406,0,0,0,0,0,0,1461766231927,7588
-2.5017685836,9.3619798623,-1.52449684335,-0.025938,0.000149,-0.002847,0,0,0,0,0,0,1461766231936,7597
-2.47437888945,9.43695093705,-1.54334503245,-0.043076,0.001326,0.010920,0,0,0,0,0,0,1461766231946,7607
-2.47437888945,9.43695093705,-1.54334503245,-0.041992,0.013155,0.019736,0,0,0,0,0,0,1461766231955,7616
-2.49548258505,9.52254250545,-1.51461184095,-0.048157,0.004974,0.034591,0,0,0,0,0,0,1461766231965,7626
-2.50475958135,9.5129615061,-1.5434921307,-0.039620,0.009686,0.028385,0,0,0,0,0,0,1461766231975,7636
-2.52405887175,9.52299360675,-1.54379613375,-0.045641,0.004927,0.024637,0,0,0,0,0,0,1461766231984,7645
-2.532443472,9.48498341895,-1.59227971695,-0.040684,0.009578,0.010992,0,0,0,0,0,0,1461766231994,7655
-2.51284017855,9.465674322,-1.60155671325,-0.043099,-0.002176,0.015851,0,0,0,0,0,0,1461766232003,7664
-2.5409751705,9.46597832505,-1.68863887725,-0.040604,0.004834,0.004728,0,0,0,0,0,0,1461766232013,7674
-2.5409751705,9.46597832505,-1.68863887725,-0.039356,0.002470,0.002212,0,0,0,0,0,0,1461766232023,7684
-2.5417204683,9.4851305172,-1.6308881043,-0.039427,0.013081,0.004808,0,0,0,0,0,0,1461766232032,7693
-2.5719442554,9.5518738965,-1.6311823008,-0.026059,0.020186,0.001086,0,0,0,0,0,0,1461766232042,7703
-2.54261286435,9.52299360675,-1.6307311995,-0.027396,0.023786,0.013555,0,0,0,0,0,0,1461766232051,7712
-2.53333586805,9.56010159195,-1.68834468075,-0.029762,0.028425,0.003675,0,0,0,0,0,0,1461766232061,7722
-2.50356318225,9.502939212,-1.67816548185,-0.020056,0.021446,0.009765,0,0,0,0,0,0,1461766232071,7732
-2.48455808835,9.50263520895,-1.6587190932,-0.000523,0.016786,0.002163,0,0,0,0,0,0,1461766232080,7741
-2.43652560645,9.482737719,-1.62938770215,-0.001763,0.015626,0.005885,0,0,0,0,0,0,1461766232090,7751
-2.43652560645,9.482737719,-1.62938770215,0.008086,0.005025,-0.002972,0,0,0,0,0,0,1461766232099,7760
-2.4646605984,9.47360782095,-1.67787128535,0.010536,-0.016094,0.006734,0,0,0,0,0,0,1461766232109,7770
-2.454775596,9.44532573075,-1.639262898,0.014242,-0.014943,-0.000727,0,0,0,0,0,0,1461766232119,7780
-2.4254540115,9.40702134645,-1.6388117967,0.006961,-0.010290,-0.004369,0,0,0,0,0,0,1461766232128,7789
-2.45507959905,9.43620563925,-1.5912304161,0.010595,-0.020824,0.002957,0,0,0,0,0,0,1461766232138,7799
-2.51313437505,9.4658312268,-1.5726764235,0.015427,-0.010220,0.000558,0,0,0,0,0,0,1461766232148,7809
-2.51119267815,9.37156086165,-1.55336732655,0.021503,-0.005497,-0.001908,0,0,0,0,0,0,1461766232157,7818
-2.51119267815,9.37156086165,-1.55336732655,0.009276,0.009750,-0.001688,0,0,0,0,0,0,1461766232167,7828
-2.5207736775,9.3812791527,-1.56325232895,0.003058,0.019205,0.009625,0,0,0,0,0,0,1461766232176,7837
-2.49189338775,9.3712568586,-1.5629483259,0.004225,0.022764,0.013383,0,0,0,0,0,0,1461766232186,7847
-2.48261639145,9.3709626621,-1.55307313005,-0.004401,0.029846,0.023440,0,0,0,0,0,0,1461766232196,7857
-2.4932368851,9.43724513355,-1.58210051805,-0.012778,0.027371,0.009788,0,0,0,0,0,0,1461766232205,7866
-2.4751339938,9.4932111144,-1.6106866113,-0.004165,0.014432,0.004639,0,0,0,0,0,0,1461766232215,7876
-2.4751339938,9.4932111144,-1.6106866113,0.005690,0.000307,-0.003014,0,0,0,0,0,0,1461766232225,7886
-2.47557528855,9.51206911005,-1.59137751435,0.009397,-0.005583,-0.006821,0,0,0,0,0,0,1461766232234,7895
-2.50385737875,9.4751082231,-1.57252932525,0.017961,-0.017316,-0.006987,0,0,0,0,0,0,1461766232244,7905
-2.42650331235,9.44487462945,-1.60036031415,0.031322,-0.024285,-0.002157,0,0,0,0,0,0,1461766232253,7914
-2.4452044032,9.40792354905,-1.5331756401,0.038681,-0.036031,-0.003559,0,0,0,0,0,0,1461766232263,7924
-2.42679750885,9.44503153425,-1.5714800244,0.044756,-0.048908,0.003731,0,0,0,0,0,0,1461766232273,7934
-2.4842540853,9.44652212985,-1.53377383965,0.034994,-0.058314,0.013621,0,0,0,0,0,0,1461766232282,7943
-2.4842540853,9.44652212985,-1.53377383965,0.025194,-0.051267,0.018714,0,0,0,0,0,0,1461766232292,7953
-2.50281788445,9.4092670464,-1.51476874575,0.023894,-0.038309,0.021341,0,0,0,0,0,0,1461766232301,7962
-2.51284017855,9.40986524595,-1.4475840717,0.017812,-0.044203,0.025037,0,0,0,0,0,0,1461766232311,7972
-2.59768644915,9.3645295653,-1.45849876185,0.015369,-0.021913,0.014097,0,0,0,0,0,0,1461766232321,7982
-2.5498010655,9.37275726075,-1.49621475315,0.005705,-0.005574,-0.001838,0,0,0,0,0,0,1461766232330,7991
-2.61908434125,9.4782463191,-1.4878301529,-0.002936,0.010903,0.004589,0,0,0,0,0,0,1461766232340,8001
-2.53349277285,9.5045867124,-1.50549174945,-0.005420,0.008581,0.012031,0,0,0,0,0,0,1461766232349,8010
-2.53453226715,9.5331629991,-1.44773116995,-0.011402,0.008485,0.000877,0,0,0,0,0,0,1461766232359,8020
-2.53453226715,9.5331629991,-1.44773116995,-0.013914,0.014396,0.007164,0,0,0,0,0,0,1461766232369,8030
-2.52570637215,9.5892760782,-1.50533484465,-0.015161,0.024971,0.004796,0,0,0,0,0,0,1461766232378,8039
-2.54380926345,9.5424399954,-1.5152100405,-0.017539,0.027270,-0.002624,0,0,0,0,0,0,1461766232388,8049
-2.5521938637,9.4860327198,-1.49621475315,-0.021215,0.033138,-0.002545,0,0,0,0,0,0,1461766232397,8058
-2.5505463633,9.41988754005,-1.5346662357,-0.024955,0.043745,0.002553,0,0,0,0,0,0,1461766232407,8068
-2.5126930803,9.43769623485,-1.54379613375,-0.022512,0.052974,-0.007258,0,0,0,0,0,0,1461766232417,8078
-2.44609679925,9.4456297338,-1.523741739,-0.022523,0.052981,-0.006015,0,0,0,0,0,0,1461766232426,8087
-2.45462849775,9.4080706473,-1.56235012635,-0.026185,0.054149,-0.004742,0,0,0,0,0,0,1461766232436,8097
-2.45462849775,9.4080706473,-1.56235012635,-0.027388,0.049441,-0.003543,0,0,0,0,0,0,1461766232445,8106
-2.42485581195,9.37873925625,-1.6195125063,-0.015244,0.047159,-0.001142,0,0,0,0,0,0,1461766232455,8116
-2.42724861015,9.482737719,-1.60036031415,-0.006661,0.029549,-0.000127,0,0,0,0,0,0,1461766232465,8126
-2.3510811363,9.49067121795,-1.5605555277,-0.002935,0.010737,0.000902,0,0,0,0,0,0,1461766232474,8135
-2.321602647,9.4427858343,-1.55068033185,0.011821,-0.013952,-0.005641,0,0,0,0,0,0,1461766232484,8145
-2.38610032635,9.34971186825,-1.59018111525,0.006946,-0.035085,0.007830,0,0,0,0,0,0,1461766232494,8155
-2.38610032635,9.34971186825,-1.59018111525,-0.002878,-0.036235,0.020293,0,0,0,0,0,0,1461766232503,8164
-2.405546715,9.3595870641,-1.5807570207,-0.001657,-0.032712,0.017839,0,0,0,0,0,0,1461766232513,8174
-2.50236678315,9.3999900501,-1.5339209379,-0.015094,-0.018649,0.018053,0,0,0,0,0,0,1461766232522,8183
-2.5231664757,9.4758535209,-1.52479103985,-0.010260,0.000167,0.010770,0,0,0,0,0,0,1461766232532,8193
-2.5517427624,9.45789772785,-1.477062561,-0.020100,0.015453,0.015948,0,0,0,0,0,0,1461766232542,8203
-2.5517427624,9.45789772785,-1.477062561,-0.023661,0.020072,0.003589,0,0,0,0,0,0,1461766232551,8212
-2.5222642731,9.4380002379,-1.55352423135,-0.023783,0.036583,0.008732,0,0,0,0,0,0,1461766232561,8222
-2.54157337005,9.44771852895,-1.55381842785,-0.031053,0.036533,0.006282,0,0,0,0,0,0,1461766232570,8231
-2.51478187545,9.54154759935,-1.5629483259,-0.026318,0.047203,0.015067,0,0,0,0,0,0,1461766232580,8241
-2.5351304667,9.5892760782,-1.52479103985,-0.016534,0.036646,0.013664,0,0,0,0,0,0,1461766232590,8251
-2.50550487915,9.56010159195,-1.5819534198,-0.009158,0.026064,0.009788,0,0,0,0,0,0,1461766232599,8260
-2.47737969375,9.57865558455,-1.5334698366,-0.002992,0.011951,0.007125,0,0,0,0,0,0,1461766232609,8270
-2.47737969375,9.57865558455,-1.5334698366,-0.004164,0.007222,0.004596,0,0,0,0,0,0,1461766232618,8279
-2.53259057025,9.50383160805,-1.62085600365,-0.000456,-0.001016,0.002005,0,0,0,0,0,0,1461766232628,8289
-2.532443472,9.4758535209,-1.5633994272,0.014216,-0.008047,-0.004356,0,0,0,0,0,0,1461766232638,8299
-2.4844109901,9.45595603095,-1.55307313005,0.011893,-0.008132,-0.016770,0,0,0,0,0,0,1461766232647,8308
-2.4737806899,9.4085217486,-1.54334503245,0.017943,-0.006911,-0.014303,0,0,0,0,0,0,1461766232657,8318
-2.51238907725,9.43740203835,-1.5919757139,0.006973,-0.004594,-0.011739,0,0,0,0,0,0,1461766232667,8328
-2.51238907725,9.43740203835,-1.5919757139,0.010472,-0.003435,0.003199,0,0,0,0,0,0,1461766232676,8337
-2.5020627801,9.3902619525,-1.5629483259,0.003092,0.008325,0.007086,0,0,0,0,0,0,1461766232686,8347
-2.5117908777,9.39056595555,-1.514915844,-0.005291,0.002332,-0.004118,0,0,0,0,0,0,1461766232696,8357
-2.5421715696,9.46688052765,-1.5250950429,-0.004132,0.014110,-0.004002,0,0,0,0,0,0,1461766232705,8366
-2.54141646525,9.45715243005,-1.5826987176,0.006822,0.015325,-0.006530,0,0,0,0,0,0,1461766232715,8376
-2.4944332842,9.48453231765,-1.5532202283,0.000808,0.019946,-0.016392,0,0,0,0,0,0,1461766232724,8385
-2.46555299445,9.4649290242,-1.5431979342,-0.000341,0.015202,-0.021405,0,0,0,0,0,0,1461766232734,8395
-2.48365588575,9.4368038388,-1.6012527102,0.005720,0.014069,-0.018963,0,0,0,0,0,0,1461766232743,8404
-2.48365588575,9.4368038388,-1.6012527102,0.003251,0.017604,-0.016428,0,0,0,0,0,0,1461766232753,8414
-2.4447533019,9.38891845515,-1.5524749305,0.010446,0.020052,-0.006499,0,0,0,0,0,0,1461766232763,8424
-2.45537379555,9.44577683205,-1.56235012635,0.011664,0.030616,-0.012607,0,0,0,0,0,0,1461766232772,8433
-2.39822122215,9.44458043295,-1.5229964412,0.006816,0.021197,-0.008952,0,0,0,0,0,0,1461766232782,8443
-2.40824351625,9.46387972335,-1.52314353945,0.003197,0.017640,-0.010213,0,0,0,0,0,0,1461766232791,8452
-2.3971719213,9.40672714995,-1.56144792375,0.003139,0.016507,-0.002768,0,0,0,0,0,0,1461766232801,8462
-2.38713982065,9.37844505975,-1.51312124535,-0.002910,0.015287,-0.005235,0,0,0,0,0,0,1461766232811,8472
-2.40614491455,9.37873925625,-1.55187673095,0.006796,0.016517,-0.004028,0,0,0,0,0,0,1461766232820,8481
-2.40614491455,9.37873925625,-1.55187673095,0.010466,0.004785,-0.000441,0,0,0,0,0,0,1461766232830,8491
-2.46225799365,9.332501373,-1.6009585137,0.003271,-0.004764,-0.004235,0,0,0,0,0,0,1461766232840,8501
-2.49189338775,9.3616856658,-1.5532202283,-0.011436,0.001119,0.007082,0,0,0,0,0,0,1461766232849,8510
-2.47557528855,9.4936622157,-1.5334698366,0.006853,-0.004703,0.003202,0,0,0,0,0,0,1461766232859,8520
-2.4577764003,9.5404982985,-1.5140136414,0.008080,-0.009399,0.004390,0,0,0,0,0,0,1461766232868,8529
-2.5340909724,9.5235918063,-1.4863395573,0.011764,-0.015276,0.003066,0,0,0,0,0,0,1461766232878,8539
-2.53304167155,9.4855816185,-1.4959107501,0.004530,-0.016525,-0.003124,0,0,0,0,0,0,1461766232888,8549
-2.53304167155,9.4855816185,-1.4959107501,0.004483,-0.000065,-0.006678,0,0,0,0,0,0,1461766232897,8558
-2.5619219613,9.48647401455,-1.47720965925,0.000809,0.001109,-0.004164,0,0,0,0,0,0,1461766232907,8568
-2.58840945285,9.3923605542,-1.5161122431,-0.006476,0.015150,-0.012679,0,0,0,0,0,0,1461766232916,8577
-2.56161795825,9.47690282175,-1.4963618514,-0.019860,0.026829,-0.017461,0,0,0,0,0,0,1461766232926,8587
-2.5424657661,9.47645172045,-1.49605784835,-0.016181,0.022130,-0.018771,0,0,0,0,0,0,1461766232936,8597
-2.5424657661,9.47645172045,-1.49605784835,-0.017413,0.023308,-0.017511,0,0,0,0,0,0,1461766232945,8606
-2.44609679925,9.4456297338,-1.5140136414,-0.017340,0.010351,-0.018888,0,0,0,0,0,0,1461766232955,8616
-2.41706941125,9.43575453795,-1.5327245388,-0.011397,0.011646,-0.003994,0,0,0,0,0,0,1461766232964,8625
-2.4347310078,9.36991336125,-1.55232783225,-0.021099,0.013931,-0.007649,0,0,0,0,0,0,1461766232974,8635
-2.46316019625,9.37964145885,-1.6009585137,-0.017443,0.012762,-0.005212,0,0,0,0,0,0,1461766232984,8645
-2.49189338775,9.37110976035,-1.57252932525,-0.023637,0.015161,0.007269,0,0,0,0,0,0,1461766232993,8654
-2.49189338775,9.37110976035,-1.57252932525,-0.021180,0.016328,0.003540,0,0,0,0,0,0,1461766233003,8664
-2.4645036936,9.4363527375,-1.6106866113,-0.012597,0.016318,-0.005200,0,0,0,0,0,0,1461766233013,8674
-2.45627599815,9.4836399216,-1.54305083595,-0.011421,0.004617,0.005855,0,0,0,0,0,0,1461766233022,8683
-2.4100381149,9.58599088395,-1.619061405,0.006950,-0.004780,-0.005517,0,0,0,0,0,0,1461766233032,8693
-2.42993560485,9.59630737455,-1.58090411895,0.009502,-0.014238,-0.014325,0,0,0,0,0,0,1461766233041,8702
-2.42769971145,9.5017428129,-1.60993150695,0.010752,-0.021295,-0.014404,0,0,0,0,0,0,1461766233051,8712
-2.42769971145,9.5017428129,-1.60993150695,0.014395,-0.029489,-0.009539,0,0,0,0,0,0,1461766233061,8722
-2.43697670775,9.4644779229,-1.51386654315,0.024226,-0.036558,-0.018359,0,0,0,0,0,0,1461766233070,8731
-2.4252971067,9.369766263,-1.54259973465,0.015593,-0.025952,-0.009507,0,0,0,0,0,0,1461766233080,8741
-2.44386090585,9.33264847125,-1.5044424486,0.002078,-0.020049,0.004291,0,0,0,0,0,0,1461766233089,8750
-2.4618166989,9.2763882939,-1.5048935499,-0.004145,-0.011764,0.016834,0,0,0,0,0,0,1461766233099,8760
-2.4618166989,9.2763882939,-1.5048935499,-0.014028,0.005900,0.025766,0,0,0,0,0,0,1461766233109,8770
-2.463013098,9.3422294706,-1.52404574205,-0.015196,0.009382,0.018353,0,0,0,0,0,0,1461766233118,8779
-2.46510189315,9.4459239303,-1.5431979342,-0.022574,0.014100,0.025895,0,0,0,0,0,0,1461766233128,8789
-2.46720049485,9.54064539675,-1.53332273835,-0.011402,0.004584,0.008311,0,0,0,0,0,0,1461766233138,8799
-2.4673475931,9.5593464876,-1.56235012635,-0.010181,0.003412,0.008293,0,0,0,0,0,0,1461766233147,8808
-2.4588158946,9.59720957715,-1.5331756401,-0.014986,-0.006036,0.006976,0,0,0,0,0,0,1461766233157,8818
-2.43936950595,9.58703037825,-1.54259973465,0.004602,-0.022469,-0.000748,0,0,0,0,0,0,1461766233166,8827
-2.4673475931,9.5593464876,-1.56235012635,-0.005178,-0.025996,0.007962,0,0,0,0,0,0,1461766233176,8837
-2.4673475931,9.5593464876,-1.56235012635,-0.007764,-0.007127,0.015628,0,0,0,0,0,0,1461766233186,8847
-2.48485228485,9.48408121635,-1.57237242045,-0.022327,-0.002517,0.010779,0,0,0,0,0,0,1461766233195,8856
-2.54141646525,9.44771852895,-1.56354652545,-0.011433,0.019859,0.003502,0,0,0,0,0,0,1461766233205,8866
-2.5125361755,9.43769623485,-1.56309542415,-0.021155,0.019813,0.003550,0,0,0,0,0,0,1461766233214,8875
-2.4939821829,9.47496112485,-1.58210051805,-0.029675,0.031516,-0.001255,0,0,0,0,0,0,1461766233224,8885
-2.3890913241,9.4912694175,-1.5996052098,-0.019972,0.024536,0.004837,0,0,0,0,0,0,1461766233234,8895
-2.34883543635,9.38681985345,-1.56070262595,-0.018717,0.020995,0.002310,0,0,0,0,0,0,1461766233243,8904
-2.3465897364,9.3013753833,-1.62819130305,-0.000533,0.015248,0.010857,0,0,0,0,0,0,1461766233253,8914
-2.3465897364,9.3013753833,-1.62819130305,0.003030,0.005935,0.025652,0,0,0,0,0,0,1461766233262,8923
-2.36499663075,9.2642673981,-1.6093333074,-0.004209,-0.004695,0.025578,0,0,0,0,0,0,1461766233272,8933
-2.3762251305,9.33070677435,-1.6093333074,0.003200,-0.017646,0.019193,0,0,0,0,0,0,1461766233282,8943
-2.38729672545,9.4157001432,-1.62864240435,0.008141,-0.031757,0.017778,0,0,0,0,0,0,1461766233291,8952
-2.41826581035,9.52014970725,-1.62893660085,0.005795,-0.041221,0.018892,0,0,0,0,0,0,1461766233301,8962
-2.45747239725,9.54035120025,-1.5622030281,-0.000351,-0.040029,0.026391,0,0,0,0,0,0,1461766233310,8971
-2.5150858785,9.53256479955,-1.48603555425,0.008172,-0.041173,0.025093,0,0,0,0,0,0,1461766233320,8981
-2.55324316455,9.52403310105,-1.4866337538,0.025166,-0.028172,0.020173,0,0,0,0,0,0,1461766233330,8991
-2.55324316455,9.52403310105,-1.4866337538,0.020348,-0.030571,0.016444,0,0,0,0,0,0,1461766233339,9000
-2.5421715696,9.46688052765,-1.5153669453,0.021557,-0.029388,0.016450,0,0,0,0,0,0,1461766233349,9010
-2.5714931541,9.48663091935,-1.4773567575,0.009365,-0.008300,0.009275,0,0,0,0,0,0,1461766233359,9020
-2.55308625975,9.5238860028,-1.49605784835,-0.005182,-0.007222,0.004389,0,0,0,0,0,0,1461766233368,9029
-2.5623730626,9.5146090065,-1.49621475315,-0.008826,0.005666,-0.002914,0,0,0,0,0,0,1461766233378,9039
-2.5623730626,9.5146090065,-1.49621475315,-0.018560,0.007974,-0.002841,0,0,0,0,0,0,1461766233387,9048
-2.5044555783,9.48498341895,-1.4954596488,-0.014944,0.016224,-0.004017,0,0,0,0,0,0,1461766233397,9058
-2.5044555783,9.48498341895,-1.4954596488,-0.014938,0.012700,-0.002811,0,0,0,0,0,0,1461766233407,9068
-2.5138894794,9.4851305172,-1.4956165536,-0.001641,0.018679,0.002154,0,0,0,0,0,0,1461766233417,9078
-2.4956296833,9.5319666,-1.52433993855,-0.000298,0.000997,-0.003008,0,0,0,0,0,0,1461766233426,9087
-2.42873920575,9.5210421033,-1.5232906377,0.005797,-0.007200,-0.000639,0,0,0,0,0,0,1461766233436,9097
